Date,Open,High,Low,Close,Volume,Dividends,Stock Splits
2004-08-19 00:00:00-04:00,2.4805075283482223,2.581215643676131,2.380294273451942,2.488940715789795,893181924,0.0,0.0
2004-08-20 00:00:00-04:00,2.5055605330860438,2.705737498830779,2.4929096876436994,2.6866369247436523,456686856,0.0,0.0
2004-08-23 00:00:00-04:00,2.7471619919110366,2.8148794078934913,2.7049929849345746,2.713674783706665,365122512,0.0,0.0
2004-08-24 00:00:00-04:00,2.759316282910154,2.768246221493962,2.5690613501000383,2.6013073921203613,304946748,0.0,0.0
2004-08-25 00:00:00-04:00,2.6035407658497633,2.678948141810194,2.5767514214990292,2.629338026046753,183772044,0.0,0.0
2004-08-26 00:00:00-04:00,2.6032919256024436,2.677707217635574,2.5960987246582845,2.6767148971557617,141897960,0.0,0.0
2004-08-27 00:00:00-04:00,2.6814282014123236,2.694326950083828,2.6216483940352813,2.6330580711364746,124235640,0.0,0.0
2004-08-30 00:00:00-04:00,2.6114786387859383,2.6166874355851193,2.5303659439086914,2.5303659439086914,103935960,0.0,0.0
2004-08-31 00:00:00-04:00,2.5375589331743047,2.572533799404508,2.534086638588503,2.5392954349517822,98357544,0.0,0.0
2004-09-01 00:00:00-04:00,2.5474810074691465,2.5541786391867367,2.4723215318484084,2.486708879470825,182765052,0.0,0.0
2004-09-02 00:00:00-04:00,2.460415194239856,2.539295579274233,2.4542140770337095,2.51796293258667,302373324,0.0,0.0
2004-09-03 00:00:00-04:00,2.504071908261782,2.5236680515790026,2.463639398280675,2.480755567550659,103048848,0.0,0.0
2004-09-07 00:00:00-04:00,2.5055605993673633,2.530117873298317,2.47083363541321,2.5196993350982666,116950932,0.0,0.0
2004-09-08 00:00:00-04:00,2.4988630219379235,2.55566634162594,2.492909807731657,2.5375590324401855,99712188,0.0,0.0
2004-09-09 00:00:00-04:00,2.5432643942014193,2.5477287732177833,2.5053130369086882,2.537806749343872,81234684,0.0,0.0
2004-09-10 00:00:00-04:00,2.5201957446791363,2.64322883046959,2.512753695666572,2.612718343734741,173977848,0.0,0.0
2004-09-13 00:00:00-04:00,2.644964368659599,2.689118020805163,2.6407478929184083,2.6665451526641846,156882960,0.0,0.0
2004-09-14 00:00:00-04:00,2.665305389302684,2.778168557862778,2.6489334001249416,2.7655177116394043,216579204,0.0,0.0
2004-09-15 00:00:00-04:00,2.7424489203068756,2.8334836248022044,2.7335189818604446,2.778168201446533,214261524,0.0,0.0
2004-09-16 00:00:00-04:00,2.7866014874428915,2.8724273990045237,2.7694862638214994,2.8270339965820312,185326488,0.0,0.0
2004-09-17 00:00:00-04:00,2.8381960931706742,2.9143478870391846,2.8166164903165263,2.9143478870391846,189450360,0.0,0.0
2004-09-20 00:00:00-04:00,2.9009538428610635,3.0162969893300606,2.8964885184378577,2.9607338905334473,212575212,0.0,0.0
2004-09-21 00:00:00-04:00,2.9718955975639783,2.9870273622396635,2.9148443782310625,2.923029899597168,144575280,0.0,0.0
2004-09-22 00:00:00-04:00,2.912115828199692,2.9684235804908536,2.8974805768770553,2.9364242553710938,151624224,0.0,0.0
2004-09-23 00:00:00-04:00,2.9478348873436437,3.041846323735094,2.9026891497167817,2.9969494342803955,170713116,0.0,0.0
2004-09-24 00:00:00-04:00,2.9999256031484705,3.078309696820378,2.970655342205997,2.9723918437957764,182469348,0.0,0.0
2004-09-27 00:00:00-04:00,2.965694589271973,2.998437148579839,2.9220376859794475,2.9334475994110107,141322536,0.0,0.0
2004-09-28 00:00:00-04:00,3.008855900685652,3.160166225833216,2.981817707487507,3.1467719078063965,338581080,0.0,0.0
2004-09-29 00:00:00-04:00,3.1428033565200293,3.3491814602202896,3.1311448303638874,3.2514491081237793,610329060,0.0,0.0
2004-09-30 00:00:00-04:00,3.222179226035506,3.2817113653435395,3.1998542602296576,3.2147371768951416,275160564,0.0,0.0
2004-10-01 00:00:00-04:00,3.244503294046532,3.3298326949705452,3.1973740966364015,3.288656711578369,302497200,0.0,0.0
2004-10-04 00:00:00-04:00,3.3548869393783236,3.3950706077342985,3.3246243504418405,3.3501737117767334,260455284,0.0,0.0
2004-10-05 00:00:00-04:00,3.3402506626025485,3.436246488110849,3.2802220179414925,3.4322776794433594,299464236,0.0,0.0
2004-10-06 00:00:00-04:00,3.4119375676968713,3.4342625329366054,3.3734894628386325,3.4002788066864014,267628104,0.0,0.0
2004-10-07 00:00:00-04:00,3.3963102186010263,3.4697341386245153,3.3871326126230605,3.4441847801208496,282301416,0.0,0.0
2004-10-08 00:00:00-04:00,3.440959143647739,3.464771998245569,3.3987910786909166,3.416402816772461,221390388,0.0,0.0
2004-10-11 00:00:00-04:00,3.3982946401915655,3.4444327001063337,3.320159619608467,3.3551344871520996,209442348,0.0,0.0
2004-10-12 00:00:00-04:00,3.33479373866449,3.4134266931111656,3.3089964767583075,3.408216714859009,233310456,0.0,0.0
2004-10-13 00:00:00-04:00,3.5550635903314904,3.5607679563963064,3.4746953161335217,3.49503493309021,395324280,0.0,0.0
2004-10-14 00:00:00-04:00,3.4977637114631754,3.5317462583477073,3.436990637342205,3.5223209857940674,208842948,0.0,0.0
2004-10-15 00:00:00-04:00,3.5949994299549877,3.6091379291486243,3.521079706397451,3.5746586322784424,263895840,0.0,0.0
2004-10-18 00:00:00-04:00,3.552086917787017,3.700917029993303,3.5027244681664986,3.699924945831299,280726992,0.0,0.0
2004-10-19 00:00:00-04:00,3.7331631837234776,3.780293087899399,3.655026987527331,3.6696622371673584,362197440,0.0,0.0
2004-10-20 00:00:00-04:00,3.671894311870324,3.6957071668520562,3.4627876495216023,3.4848647117614746,454453092,0.0,0.0
2004-10-21 00:00:00-04:00,3.581852974738572,3.7239854548914995,3.5128943817720004,3.7053816318511963,582996420,0.0,0.0
2004-10-22 00:00:00-04:00,4.230257414442483,4.469130398134185,4.070016201804847,4.277138710021973,1474200324,0.0,0.0
2004-10-25 00:00:00-04:00,4.375614636617073,4.822850835656413,4.280115541263472,4.648471355438232,1309257432,0.0,0.0
2004-10-26 00:00:00-04:00,4.622176547327278,4.778448446884316,4.464913036416014,4.509562015533447,891391716,0.0,0.0
2004-10-27 00:00:00-04:00,4.532383971488681,4.701058146878428,4.508818779944985,4.61299991607666,533725740,0.0,0.0
2004-10-28 00:00:00-04:00,4.6306107758381385,4.821858022128373,4.603821670029428,4.7948198318481445,593278128,0.0,0.0
2004-10-29 00:00:00-04:00,4.933480981176024,4.959774756600075,4.727847313257655,4.72883939743042,845653500,0.0,0.0
2004-11-01 00:00:00-05:00,4.801022504585252,4.903219465764455,4.744467088261272,4.862538814544678,488507004,0.0,0.0
2004-11-02 00:00:00-05:00,4.930751525853362,4.942410286368203,4.7958120192467115,4.833764553070068,453398148,0.0,0.0
2004-11-03 00:00:00-05:00,4.9158688251909775,5.000702657462613,4.731568037094861,4.754388809204102,554992452,0.0,0.0
2004-11-04 00:00:00-05:00,4.674268165825293,4.722885962199443,4.548009738954377,4.581496715545654,575807616,0.0,0.0
2004-11-05 00:00:00-05:00,4.514027200024818,4.521964819152569,4.18089533587813,4.20073938369751,792530676,0.0,0.0
2004-11-08 00:00:00-05:00,4.23993170269396,4.351801843616002,4.201979636034263,4.280115604400635,447224328,0.0,0.0
2004-11-09 00:00:00-05:00,4.318563044679679,4.345848430646056,4.099534594069191,4.1846160888671875,442125432,0.0,0.0
2004-11-10 00:00:00-05:00,4.233481322950309,4.279370529094037,4.12582720209182,4.1637797355651855,425334240,0.0,0.0
2004-11-11 00:00:00-05:00,4.195281542231153,4.557932030863564,4.156585532635108,4.539824485778809,598820580,0.0,0.0
2004-11-12 00:00:00-05:00,4.594642676610388,4.708002574222966,4.400418714210136,4.514523029327393,669174156,0.0,0.0
2004-11-15 00:00:00-05:00,4.476075566609066,4.671291157906131,4.433906556253974,4.5857133865356445,475583940,0.0,0.0
2004-11-16 00:00:00-05:00,4.402900247558989,4.451765704722566,4.237450025136758,4.279867172241211,835859304,0.0,0.0
2004-11-17 00:00:00-05:00,4.192553630216504,4.40290051363266,4.192056879188014,4.27887487411499,724590684,0.0,0.0
2004-11-18 00:00:00-05:00,4.224055520211552,4.3265001290225795,4.110943763175837,4.155841827392578,664518816,0.0,0.0
2004-11-19 00:00:00-05:00,4.1945373444174585,4.216366028543485,4.130540127025455,4.20197868347168,350421228,0.0,0.0
2004-11-22 00:00:00-05:00,4.079691217269916,4.204460824473094,4.001307104670213,4.09531831741333,494233272,0.0,0.0
2004-11-23 00:00:00-05:00,4.166507927622202,4.237450692958336,4.130045169708178,4.155345916748047,496035468,0.0,0.0
2004-11-24 00:00:00-05:00,4.336423069844365,4.395707543220576,4.279123237455682,4.334934234619141,610628760,0.0,0.0
2004-11-26 00:00:00-05:00,4.360731585192046,4.465657610024554,4.348825156314378,4.449782371520996,258944796,0.0,0.0
2004-11-29 00:00:00-05:00,4.473843701851064,4.538088126241059,4.403148603162194,4.4909586906433105,426237336,0.0,0.0
2004-11-30 00:00:00-05:00,4.482523834939565,4.539327851903755,4.4711136873019415,4.514026165008545,307692000,0.0,0.0
2004-12-01 00:00:00-05:00,4.513282336583743,4.526925738460032,4.453750671651777,4.463921070098877,314249436,0.0,0.0
2004-12-02 00:00:00-05:00,4.462432556805078,4.502368790598737,4.428945579300128,4.4500298500061035,250185564,0.0,0.0
2004-12-03 00:00:00-05:00,4.463672916280074,4.491206916760156,4.405380996046463,4.4748358726501465,234533232,0.0,0.0
2004-12-06 00:00:00-05:00,4.443332666987482,4.482276341651808,4.366188789959905,4.372886657714844,249909840,0.0,0.0
2004-12-07 00:00:00-05:00,4.365693098950196,4.370653992988339,4.23050542788773,4.252334117889404,274561164,0.0,0.0
2004-12-08 00:00:00-05:00,4.225543659530097,4.308144229700203,4.185359291785036,4.216366291046143,301370328,0.0,0.0
2004-12-09 00:00:00-05:00,4.223064339022921,4.303680753518991,4.17891115550835,4.301943778991699,305853840,0.0,0.0
2004-12-10 00:00:00-05:00,4.301943757163319,4.3379111821720775,4.248861815878613,4.257791519165039,172515312,0.0,0.0
2004-12-13 00:00:00-05:00,4.27068929600967,4.295742372325291,4.203218600293501,4.228024482727051,192551256,0.0,0.0
2004-12-14 00:00:00-05:00,4.241667367393928,4.435643214894434,4.206940168294378,4.4324188232421875,443092464,0.0,0.0
2004-12-15 00:00:00-05:00,4.415055120720406,4.482029077826734,4.382064420607338,4.459456443786621,458381160,0.0,0.0
2004-12-16 00:00:00-05:00,4.389256756752494,4.477067301338668,4.364451819914606,4.377350330352783,342569088,0.0,0.0
2004-12-17 00:00:00-05:00,4.384544107585545,4.47731555722178,4.379335547536476,4.466897964477539,295152552,0.0,0.0
2004-12-20 00:00:00-05:00,4.514523992403323,4.674764266445175,4.5112986551743575,4.589434623718262,392986620,0.0,0.0
2004-12-21 00:00:00-05:00,4.621433331728391,4.660377956134141,4.549251285117208,4.557932376861572,220431348,0.0,0.0
2004-12-22 00:00:00-05:00,4.5616526854323425,4.6348282284351,4.5395768036913005,4.621184825897217,156123720,0.0,0.0
2004-12-23 00:00:00-05:00,4.64971140143025,4.678237487620433,4.613744446782433,4.6608734130859375,144439416,0.0,0.0
2004-12-27 00:00:00-05:00,4.691878391516606,4.7948197555866505,4.690638640931405,4.760341644287109,243919836,0.0,0.0
2004-12-28 00:00:00-05:00,4.765302573943691,4.801021854041909,4.738016244707718,4.781425476074219,165666168,0.0,0.0
2004-12-29 00:00:00-05:00,4.7571170885294976,4.800278664405267,4.7571170885294976,4.78489875793457,107016876,0.0,0.0
2004-12-30 00:00:00-05:00,4.7866352454858125,4.917110153567241,4.758853578908073,4.901482582092285,235935828,0.0,0.0
2004-12-31 00:00:00-05:00,4.941914749202966,4.95803765268919,4.776464984740244,4.782170295715332,306433260,0.0,0.0
2005-01-03 00:00:00-05:00,4.89652126892959,5.051304826603974,4.848398807841175,5.028236389160156,633134232,0.0,0.0
2005-01-04 00:00:00-05:00,4.995741458650249,5.033693048346843,4.799285642557555,4.824585914611816,549685764,0.0,0.0
2005-01-05 00:00:00-05:00,4.798542349646965,4.884119196431239,4.768280704590879,4.8000311851501465,329134536,0.0,0.0
2005-01-06 00:00:00-05:00,4.838973940433927,4.8593133200929515,4.656408712217117,4.676996231079102,415068516,0.0,0.0
2005-01-07 00:00:00-05:00,4.728838776927585,4.81838487814549,4.6827009608717685,4.808462619781494,386129484,0.0,0.0
2005-01-10 00:00:00-05:00,4.824587016893159,4.913885479261881,4.758358414994642,4.838478088378906,301282416,0.0,0.0
2005-01-11 00:00:00-05:00,4.852368145449054,4.904211754806272,4.791843917159459,4.800773620605469,278069652,0.0,0.0
2005-01-12 00:00:00-05:00,4.820369878226135,4.860057973240194,4.725366589407379,4.846415042877197,326784888,0.0,0.0
2005-01-13 00:00:00-05:00,4.846415966768262,4.896274943224818,4.813425261039062,4.845175743103027,273702024,0.0,0.0
2005-01-14 00:00:00-05:00,4.861794582745108,4.961262961697595,4.815409091130012,4.960270404815674,385226388,0.0,0.0
2005-01-18 00:00:00-05:00,4.985075256102213,5.085536180588213,4.927774953781766,5.0577545166015625,526377096,0.0,0.0
2005-01-19 00:00:00-05:00,5.076357675994111,5.092481997939196,4.879406515794937,4.894040584564209,449857692,0.0,0.0
2005-01-20 00:00:00-05:00,4.774976259387307,4.867995375639497,4.762574025651084,4.810199737548828,359703936,0.0,0.0
2005-01-21 00:00:00-05:00,4.825578413517602,4.845918737357004,4.666330244100017,4.670299053192139,369965664,0.0,0.0
2005-01-24 00:00:00-05:00,4.680469356998503,4.696344594649804,4.47285151677659,4.482773303985596,560347092,0.0,0.0
2005-01-25 00:00:00-05:00,4.513035144984777,4.520477431015143,4.372887058540473,4.393474578857422,425941632,0.0,0.0
2005-01-26 00:00:00-05:00,4.4468054205025345,4.698329249507487,4.443828695272626,4.694112300872803,491823684,0.0,0.0
2005-01-27 00:00:00-05:00,4.682205359442203,4.684685333333841,4.593899477586557,4.665338039398193,264830904,0.0,0.0
2005-01-28 00:00:00-05:00,4.713460257573893,4.829547819709384,4.622177637169397,4.721397876739502,487839672,0.0,0.0
2005-01-31 00:00:00-05:00,4.8044944987837885,4.870724507575299,4.755629035422757,4.852367877960205,383484132,0.0,0.0
2005-02-01 00:00:00-05:00,4.821609994353528,4.878165410328432,4.728591821324713,4.7600932121276855,752806440,0.0,0.0
2005-02-02 00:00:00-05:00,5.346733772177839,5.377739831241538,5.051802111657316,5.108852863311768,1310660028,0.0,0.0
2005-02-03 00:00:00-05:00,5.109596920175306,5.292658899507281,5.105131832458785,5.230397701263428,519004476,0.0,0.0
2005-02-04 00:00:00-05:00,5.1215032133910565,5.153253687039335,5.025507374856663,5.069164276123047,592179228,0.0,0.0
2005-02-07 00:00:00-05:00,5.091490011161548,5.119767010354365,4.849640302034073,4.862538814544678,517897584,0.0,0.0
2005-02-08 00:00:00-05:00,4.8856067413026345,4.961510863726538,4.825330188425688,4.927279472351074,458740800,0.0,0.0
2005-02-09 00:00:00-05:00,4.979866761578816,5.000702893658039,4.699569172155672,4.752155780792236,686173140,0.0,0.0
2005-02-10 00:00:00-05:00,4.761830113765996,4.767783564708548,4.59514057706685,4.662858009338379,758548692,0.0,0.0
2005-02-11 00:00:00-05:00,4.63011519778452,4.770511894081589,4.615479710446487,4.648471355438232,524115360,0.0,0.0
2005-02-14 00:00:00-05:00,4.5356084107108945,4.789364094116893,4.489719195925013,4.7871317863464355,1540945512,0.0,0.0
2005-02-15 00:00:00-05:00,4.802262247426806,4.957045815237099,4.789363734937478,4.8426947593688965,1030280688,0.0,0.0
2005-02-16 00:00:00-05:00,4.829547091563275,4.944394412929103,4.8196248327791675,4.921574115753174,660630708,0.0,0.0
2005-02-17 00:00:00-05:00,4.907188546148755,4.954813789383186,4.8818868528602914,4.908924102783203,416159424,0.0,0.0
2005-02-18 00:00:00-05:00,4.924055903287066,4.932241189235997,4.878165743721662,4.910164833068848,339096564,0.0,0.0
2005-02-22 00:00:00-05:00,4.874196863141057,4.933729007540056,4.7226386249540955,4.746947288513184,538808652,0.0,0.0
2005-02-23 00:00:00-05:00,4.794820231454205,4.824090731496417,4.6797247628243355,4.810944080352783,622816560,0.0,0.0
2005-02-24 00:00:00-05:00,4.548506830244554,4.709243384613732,4.520228411623214,4.685430526733398,1031539428,0.0,0.0
2005-02-25 00:00:00-05:00,4.691878808227192,4.710979382035382,4.601588752918067,4.610518455505371,398541060,0.0,0.0
2005-02-28 00:00:00-05:00,4.613743744395576,4.709739582309529,4.610022601764022,4.663105010986328,312423264,0.0,0.0
2005-03-01 00:00:00-05:00,4.695353083311269,4.706762761876765,4.514524330079459,4.615232467651367,372075552,0.0,0.0
2005-03-02 00:00:00-05:00,4.6125029693328194,4.655167789823805,4.573063958650969,4.593403339385986,291128580,0.0,0.0
2005-03-03 00:00:00-05:00,4.616968594191119,4.657152495726654,4.571822853557029,4.638797283172607,304039656,0.0,0.0
2005-03-04 00:00:00-05:00,4.631107322985159,4.644750253576164,4.590674809650411,4.611263275146484,270693036,0.0,0.0
2005-03-07 00:00:00-05:00,4.657897047247651,4.70304231653303,4.639292749647133,4.683446407318115,346349304,0.0,0.0
2005-03-08 00:00:00-05:00,4.690639037671709,4.709242860360043,4.588194415933734,4.593899726867676,321522156,0.0,0.0
2005-03-09 00:00:00-05:00,4.569342979432573,4.580257324162495,4.468882987069189,4.4984002113342285,453961584,0.0,0.0
2005-03-10 00:00:00-05:00,4.489966817655609,4.494680045024787,4.40041975145653,4.464417457580566,437981580,0.0,0.0
2005-03-11 00:00:00-05:00,4.4758273205314545,4.488477219837559,4.3942183602194955,4.410341262817383,320810868,0.0,0.0
2005-03-14 00:00:00-05:00,4.423488782230951,4.425224811386364,4.280612117537499,4.340639591217041,445418136,0.0,0.0
2005-03-15 00:00:00-05:00,4.348329455260444,4.46491375988396,4.321292207835075,4.430434226989746,416467116,0.0,0.0
2005-03-16 00:00:00-05:00,4.383056441677105,4.430434011653787,4.341136043289833,4.355770111083984,283967748,0.0,0.0
2005-03-17 00:00:00-05:00,4.393723642812452,4.455983433902728,4.3607319939528235,4.447302341461182,330093576,0.0,0.0
2005-03-18 00:00:00-05:00,4.435394943961192,4.474835368737213,4.422992238180837,4.465905666351318,283316400,0.0,0.0
2005-03-21 00:00:00-05:00,4.446805787096746,4.518740641088515,4.396700095708528,4.4867424964904785,299048652,0.0,0.0
2005-03-22 00:00:00-05:00,4.494183024471184,4.513034987525314,4.411582916280267,4.430185794830322,225042732,0.0,0.0
2005-03-23 00:00:00-05:00,4.414559307703503,4.4708670594247,4.414559307703503,4.43961238861084,193606200,0.0,0.0
2005-03-24 00:00:00-05:00,4.482276517492276,4.486245326873732,4.4450688704603705,4.446309566497803,148059792,0.0,0.0
2005-03-28 00:00:00-05:00,4.50658562668735,4.583977637393923,4.48847713829585,4.500135898590088,349170480,0.0,0.0
2005-03-29 00:00:00-05:00,4.49095836490543,4.546274027356834,4.417038879720893,4.454246997833252,258661080,0.0,0.0
2005-03-30 00:00:00-05:00,4.4807893533688645,4.500881067972783,4.454990909316413,4.476076126098633,249194556,0.0,0.0
2005-03-31 00:00:00-05:00,4.414062436508462,4.4993915946080545,4.406372484962887,4.477563381195068,270473256,0.0,0.0
2005-04-01 00:00:00-05:00,4.508570482683819,4.538087703014178,4.464664497745731,4.465905666351318,247032720,0.0,0.0
2005-04-04 00:00:00-04:00,4.4636727324672245,4.596876696071262,4.46094509174579,4.596132278442383,322732944,0.0,0.0
2005-04-05 00:00:00-04:00,4.656656487363862,4.719413020163396,4.652687677962251,4.677492618560791,349118532,0.0,0.0
2005-04-06 00:00:00-04:00,4.694112191799938,4.7042821180120145,4.652935263250599,4.693615913391113,209893896,0.0,0.0
2005-04-07 00:00:00-04:00,4.6827021165784,4.827563437805863,4.679229585249292,4.806231498718262,387300312,0.0,0.0
2005-04-08 00:00:00-04:00,4.804494628438422,4.839469496220348,4.748931295554997,4.763814449310303,204459336,0.0,0.0
2005-04-11 00:00:00-04:00,4.789610668821541,4.832027815313533,4.770511042219859,4.793084144592285,216203580,0.0,0.0
2005-04-12 00:00:00-04:00,4.78737965548362,4.8226021899499845,4.698329344518551,4.811192512512207,292491216,0.0,0.0
2005-04-13 00:00:00-04:00,4.799037887547079,4.820122158249297,4.706266907398873,4.785642623901367,261969768,0.0,0.0
2005-04-14 00:00:00-04:00,4.794076667321203,4.821113914044769,4.71544395587341,4.748930931091309,245861892,0.0,0.0
2005-04-15 00:00:00-04:00,4.715444343253291,4.72139779384604,4.580504819807079,4.588939189910889,462632904,0.0,0.0
2005-04-18 00:00:00-04:00,4.57851956511891,4.66037665547184,4.5514823225887895,4.637803554534912,261749988,0.0,0.0
2005-04-19 00:00:00-04:00,4.69634524523779,4.762574791029515,4.664098014402949,4.747692108154297,336862800,0.0,0.0
2005-04-20 00:00:00-04:00,4.925792023830317,4.973418690786758,4.859563420393271,4.913885593414307,617441940,0.0,0.0
2005-04-21 00:00:00-04:00,4.971432616156513,5.085039241896781,4.94414675891565,5.065691947937012,709365924,0.0,0.0
2005-04-22 00:00:00-04:00,5.529050634684815,5.556336967489,5.314735398715725,5.353183269500732,1326875796,0.0,0.0
2005-04-25 00:00:00-04:00,5.403040830743487,5.574691705350908,5.395598545666062,5.544677734375,792806400,0.0,0.0
2005-04-26 00:00:00-04:00,5.462573493615939,5.506726676145229,5.414699640835298,5.426109790802002,690189120,0.0,0.0
2005-04-27 00:00:00-04:00,5.407257407447353,5.478200166506667,5.376251351783015,5.451658725738525,410181408,0.0,0.0
2005-04-28 00:00:00-04:00,5.444713089732273,5.5087107860571,5.400311772271458,5.4434733390808105,346964688,0.0,0.0
2005-04-29 00:00:00-04:00,5.504493231262166,5.512927600967431,5.403041163224851,5.457116603851318,366441192,0.0,0.0
2005-05-02 00:00:00-04:00,5.507965899855487,5.548893737837995,5.462324362980463,5.513918876647949,390305304,0.0,0.0
2005-05-03 00:00:00-04:00,5.503005935189167,5.659276919614845,5.489859283548964,5.610659122467041,710496792,0.0,0.0
2005-05-04 00:00:00-04:00,5.636456875732801,5.702190609562642,5.63075250953308,5.667959213256836,482856660,0.0,0.0
2005-05-05 00:00:00-04:00,5.6709349183321445,5.6709349183321445,5.602969834328251,5.630254745483398,300083616,0.0,0.0
2005-05-06 00:00:00-04:00,5.6654785659700515,5.686562834888322,5.617604244673191,5.656052112579346,270285444,0.0,0.0
2005-05-09 00:00:00-04:00,5.655556997981494,5.667958758915825,5.591806965089171,5.606442451477051,221250528,0.0,0.0
2005-05-10 00:00:00-04:00,5.592799558777176,5.6505961418151855,5.574196208283844,5.6505961418151855,253578168,0.0,0.0
2005-05-11 00:00:00-04:00,5.679617476491552,5.754280434538842,5.653820452725847,5.7371649742126465,458692848,0.0,0.0
2005-05-12 00:00:00-04:00,5.7252583223965745,5.760482271112092,5.660517626317299,5.6734161376953125,357570072,0.0,0.0
2005-05-13 00:00:00-04:00,5.684826697065229,5.732204270366031,5.638689819800049,5.686315059661865,296323380,0.0,0.0
2005-05-16 00:00:00-04:00,5.697229830841247,5.745351352725941,5.66969630235401,5.731212615966797,227028744,0.0,0.0
2005-05-17 00:00:00-04:00,5.719058726508807,5.790744969791362,5.710128549937432,5.782807350158691,312043644,0.0,0.0
2005-05-18 00:00:00-04:00,5.794712584615087,5.952472860442451,5.792480277255672,5.932380676269531,491987520,0.0,0.0
2005-05-19 00:00:00-04:00,5.961651758938047,5.9822392782046006,5.910304903468085,5.932877063751221,388271340,0.0,0.0
2005-05-20 00:00:00-04:00,5.983231312374775,5.994642407317093,5.944535775659055,5.9931535720825195,326213460,0.0,0.0
2005-05-23 00:00:00-04:00,6.031600542695895,6.4021885925721405,6.020438533916235,6.336455345153809,854676468,0.0,0.0
2005-05-24 00:00:00-04:00,6.373911467304572,6.5842593194557555,6.288086492223466,6.350098609924316,1160562276,0.0,0.0
2005-05-25 00:00:00-04:00,6.2689871927750405,6.473628798980282,6.216895914619297,6.469411849975586,721593684,0.0,0.0
2005-05-26 00:00:00-04:00,6.473132201241704,6.542586600090792,6.407150333276631,6.429474353790283,541322136,0.0,0.0
2005-05-27 00:00:00-04:00,6.4607298056900495,6.599390480999147,6.430716302164469,6.598150730133057,486876636,0.0,0.0
2005-05-31 00:00:00-04:00,6.683231049788867,6.905733000635829,6.68174315974501,6.877703666687012,888582528,0.0,0.0
2005-06-01 00:00:00-04:00,7.0247970097930965,7.265158358061552,6.995527453541876,7.143861293792725,1406260332,0.0,0.0
2005-06-02 00:00:00-04:00,7.161968788816977,7.188014900067578,7.059524154283544,7.141381740570068,718245036,0.0,0.0
2005-06-03 00:00:00-04:00,7.1138476973627744,7.176108428714841,6.881175816469279,6.951870918273926,750540708,0.0,0.0
2005-06-06 00:00:00-04:00,7.004704423617441,7.286489879673583,6.990813827599692,7.216787815093994,900134964,0.0,0.0
2005-06-07 00:00:00-04:00,7.369588447536908,7.4313529040315816,7.200913790114667,7.2708635330200195,971947080,0.0,0.0
2005-06-08 00:00:00-04:00,7.264166211062338,7.272599635702252,6.8958104061938945,6.934506416320801,1027007964,0.0,0.0
2005-06-09 00:00:00-04:00,7.062501153586604,7.156264699964713,6.959312097369437,7.1019415855407715,656986356,0.0,0.0
2005-06-10 00:00:00-04:00,7.118807738662194,7.126000939477187,6.945916635506959,7.0074334144592285,507356136,0.0,0.0
2005-06-13 00:00:00-04:00,6.940956363068201,7.04935444455105,6.859099252391471,7.013635158538818,511615872,0.0,0.0
2005-06-14 00:00:00-04:00,6.910445828650864,6.976178613912437,6.889609697487086,6.904492378234863,403272324,0.0,0.0
2005-06-15 00:00:00-04:00,6.821395749788065,6.878446500554635,6.633620533199713,6.816434383392334,834488676,0.0,0.0
2005-06-16 00:00:00-04:00,6.803037590618713,6.9032503631868405,6.773520373971373,6.881918430328369,497997504,0.0,0.0
2005-06-17 00:00:00-04:00,6.920615984912745,6.952862739562988,6.843719768597674,6.952862739562988,416958624,0.0,0.0
2005-06-20 00:00:00-04:00,6.848432594672574,7.135675226456152,6.740282186907838,7.11161470413208,840147012,0.0,0.0
2005-06-21 00:00:00-04:00,7.145597412291994,7.200912602644811,7.068701201273981,7.139892101287842,604686708,0.0,0.0
2005-06-22 00:00:00-04:00,7.185285725594241,7.251018510530875,7.1604807851577865,7.176107883453369,418541040,0.0,0.0
2005-06-23 00:00:00-04:00,7.143860238241296,7.312782991150549,7.106653068554367,7.186276912689209,561693744,0.0,0.0
2005-06-24 00:00:00-04:00,7.2157955664455455,7.391911058900363,7.183053009121632,7.373308181762695,710137152,0.0,0.0
2005-06-27 00:00:00-04:00,7.414235891786154,7.552399791985842,7.289218642120314,7.543221950531006,711403884,0.0,0.0
2005-06-28 00:00:00-04:00,7.597298506255814,7.670968910699388,7.491132736206055,7.491132736206055,760698540,0.0,0.0
2005-06-29 00:00:00-04:00,7.503534194786931,7.550167821709113,7.246801816484411,7.2609405517578125,731216052,0.0,0.0
2005-06-30 00:00:00-04:00,7.3011256950051715,7.414980944756187,7.219268587170739,7.296412467956543,603172224,0.0,0.0
2005-07-01 00:00:00-04:00,7.318488504124536,7.348254811717753,7.174123944675765,7.224478244781494,368734896,0.0,0.0
2005-07-05 00:00:00-04:00,7.2455626346557,7.341806148514118,7.199176670645137,7.335108280181885,299460240,0.0,0.0
2005-07-06 00:00:00-04:00,7.374548843976284,7.38198971216344,7.227702887284462,7.231174945831299,319691988,0.0,0.0
2005-07-07 00:00:00-04:00,7.178340347781085,7.3373403928413214,7.156512132061246,7.3308916091918945,426457116,0.0,0.0
2005-07-08 00:00:00-04:00,7.34850348058242,7.37950953919924,7.293932703981747,7.3480072021484375,298005696,0.0,0.0
2005-07-11 00:00:00-04:00,7.35222297642864,7.357183869710397,7.218772300331324,7.2765679359436035,335276388,0.0,0.0
2005-07-12 00:00:00-04:00,7.277560884909573,7.302613493488822,7.216540850471186,7.2376251220703125,234361404,0.0,0.0
2005-07-13 00:00:00-04:00,7.255732092288608,7.422670233436419,7.2455626381142295,7.413244724273682,457058484,0.0,0.0
2005-07-14 00:00:00-04:00,7.573980490192031,7.608955355035324,7.443257927164672,7.463598251342773,426281292,0.0,0.0
2005-07-15 00:00:00-04:00,7.472280468031354,7.5258596292865585,7.436064433698089,7.471039772033691,337198464,0.0,0.0
2005-07-18 00:00:00-04:00,7.4415220301698035,7.488651462517676,7.385710089124753,7.430111408233643,248063688,0.0,0.0
2005-07-19 00:00:00-04:00,7.493612726600364,7.698255260166286,7.486171858816931,7.687092304229736,504351144,0.0,0.0
2005-07-20 00:00:00-04:00,7.579686157653526,7.754313768830257,7.486171707811728,7.739182949066162,571843584,0.0,0.0
2005-07-21 00:00:00-04:00,7.79003251033551,7.883051620580055,7.719586031208361,7.787303924560547,790784424,0.0,0.0
2005-07-22 00:00:00-04:00,7.599529618535732,7.670968181237247,7.35048720582473,7.501053810119629,934536528,0.0,0.0
2005-07-25 00:00:00-04:00,7.500805511560089,7.523130476902029,7.316503786413487,7.338581085205078,385965648,0.0,0.0
2005-07-26 00:00:00-04:00,7.317745288258024,7.3919114978968254,7.2453141624889374,7.344534397125244,392283324,0.0,0.0
2005-07-27 00:00:00-04:00,7.385462941370828,7.3976170364623774,7.253003392333227,7.365371227264404,288427284,0.0,0.0
2005-07-28 00:00:00-04:00,7.377277574746827,7.377277574746827,7.2748315283865574,7.280289173126221,236786976,0.0,0.0
2005-07-29 00:00:00-04:00,7.246553706668516,7.2639168325370935,7.118807400684381,7.137907028198242,334197468,0.0,0.0
2005-08-01 00:00:00-04:00,7.146837637222923,7.255484329480041,7.146342304083242,7.233407974243164,226269504,0.0,0.0
2005-08-02 00:00:00-04:00,7.233159091964193,7.429614919392238,7.221252663858066,7.421429634094238,291316392,0.0,0.0
2005-08-03 00:00:00-04:00,7.391911562859783,7.434577327582105,7.3323794215548075,7.374548435211182,236986776,0.0,0.0
2005-08-04 00:00:00-04:00,7.331138893288274,7.416716195153561,7.323698025822985,7.385214805603027,209250540,0.0,0.0
2005-08-05 00:00:00-04:00,7.379508698302134,7.404561776087,7.225965367431779,7.251762390136719,237350412,0.0,0.0
2005-08-08 00:00:00-04:00,7.282769218600349,7.333620742428459,7.205626281482198,7.224478244781494,179092728,0.0,0.0
2005-08-09 00:00:00-04:00,7.242088851438406,7.259948730060125,7.156512019105332,7.232415676116943,230940828,0.0,0.0
2005-08-10 00:00:00-04:00,7.225717842440905,7.251267199103714,7.066468725048625,7.086312770843506,274884840,0.0,0.0
2005-08-11 00:00:00-04:00,7.091521859702106,7.108637792441965,6.96079976825631,7.045880317687988,300295404,0.0,0.0
2005-08-12 00:00:00-04:00,7.0287655295365195,7.198431772757816,6.986100711367086,7.186525344848633,263172564,0.0,0.0
2005-08-15 00:00:00-04:00,7.188510242117687,7.262182065022704,7.038935233989231,7.044641017913818,326661012,0.0,0.0
2005-08-16 00:00:00-04:00,7.066468324072023,7.138651302418403,7.028269069811284,7.085567951202393,284083632,0.0,0.0
2005-08-17 00:00:00-04:00,7.082096519871212,7.108389349656928,7.0446407345429005,7.071926593780518,155176668,0.0,0.0
2005-08-18 00:00:00-04:00,6.843967440321727,6.957822677531694,6.821394809696527,6.94517183303833,474437088,0.0,0.0
2005-08-19 00:00:00-04:00,6.96997753767285,6.981387214088903,6.935993811741177,6.945420265197754,221494284,0.0,0.0
2005-08-22 00:00:00-04:00,6.976179141711671,6.981884925997115,6.780467715785609,6.796838760375977,272247480,0.0,0.0
2005-08-23 00:00:00-04:00,6.8501694376314575,6.938972081749939,6.799566998442314,6.935002326965332,232635132,0.0,0.0
2005-08-24 00:00:00-04:00,6.885144398402527,7.063245022181315,6.857362731580807,7.009169578552246,343380276,0.0,0.0
2005-08-25 00:00:00-04:00,7.0086734092143335,7.044640832480072,6.944676181363045,7.0096659660339355,174888936,0.0,0.0
2005-08-26 00:00:00-04:00,7.031741687688837,7.0699423629297256,7.011402308333441,7.0342230796813965,150061788,0.0,0.0
2005-08-29 00:00:00-04:00,7.000984884020751,7.171643708906705,7.000984884020751,7.15502405166626,235883880,0.0,0.0
2005-08-30 00:00:00-04:00,7.128730127827113,7.181316732548345,7.0912738699541285,7.125753402709961,191488320,0.0,0.0
2005-08-31 00:00:00-04:00,7.149565862399177,7.156263257218806,7.0535700275331745,7.094250202178955,201158640,0.0,0.0
2005-09-01 00:00:00-04:00,7.092018521676342,7.13145894916536,7.069445888643955,7.100451946258545,109574316,0.0,0.0
2005-09-02 00:00:00-04:00,7.106902527262157,7.193224260336945,7.105166025237262,7.15502405166626,137242620,0.0,0.0
2005-09-06 00:00:00-04:00,7.1686664613222195,7.178340582404796,7.114095211269783,7.1217851638793945,168323508,0.0,0.0
2005-09-07 00:00:00-04:00,7.0915218570648815,7.329899020249563,7.076391037895043,7.314271450042725,299680020,0.0,0.0
2005-09-08 00:00:00-04:00,7.313279299459687,7.423661538163865,7.2768155995031485,7.327169895172119,264267468,0.0,0.0
2005-09-09 00:00:00-04:00,7.374051058686123,7.4191967937400625,7.356191654132504,7.418949127197266,175444380,0.0,0.0
2005-09-12 00:00:00-04:00,7.484930781458485,7.7247958517097866,7.46632790280372,7.683123588562012,415044540,0.0,0.0
2005-09-13 00:00:00-04:00,7.664767368693662,7.826744128155075,7.594569026493359,7.731245040893555,411584004,0.0,0.0
2005-09-14 00:00:00-04:00,7.658069557253298,7.770932710339024,7.448962904551227,7.515936851501465,450580968,0.0,0.0
2005-09-15 00:00:00-04:00,7.42961405343793,7.608954871746942,7.389678297844946,7.506510257720947,618029352,0.0,0.0
2005-09-16 00:00:00-04:00,7.541238285252962,7.553144713284058,7.438296908875813,7.446483612060547,302888808,0.0,0.0
2005-09-19 00:00:00-04:00,7.466328108681551,7.590353289984065,7.459133961883819,7.535533428192139,230245524,0.0,0.0
2005-09-20 00:00:00-04:00,7.594072740939881,7.7218190606401835,7.5712524411468145,7.637729644775391,373665960,0.0,0.0
2005-09-21 00:00:00-04:00,7.6501330495806865,7.7828402668292895,7.589361155432735,7.7367024421691895,404383212,0.0,0.0
2005-09-22 00:00:00-04:00,7.726779956687605,7.918275366692214,7.693789730397209,7.723555564880371,519735744,0.0,0.0
2005-09-23 00:00:00-04:00,7.763988303154626,7.8684175750689995,7.753818849014204,7.82252836227417,339012648,0.0,0.0
2005-09-26 00:00:00-04:00,7.925220090976844,7.9611884589148625,7.753073875028758,7.795738220214844,395380224,0.0,0.0
2005-09-27 00:00:00-04:00,7.8123574749110585,7.898182439290243,7.773412856497808,7.787303924560547,274649076,0.0,0.0
2005-09-28 00:00:00-04:00,7.794249221081008,7.816077907939242,7.580430275954218,7.590352535247803,319576104,0.0,0.0
2005-09-29 00:00:00-04:00,7.607219762971165,7.707432075584816,7.592336610536105,7.680146217346191,224327448,0.0,0.0
2005-09-30 00:00:00-04:00,7.794249179292267,7.875610003537532,7.746375802741023,7.8498125076293945,365685948,0.0,0.0
2005-10-03 00:00:00-04:00,7.779616070284117,7.94035309768322,7.758779937750611,7.904881477355957,366045588,0.0,0.0
2005-10-04 00:00:00-04:00,7.936383060502597,7.969373758091413,7.7079281514532125,7.7143778800964355,365406228,0.0,0.0
2005-10-05 00:00:00-04:00,7.756297913664155,7.811116823370804,7.639962226723265,7.707184314727783,332802864,0.0,0.0
2005-10-06 00:00:00-04:00,7.79226534298538,7.800699712712795,7.691804886207995,7.757787227630615,319432248,0.0,0.0
2005-10-07 00:00:00-04:00,7.808388569182708,7.8550221933216635,7.702966754661881,7.763739585876465,270541188,0.0,0.0
2005-10-10 00:00:00-04:00,7.77167749510419,7.8091323340374865,7.668487511442469,7.705695629119873,222665112,0.0,0.0
2005-10-11 00:00:00-04:00,7.704703640989631,7.755305604028328,7.562074175710385,7.592832565307617,341362296,0.0,0.0
2005-10-12 00:00:00-04:00,7.570509837406421,7.619871112884478,7.416717390523133,7.4655842781066895,371875752,0.0,0.0
2005-10-13 00:00:00-04:00,7.491132533481202,7.491132533481202,7.210338211417238,7.378020286560059,422285292,0.0,0.0
2005-10-14 00:00:00-04:00,7.439041435190414,7.447227193202548,7.256476202712626,7.3457746505737305,340423236,0.0,0.0
2005-10-17 00:00:00-04:00,7.37950923583163,7.570508836666606,7.306581831925157,7.565547943115234,302365332,0.0,0.0
2005-10-18 00:00:00-04:00,7.56455567889942,7.638970975632943,7.5094881513523175,7.522883415222168,282828888,0.0,0.0
2005-10-19 00:00:00-04:00,7.540742385181135,7.68634857834356,7.5397503010191445,7.657325744628906,280147572,0.0,0.0
2005-10-20 00:00:00-04:00,7.689324834327911,7.717602305157165,7.471536128813293,7.520898342132568,555911532,0.0,0.0
2005-10-21 00:00:00-04:00,8.577594994319876,8.593221620292804,8.260089292401501,8.431244850158691,914780304,0.0,0.0
2005-10-24 00:00:00-04:00,8.517318486548978,8.66441257659426,8.488047512246716,8.64828872680664,376890732,0.0,0.0
2005-10-25 00:00:00-04:00,8.577098475256292,8.61728284713167,8.504667350198494,8.605127334594727,274856868,0.0,0.0
2005-10-26 00:00:00-04:00,8.589501944546733,8.830607265186604,8.587269164023985,8.816716194152832,355943700,0.0,0.0
2005-10-27 00:00:00-04:00,8.845488092398867,8.857641712251274,8.723447107921526,8.75767707824707,205170624,0.0,0.0
2005-10-28 00:00:00-04:00,8.812498891562951,8.903781033563051,8.806296829390709,8.884432792663574,235903860,0.0,0.0
2005-10-31 00:00:00-05:00,8.935778243533695,9.2957001045467,8.917671173189472,9.230958938598633,573142284,0.0,0.0
2005-11-01 00:00:00-05:00,9.224013713251706,9.52266646091511,9.153318153568913,9.410547256469727,653589756,0.0,0.0
2005-11-02 00:00:00-05:00,9.468095897927665,9.549953476570531,9.355729958604389,9.417990684509277,422193384,0.0,0.0
2005-11-03 00:00:00-05:00,9.485706770425024,9.589143459805598,9.460156472249434,9.573515892028809,297638064,0.0,0.0
2005-11-04 00:00:00-05:00,9.673481744151276,9.718379339890706,9.561114866823793,9.68464469909668,352643004,0.0,0.0
2005-11-07 00:00:00-05:00,9.80048452656873,9.859273195736552,9.727310400222283,9.798748970031738,383276340,0.0,0.0
2005-11-08 00:00:00-05:00,9.779399623940456,9.8126389341341,9.638755266864814,9.67149829864502,315584100,0.0,0.0
2005-11-09 00:00:00-05:00,9.59137689168355,9.631561262408956,9.377061193106902,9.4048433303833,418257324,0.0,0.0
2005-11-10 00:00:00-05:00,9.385246575713344,9.707465489815553,9.362178610316763,9.701263427734375,364782852,0.0,0.0
2005-11-11 00:00:00-05:00,9.800980949477783,9.845133659676542,9.645452961632191,9.683900833129883,282273444,0.0,0.0
2005-11-14 00:00:00-05:00,9.726565910979554,9.877876008834136,9.711930896048402,9.846870422363281,312003684,0.0,0.0
2005-11-15 00:00:00-05:00,9.782623868051779,9.84761365221794,9.697543788720699,9.743432998657227,344651004,0.0,0.0
2005-11-16 00:00:00-05:00,9.827769035591748,9.89350181245428,9.775926380868768,9.876138687133789,347460192,0.0,0.0
2005-11-17 00:00:00-05:00,9.966679138603501,10.016537636533977,9.910371856491285,10.007607460021973,368119512,0.0,0.0
2005-11-18 00:00:00-05:00,10.008597857497723,10.033651879643052,9.918307336095923,9.927237510681152,280742976,0.0,0.0
2005-11-21 00:00:00-05:00,9.90144078831585,10.16958427319235,9.760548762429751,10.154204368591309,412990596,0.0,0.0
2005-11-22 00:00:00-05:00,10.136591524638858,10.351404434305644,10.076564529207712,10.330567359924316,383456160,0.0,0.0
2005-11-23 00:00:00-05:00,10.344707770852745,10.535211579026384,10.313454517445857,10.489073753356934,402996600,0.0,0.0
2005-11-25 00:00:00-05:00,10.561502470481503,10.635172862304325,10.549595571626059,10.631948471069336,193410396,0.0,0.0
2005-11-28 00:00:00-05:00,10.661715273549348,10.696938748143255,10.478654730033611,10.504451751708984,439895664,0.0,0.0
2005-11-29 00:00:00-05:00,10.528762006745472,10.576884946923197,9.97511376221236,10.009840965270996,858972168,0.0,0.0
2005-11-30 00:00:00-05:00,10.027701288996898,10.1316333505047,9.811896709973714,10.043824195861816,623240136,0.0,0.0
2005-12-01 00:00:00-05:00,10.15023689255208,10.305020000900853,10.127664257449934,10.271533966064453,389406204,0.0,0.0
2005-12-02 00:00:00-05:00,10.34222820582575,10.406473104751312,10.265828738820717,10.361080169677734,301438260,0.0,0.0
2005-12-05 00:00:00-05:00,10.343716074854868,10.356119254777619,10.02819547445889,10.067139625549316,411164424,0.0,0.0
2005-12-06 00:00:00-05:00,10.137833165705048,10.329080896822232,9.964198118340883,10.03464412689209,604406988,0.0,0.0
2005-12-07 00:00:00-05:00,10.07482773977389,10.088223475396461,9.897472019111486,10.02670669555664,466169364,0.0,0.0
2005-12-08 00:00:00-05:00,10.053497217897286,10.18620491027832,9.987514871572184,10.18620491027832,356043600,0.0,0.0
2005-12-09 00:00:00-05:00,10.294104882271197,10.313454069137627,10.134360891877364,10.150236129760742,305430264,0.0,0.0
2005-12-12 00:00:00-05:00,10.284926519252583,10.299313865099066,10.16883897693832,10.234820365905762,277725996,0.0,0.0
2005-12-13 00:00:00-05:00,10.232092736014735,10.368520147609635,10.21076032609073,10.355870246887207,326225448,0.0,0.0
2005-12-14 00:00:00-05:00,10.344707317069505,10.411433605700319,10.306260391087857,10.392333030700684,264950784,0.0,0.0
2005-12-15 00:00:00-05:00,10.396053683278964,10.496018328389948,10.331312514348834,10.481382369995117,241590168,0.0,0.0
2005-12-16 00:00:00-05:00,10.55058896447596,10.728193287670472,10.486343129453145,10.669901847839355,652566780,0.0,0.0
2005-12-19 00:00:00-05:00,10.720752874432694,11.06827159929311,10.420858917008085,10.532234191894531,876594528,0.0,0.0
2005-12-20 00:00:00-05:00,10.613096816453442,10.720751406412738,10.533968305970827,10.659730911254883,402984612,0.0,0.0
2005-12-21 00:00:00-05:00,10.754240818685451,10.836345127303007,10.435743481684979,10.57514762878418,448427124,0.0,0.0
2005-12-22 00:00:00-05:00,10.710087089664928,10.737124340051633,10.565225771032988,10.716785430908203,301562136,0.0,0.0
2005-12-23 00:00:00-05:00,10.719513533731497,10.728195098213083,10.635920390365735,10.689250946044922,183620196,0.0,0.0
2005-12-27 00:00:00-05:00,10.712318229177967,10.712318229177967,10.486592860545082,10.533226013183594,267843888,0.0,0.0
2005-12-28 00:00:00-05:00,10.525783542670663,10.611113173503393,10.449384086678151,10.584075927734375,284431284,0.0,0.0
2005-12-29 00:00:00-05:00,10.616073701909341,10.63467799586423,10.397542017940157,10.421850204467773,277554168,0.0,0.0
2005-12-30 00:00:00-05:00,10.350413485069147,10.373731009616192,10.262852006929599,10.290633201599121,303180516,0.0,0.0
2006-01-03 00:00:00-05:00,10.480639827132803,10.806826132607132,10.373977782473853,10.79591178894043,524323152,0.0,0.0
2006-01-04 00:00:00-05:00,11.01097207078391,11.136485128841658,10.908030699089785,11.044210433959961,610844544,0.0,0.0
2006-01-05 00:00:00-05:00,11.063063165767833,11.200730800092177,10.951440223041692,11.19304084777832,431899668,0.0,0.0
2006-01-06 00:00:00-05:00,11.332692448412574,11.670785634166831,11.242650536477637,11.550729751586914,709565724,0.0,0.0
2006-01-09 00:00:00-05:00,11.569333089352924,11.742720463551374,11.433649637297288,11.581487655639648,511164324,0.0,0.0
2006-01-10 00:00:00-05:00,11.519971475312587,11.6645851096605,11.460936087770863,11.65243148803711,363520116,0.0,0.0
2006-01-11 00:00:00-05:00,11.689888030574947,11.78513946233554,11.638045365813264,11.69881820678711,359935704,0.0,0.0
2006-01-12 00:00:00-05:00,11.750659847268834,11.782162657732052,11.447542425341954,11.50037670135498,404606988,0.0,0.0
2006-01-13 00:00:00-05:00,11.517241905226577,11.581240073897366,11.450268902181515,11.565364837646484,305957736,0.0,0.0
2006-01-17 00:00:00-05:00,11.486237590133431,11.655904314444452,11.47309141084929,11.586697578430176,330481188,0.0,0.0
2006-01-18 00:00:00-05:00,11.095309045008877,11.34484726895206,10.994848120887498,11.036025047302246,818608572,0.0,0.0
2006-01-19 00:00:00-05:00,11.191303221180968,11.248851656377068,10.740595530285605,10.826171875,580910508,0.0,0.0
2006-01-20 00:00:00-05:00,10.881986546457231,10.914977247579825,9.791555016879654,9.908635139465332,1643023332,0.0,0.0
2006-01-23 00:00:00-05:00,10.105091472037342,10.6262452461519,10.06416220997915,10.604168891906738,908746344,0.0,0.0
2006-01-24 00:00:00-05:00,10.815755337529557,11.037016080252142,10.77730747159108,10.98939037322998,617965416,0.0,0.0
2006-01-25 00:00:00-05:00,11.193536300417033,11.267206693631989,10.646832295829686,10.740595817565918,748842408,0.0,0.0
2006-01-26 00:00:00-05:00,10.902821103363648,10.913984058470996,10.506436468730051,10.772098541259766,516526956,0.0,0.0
2006-01-27 00:00:00-05:00,10.790207610571102,10.870079134058322,10.640880738914499,10.752751350402832,337749912,0.0,0.0
2006-01-30 00:00:00-05:00,10.647081534443156,10.74754246542261,10.54215693358758,10.587301254272461,343212444,0.0,0.0
2006-01-31 00:00:00-05:00,10.680319810847221,10.904309617233618,10.516606557212755,10.732161521911621,881757360,0.0,0.0
2006-02-01 00:00:00-05:00,9.649917238573112,9.971638935389459,9.612461925246318,9.966182708740234,1083815100,0.0,0.0
2006-02-02 00:00:00-05:00,10.01678528432302,10.083262960067911,9.822312205394551,9.823801040649414,471835692,0.0,0.0
2006-02-03 00:00:00-05:00,9.763771210886533,9.77071627152658,9.241624971545514,9.464373588562012,730540728,0.0,0.0
2006-02-06 00:00:00-05:00,9.557643481867938,9.671499213603557,9.41501399764529,9.552434921264648,357258384,0.0,0.0
2006-02-07 00:00:00-05:00,9.500093701402086,9.517705438127388,9.01292230377598,9.126280784606934,664542792,0.0,0.0
2006-02-08 00:00:00-05:00,9.140171414625913,9.194991735546374,8.79761365151451,9.155054092407227,831331836,0.0,0.0
2006-02-09 00:00:00-05:00,9.207643696394994,9.287018940970349,8.83333538059098,8.89931583404541,476019504,0.0,0.0
2006-02-10 00:00:00-05:00,8.978197298874719,9.041450588484619,8.759663677430684,8.99456787109375,608331060,0.0,0.0
2006-02-13 00:00:00-05:00,8.598430819292233,8.696658968033304,8.480606763172851,8.575113296508789,787923288,0.0,0.0
2006-02-14 00:00:00-05:00,8.565935528535533,8.723695328329555,8.493256744862673,8.516077041625977,585573840,0.0,0.0
2006-02-15 00:00:00-05:00,8.465227131367344,8.582555858146826,8.379897491997625,8.49276065826416,517362120,0.0,0.0
2006-02-16 00:00:00-05:00,8.574368472782687,9.103460753648568,8.545098447993677,9.090066909790039,851767380,0.0,0.0
2006-02-17 00:00:00-05:00,9.174404128347456,9.230959065410175,9.01962010574059,9.146869659423828,572235192,0.0,0.0
2006-02-21 00:00:00-05:00,9.08956966763767,9.265686094369165,9.056578973184212,9.093291282653809,347092560,0.0,0.0
2006-02-22 00:00:00-05:00,9.107182636435624,9.15183162445418,9.025574612710052,9.06600570678711,258788952,0.0,0.0
2006-02-23 00:00:00-05:00,9.068982803135945,9.456686865830736,9.063526576146575,9.37805461883545,501561936,0.0,0.0
2006-02-24 00:00:00-05:00,9.358953527934398,9.427663031236062,9.264446057285435,9.361433029174805,259112628,0.0,0.0
2006-02-27 00:00:00-05:00,9.457430912052137,9.716147956525583,9.432874109168104,9.683404922485352,408079512,0.0,0.0
2006-02-28 00:00:00-05:00,9.753354161725898,9.861007811949879,8.39676446440156,8.994815826416016,1575926496,0.0,0.0
2006-03-01 00:00:00-05:00,9.142157379062105,9.16423373355926,8.962073539469953,9.048891067504883,481965552,0.0,0.0
2006-03-02 00:00:00-05:00,9.035992453008172,9.453214228330468,8.984398398846812,9.337871551513672,732478788,0.0,0.0
2006-03-03 00:00:00-05:00,9.532589447817273,9.60551685131807,9.320754189774147,9.380783081054688,478001520,0.0,0.0
2006-03-06 00:00:00-05:00,9.448499228773295,9.510264616582516,9.106933987370333,9.130746841430664,357230412,0.0,0.0
2006-03-07 00:00:00-05:00,9.054350408285016,9.139431454892028,8.88393970315768,9.040210723876953,414736848,0.0,0.0
2006-03-08 00:00:00-05:00,8.779258220925476,8.930569230514552,8.695168820364428,8.7780179977417,469354176,0.0,0.0
2006-03-09 00:00:00-05:00,8.8154748775497,8.893362222441217,8.470931966837952,8.508139610290527,555859584,0.0,0.0
2006-03-10 00:00:00-05:00,8.52054231297635,8.545347725076962,8.224121372278134,8.371711730957031,772250976,0.0,0.0
2006-03-13 00:00:00-05:00,8.456794199242957,8.585036325164502,8.320862120980541,8.360797882080078,545150304,0.0,0.0
2006-03-14 00:00:00-05:00,8.362783883086294,8.740564293583247,8.250664649647977,8.710551261901855,737289972,0.0,0.0
2006-03-15 00:00:00-05:00,8.700875207294006,8.738826799709184,8.446872349449643,8.545348167419434,510241248,0.0,0.0
2006-03-16 00:00:00-05:00,8.647297436865342,8.650769495402754,8.381635330908761,8.403215408325195,400267332,0.0,0.0
2006-03-17 00:00:00-05:00,8.40395863356824,8.477877647506773,8.307963265658067,8.428515434265137,341725932,0.0,0.0
2006-03-20 00:00:00-05:00,8.49176903879673,8.68400839376472,8.471924518948954,8.63687801361084,415887696,0.0,0.0
2006-03-21 00:00:00-05:00,8.682022902958932,8.722950269245858,8.410902733610273,8.431739807128906,392850756,0.0,0.0
2006-03-22 00:00:00-05:00,8.427523047299838,8.535425317899568,8.371712049564648,8.43918228149414,303536160,0.0,0.0
2006-03-23 00:00:00-05:00,8.492015755077327,8.576352828085255,8.438685209134935,8.480606079101562,297090612,0.0,0.0
2006-03-24 00:00:00-05:00,9.143646820068936,9.180110524564503,8.99208810845556,9.07369613647461,606616776,0.0,0.0
2006-03-27 00:00:00-05:00,9.105693499125561,9.220293163256898,9.053851784229405,9.170187950134277,280667052,0.0,0.0
2006-03-28 00:00:00-05:00,9.220293228302799,9.372845430094813,9.206899383010038,9.356472969055176,357474168,0.0,0.0
2006-03-29 00:00:00-05:00,9.424439218909066,9.897224267741674,9.413772541930044,9.797507286071777,760338900,0.0,0.0
2006-03-30 00:00:00-05:00,9.653883965147827,9.76079460594,9.515472411927863,9.635281562805176,587879532,0.0,0.0
2006-03-31 00:00:00-05:00,9.642723663515635,9.720364294872786,9.525892161928905,9.673978805541992,1459395144,0.0,0.0
2006-04-03 00:00:00-04:00,9.662319374690812,9.735246770410905,9.622631285442768,9.666535377502441,324583092,0.0,0.0
2006-04-04 00:00:00-04:00,9.671499573191873,10.043576091392532,9.627842191731599,10.029685020446777,627999372,0.0,0.0
2006-04-05 00:00:00-04:00,10.12542969772062,10.28343906096177,9.991979024412137,10.120221138000488,535883580,0.0,0.0
2006-04-06 00:00:00-04:00,10.083015132800917,10.266572936686895,10.056721827507976,10.19935131072998,343596060,0.0,0.0
2006-04-07 00:00:00-04:00,10.229860799767044,10.240775143833343,10.021746208108265,10.074828147888184,280754964,0.0,0.0
2006-04-10 00:00:00-04:00,10.097650421106682,10.347933579257706,10.052256538395891,10.328337669372559,372431196,0.0,0.0
2006-04-11 00:00:00-04:00,10.329327460255962,10.395805125168692,10.076315310917654,10.16164493560791,443843712,0.0,0.0
2006-04-12 00:00:00-04:00,10.145275562814668,10.203071677539382,10.050768077463875,10.144035339355469,240439320,0.0,0.0
2006-04-13 00:00:00-04:00,10.136096742375413,10.164126546083198,9.9344318899606,9.975607872009277,261853884,0.0,0.0
2006-04-17 00:00:00-04:00,10.007604852867034,10.232090923072777,9.942863689575063,10.091198921203613,330049620,0.0,0.0
2006-04-18 00:00:00-04:00,10.118733363633284,10.165863744350125,9.959237984419724,10.027202606201172,325178496,0.0,0.0
2006-04-19 00:00:00-04:00,10.233828130824996,10.260368150363057,10.088964960353803,10.182480812072754,270996732,0.0,0.0
2006-04-20 00:00:00-04:00,10.195133426788582,10.31890998905046,10.125430414939611,10.29410457611084,490369140,0.0,0.0
2006-04-21 00:00:00-04:00,11.134997836307877,11.180142156749058,10.819228642735116,10.842297554016113,901149948,0.0,0.0
2006-04-24 00:00:00-04:00,10.899349881919253,11.03081639904402,10.827911312092398,10.9266357421875,353102544,0.0,0.0
2006-04-25 00:00:00-04:00,10.905054046484748,10.940028911603873,10.566960847790021,10.595734596252441,382377240,0.0,0.0
2006-04-26 00:00:00-04:00,10.610120561995457,10.66717272347791,10.505692249318756,10.566216468811035,290820888,0.0,0.0
2006-04-27 00:00:00-04:00,10.490312349424217,10.589532102469743,10.402998550815614,10.41887378692627,333182484,0.0,0.0
2006-04-28 00:00:00-04:00,10.384147511997886,10.560263959968346,10.326352345747656,10.367032051086426,296555148,0.0,0.0
2006-05-01 00:00:00-04:00,10.380179864673101,10.404240389113221,9.88606330035187,9.894743919372559,414033552,0.0,0.0
2006-05-02 00:00:00-04:00,9.948818787926305,9.983793655021866,9.634290760045186,9.79304313659668,523647828,0.0,0.0
2006-05-03 00:00:00-04:00,9.831490715798425,9.959237503526163,9.695807254770688,9.77741527557373,322565112,0.0,0.0
2006-05-04 00:00:00-04:00,9.798748413233236,9.89399983423333,9.728797737370964,9.791802406311035,185893920,0.0,0.0
2006-05-05 00:00:00-04:00,9.862499149535328,9.93889862507553,9.718133151787526,9.780641555786133,242357400,0.0,0.0
2006-05-08 00:00:00-04:00,9.80073345694279,9.85059100672795,9.67521944095254,9.792547225952148,204539256,0.0,0.0
2006-05-09 00:00:00-04:00,9.81536706639584,10.145274995732349,9.766998354190745,10.140314102172852,365258376,0.0,0.0
2006-05-10 00:00:00-04:00,10.12815924793762,10.212496326644512,9.968166654007039,9.995948791503906,247240512,0.0,0.0
2006-05-11 00:00:00-04:00,10.006862558456245,10.03886069728146,9.54945648996383,9.599562644958496,355356288,0.0,0.0
2006-05-12 00:00:00-04:00,9.51373936221933,9.546730066894945,9.26593663194757,9.28032398223877,403100496,0.0,0.0
2006-05-15 00:00:00-04:00,9.324971458214478,9.42964839479986,9.1344676576716,9.331668853759766,343260396,0.0,0.0
2006-05-16 00:00:00-04:00,9.326459240286582,9.348040261956257,9.175149148495082,9.210124015808105,259384356,0.0,0.0
2006-05-17 00:00:00-04:00,9.193008586247254,9.421959311056076,9.183334465505832,9.28950023651123,425326248,0.0,0.0
2006-05-18 00:00:00-04:00,9.395665487818428,9.470824724039314,9.195488524448155,9.202433586120605,233166600,0.0,0.0
2006-05-19 00:00:00-04:00,9.259236451665918,9.28949903338414,8.943964516590718,9.178372383117676,455472072,0.0,0.0
2006-05-22 00:00:00-04:00,9.12454602903496,9.25303677005443,9.060053464599244,9.20144271850586,343831824,0.0,0.0
2006-05-23 00:00:00-04:00,9.28230664064839,9.522171687201585,9.266181847196233,9.316288948059082,358960680,0.0,0.0
2006-05-24 00:00:00-04:00,9.360194660469302,9.511258028260409,9.217813801677616,9.456933975219727,381769848,0.0,0.0
2006-05-25 00:00:00-04:00,9.40310743781741,9.500343979292037,9.2351772158114,9.50009536743164,327456216,0.0,0.0
2006-05-26 00:00:00-04:00,9.538789708280401,9.571781348777325,9.426670499774653,9.459413528442383,146533320,0.0,0.0
2006-05-30 00:00:00-04:00,9.383263384288066,9.450734566911631,9.213845263864627,9.22599983215332,172467360,0.0,0.0
2006-05-31 00:00:00-04:00,9.272136063814312,9.38251972759003,9.09800567350844,9.2230224609375,318932748,0.0,0.0
2006-06-01 00:00:00-04:00,9.265686225623272,9.500094093310613,9.217564239768468,9.49091625213623,250868880,0.0,0.0
2006-06-02 00:00:00-04:00,9.595594666603407,9.601548116702094,9.362674675444856,9.412035942077637,255200544,0.0,0.0
2006-06-05 00:00:00-04:00,9.33117073358227,9.461894226843716,9.280816916293471,9.288009643554688,222117660,0.0,0.0
2006-06-06 00:00:00-04:00,9.341094816045665,9.673978516774483,9.334148809006157,9.673730850219727,409981608,0.0,0.0
2006-06-07 00:00:00-04:00,9.754347627182142,9.794531054561679,9.587160407613883,9.587409019470215,356095548,0.0,0.0
2006-06-08 00:00:00-04:00,9.618165073362373,9.779895089535806,9.390950895984908,9.755833625793457,413965620,0.0,0.0
2006-06-09 00:00:00-04:00,9.728301838556435,9.808670582645657,9.558634174826226,9.588897705078125,246053700,0.0,0.0
2006-06-12 00:00:00-04:00,9.632801700422554,9.686133196026157,9.450733695340276,9.464127540588379,200563236,0.0,0.0
2006-06-13 00:00:00-04:00,9.448251903392311,9.599562929606481,9.379293785271903,9.58765697479248,306057636,0.0,0.0
2006-06-14 00:00:00-04:00,9.66976294383933,9.701264810676486,9.389217196092469,9.534822463989258,310569120,0.0,0.0
2006-06-15 00:00:00-04:00,9.590136716838654,9.729789458291043,9.500343411863106,9.698783874511719,271156572,0.0,0.0
2006-06-16 00:00:00-04:00,9.651654258159436,9.69704813792017,9.624369342280678,9.6913423538208,211971816,0.0,0.0
2006-06-19 00:00:00-04:00,9.695061656033458,9.793042130557293,9.599066294981755,9.627840042114258,305018676,0.0,0.0
2006-06-20 00:00:00-04:00,9.625111255584386,9.720363619712506,9.587408277930933,9.603779792785645,161434404,0.0,0.0
2006-06-21 00:00:00-04:00,9.700270814813553,10.021248527129556,9.667776399018532,9.974862098693848,349426224,0.0,0.0
2006-06-22 00:00:00-04:00,9.961220790917096,10.07085860629902,9.624367836296877,9.920787811279297,236239524,0.0,0.0
2006-06-23 00:00:00-04:00,9.990491237482278,10.16387863153352,9.940386022068173,10.042582511901855,212379408,0.0,0.0
2006-06-26 00:00:00-04:00,10.089463698749563,10.127911567987928,10.002645228155826,10.02670669555664,141905952,0.0,0.0
2006-06-27 00:00:00-04:00,10.063664559429514,10.12046810580576,9.947080741917263,9.979575157165527,164119716,0.0,0.0
2006-06-28 00:00:00-04:00,10.021498049072623,10.082766222316776,9.950059476286183,10.073589324951172,148271580,0.0,0.0
2006-06-29 00:00:00-04:00,10.12022101173226,10.373479898949627,10.066394187071056,10.36380672454834,266061672,0.0,0.0
2006-06-30 00:00:00-04:00,10.308987884032437,10.401511192321777,10.227876142976475,10.401511192321777,250069680,0.0,0.0
2006-07-03 00:00:00-04:00,10.419123471834375,10.511645839634317,10.40448845749721,10.49750804901123,86181732,0.0,0.0
2006-07-05 00:00:00-04:00,10.45583549215758,10.48758596962635,10.309980672831585,10.454346656799316,199224576,0.0,0.0
2006-07-06 00:00:00-04:00,10.501971413272338,10.55158223875279,10.467244213552904,10.497258186340332,147336516,0.0,0.0
2006-07-07 00:00:00-04:00,10.568202453336125,10.61384400130798,10.31593418864353,10.42929458618164,241434324,0.0,0.0
2006-07-10 00:00:00-04:00,10.503461332617558,10.547861712049219,10.328337426014835,10.373481750488281,177278544,0.0,0.0
2006-07-11 00:00:00-04:00,10.381170616308804,10.543395992461463,10.245239488079172,10.531242370605469,238613148,0.0,0.0
2006-07-12 00:00:00-04:00,10.469974268047908,10.486097173422728,10.337019852120202,10.349918365478516,196071732,0.0,0.0
2006-07-13 00:00:00-04:00,10.269299124854289,10.376953718126243,10.091447138630013,10.141057014465332,276703020,0.0,0.0
2006-07-14 00:00:00-04:00,10.178266283162651,10.207040031975906,9.88755017935578,10.0088472366333,301781916,0.0,0.0
2006-07-17 00:00:00-04:00,10.036876552000118,10.194884023584255,10.014302975725656,10.1177396774292,232243524,0.0,0.0
2006-07-18 00:00:00-04:00,10.163879161165717,10.184219960740531,9.865970294821128,9.997685432434082,341130528,0.0,0.0
2006-07-19 00:00:00-04:00,9.798250443823894,9.950306350797463,9.789568881124056,9.897223472595215,340399260,0.0,0.0
2006-07-20 00:00:00-04:00,10.02819569168504,10.032164974028138,9.566324931475506,9.602540969848633,501046452,0.0,0.0
2006-07-21 00:00:00-04:00,9.578230511317619,9.717386970733068,9.368628043988187,9.67670726776123,469713816,0.0,0.0
2006-07-24 00:00:00-04:00,9.743928124639266,9.770470038517276,9.455942025605236,9.69630241394043,323120556,0.0,0.0
2006-07-25 00:00:00-04:00,9.550448390951972,9.706473589295005,9.520186752864332,9.658102989196777,230213556,0.0,0.0
2006-07-26 00:00:00-04:00,9.629329950021031,9.72135698496545,9.500343879276414,9.562355995178223,221054724,0.0,0.0
2006-07-27 00:00:00-04:00,9.608742479916401,9.61171920547228,9.375078504056965,9.485461235046387,225418356,0.0,0.0
2006-07-28 00:00:00-04:00,9.475538718883145,9.66306485216061,9.46884132321994,9.62734603881836,163180656,0.0,0.0
2006-07-31 00:00:00-04:00,9.624367813720394,9.653389226877016,9.508031658683999,9.589640617370605,183628188,0.0,0.0
2006-08-01 00:00:00-04:00,9.552680848447043,9.56905236290494,9.314552307128906,9.314552307128906,218309472,0.0,0.0
2006-08-02 00:00:00-04:00,9.316783477652692,9.355728565479113,9.058811382261872,9.109166145324707,283628088,0.0,0.0
2006-08-03 00:00:00-04:00,9.053356082678057,9.374085239338651,9.013171708646203,9.311576843261719,252826920,0.0,0.0
2006-08-04 00:00:00-04:00,9.415013391407623,9.442796475769526,9.221286144085518,9.273377418518066,203604192,0.0,0.0
2006-08-07 00:00:00-04:00,9.215084651156342,9.419230901273375,9.206403087535712,9.375077247619629,157718124,0.0,0.0
2006-08-08 00:00:00-04:00,9.495878460424478,9.537550723929593,9.403356090968662,9.45073413848877,229498272,0.0,0.0
2006-08-09 00:00:00-04:00,9.495382752004373,9.542015907389205,9.335636875866413,9.350024223327637,172267560,0.0,0.0
2006-08-10 00:00:00-04:00,9.274119190544283,9.368131327704386,9.238896660879792,9.28205680847168,170305524,0.0,0.0
2006-08-11 00:00:00-04:00,9.28701805524078,9.308846741695566,9.128266635938406,9.140668869018555,150509340,0.0,0.0
2006-08-14 00:00:00-04:00,9.215085591697225,9.305128464685334,9.144887240016772,9.163739204406738,198533268,0.0,0.0
2006-08-15 00:00:00-04:00,9.27982537803811,9.467351491580613,9.242369121463533,9.44998836517334,267660072,0.0,0.0
2006-08-16 00:00:00-04:00,9.512251738188393,9.635532994961517,9.478517087451808,9.617425918579102,233893872,0.0,0.0
2006-08-17 00:00:00-04:00,9.58443349405305,9.67398009286158,9.523165315826994,9.569799423217773,203004792,0.0,0.0
2006-08-18 00:00:00-04:00,9.58244669787812,9.601795883547052,9.44453140443241,9.509272575378418,197889912,0.0,0.0
2006-08-21 00:00:00-04:00,9.378798959494922,9.40112298271333,9.307360383669856,9.358955383300781,160771068,0.0,0.0
2006-08-22 00:00:00-04:00,9.369619514482535,9.407570154577977,9.297931400976717,9.383509635925293,166397436,0.0,0.0
2006-08-23 00:00:00-04:00,9.367386833670365,9.383014403650755,9.243857944854879,9.262957572937012,145546308,0.0,0.0
2006-08-24 00:00:00-04:00,9.28801179607861,9.336630068418303,9.233937296721793,9.270401000976562,139160700,0.0,0.0
2006-08-25 00:00:00-04:00,9.254277725143718,9.309841063284702,9.239891321102007,9.258743286132812,98569332,0.0,0.0
2006-08-28 00:00:00-04:00,9.31703338535943,9.449492454528809,9.301902093154654,9.449492454528809,166393440,0.0,0.0
2006-08-29 00:00:00-04:00,9.44527620494468,9.483476410762968,9.356473558759689,9.399883270263672,178221600,0.0,0.0
2006-08-30 00:00:00-04:00,9.406332183522151,9.541271697698281,9.388968111368222,9.444531440734863,161614224,0.0,0.0
2006-08-31 00:00:00-04:00,9.462887112893451,9.479257682940617,9.381278148041167,9.389464378356934,118277604,0.0,0.0
2006-09-01 00:00:00-04:00,9.450484065774942,9.457678684689622,9.356225199599887,9.391200065612793,106809084,0.0,0.0
2006-09-05 00:00:00-04:00,9.42270237820707,9.559874667060479,9.36242582440524,9.534077644348145,162809028,0.0,0.0
2006-09-06 00:00:00-04:00,9.478018713233759,9.50505596116781,9.417494488582564,9.429400444030762,148815036,0.0,0.0
2006-09-07 00:00:00-04:00,9.410794667156503,9.46933471423708,9.361432460747437,9.388470649719238,153526320,0.0,0.0
2006-09-08 00:00:00-04:00,9.344566936407881,9.445523198077032,9.344566936407881,9.372596740722656,123212664,0.0,0.0
2006-09-11 00:00:00-04:00,9.382766364927766,9.542262668792414,9.370611798823399,9.527379989624023,180986832,0.0,0.0
2006-09-12 00:00:00-04:00,9.54995288653205,9.741695945900961,9.546976161556932,9.721107482910156,217470312,0.0,0.0
2006-09-13 00:00:00-04:00,9.801726183239944,10.089712311773448,9.800485014478225,10.084999084472656,390337272,0.0,0.0
2006-09-14 00:00:00-04:00,10.028692433908919,10.077806042614526,9.969903758125364,10.02075481414795,214429356,0.0,0.0
2006-09-15 00:00:00-04:00,10.107572101696286,10.171321670083644,10.08921736082858,10.167104721069336,313214472,0.0,0.0
2006-09-18 00:00:00-04:00,10.17008083220812,10.385637736247869,10.156934651564699,10.286417961120605,283983732,0.0,0.0
2006-09-19 00:00:00-04:00,10.30551632825166,10.306260273235962,9.74194444476823,10.016536712646484,571144284,0.0,0.0
2006-09-20 00:00:00-04:00,10.098145064112767,10.10533873753651,9.78857700268034,9.847613334655762,365546088,0.0,0.0
2006-09-21 00:00:00-04:00,9.929470698686282,10.131630878137718,9.918556355508752,10.09194278717041,427256316,0.0,0.0
2006-09-22 00:00:00-04:00,10.045558197408116,10.106826362594674,9.955763005822943,10.015791893005371,185798016,0.0,0.0
2006-09-25 00:00:00-04:00,10.060442912952801,10.156438295154338,9.984043440915004,10.02075481414795,229262508,0.0,0.0
2006-09-26 00:00:00-04:00,10.05845735032744,10.11253184572789,9.965934039705711,10.092440605163574,211364424,0.0,0.0
2006-09-27 00:00:00-04:00,10.078301852749652,10.20034191232581,9.980816703497426,9.994460105895996,234832932,0.0,0.0
2006-09-28 00:00:00-04:00,10.023235976592172,10.095170838052208,9.935426819769598,10.010833740234375,204091704,0.0,0.0
2006-09-29 00:00:00-04:00,10.04927927189128,10.061434785236589,9.957004566610745,9.969160079956055,132303564,0.0,0.0
2006-10-02 00:00:00-04:00,9.96915903492357,10.07085923880258,9.941873176308437,9.957748413085938,145929924,0.0,0.0
2006-10-03 00:00:00-04:00,9.954027414290687,10.082270485078364,9.877132617598662,10.022241592407227,218369412,0.0,0.0
2006-10-04 00:00:00-04:00,10.045309772080797,10.313205571387268,9.997684062269016,10.311468124389648,266205528,0.0,0.0
2006-10-05 00:00:00-04:00,10.28666541526368,10.37447456467961,10.191413979368418,10.21497917175293,231360408,0.0,0.0
2006-10-06 00:00:00-04:00,10.175537987279315,10.465508277285581,10.163878752598082,10.430533409118652,293166540,0.0,0.0
2006-10-09 00:00:00-04:00,10.537196785785902,10.71455252518266,10.50296491609837,10.641377449035645,303028668,0.0,0.0
2006-10-10 00:00:00-04:00,10.70487840937378,10.860901737748417,10.477415561459448,10.583085060119629,391152456,0.0,0.0
2006-10-11 00:00:00-04:00,10.542652453521344,10.663949517825348,10.511398256204673,10.579363822937012,225190584,0.0,0.0
2006-10-12 00:00:00-04:00,10.630462353112634,10.658244491544346,10.517351521594316,10.602681159973145,193566240,0.0,0.0
2006-10-13 00:00:00-04:00,10.610617545535167,10.653777692833044,10.556045831848486,10.599206924438477,144755100,0.0,0.0
2006-10-16 00:00:00-04:00,10.60912962947423,10.646337275559317,10.45136886976828,10.461539268493652,172603224,0.0,0.0
2006-10-17 00:00:00-04:00,10.425570895817787,10.511148190428248,10.336272931467056,10.434005737304688,208231560,0.0,0.0
2006-10-18 00:00:00-04:00,10.492296462513753,10.535953834234851,10.356117678299709,10.40101432800293,240451308,0.0,0.0
2006-10-19 00:00:00-04:00,10.423834443347875,10.65377769519159,10.407463874530361,10.568448066711426,459679860,0.0,0.0
2006-10-20 00:00:00-04:00,11.385277595003462,11.412812060854034,11.251330661586813,11.402145385742188,465450084,0.0,0.0
2006-10-23 00:00:00-04:00,11.466890106447773,12.021530870610736,11.419512059783411,11.92578411102295,603575820,0.0,0.0
2006-10-24 00:00:00-04:00,11.814161325065953,11.853353144657389,11.693360528895461,11.740490913391113,346061592,0.0,0.0
2006-10-25 00:00:00-04:00,11.844174472511202,12.117278857596492,11.785139080668253,12.070149421691895,367132500,0.0,0.0
2006-10-26 00:00:00-04:00,12.096938104067998,12.203103877504414,12.010616850992644,12.032941818237305,280986732,0.0,0.0
2006-10-27 00:00:00-04:00,12.003175235836226,12.036413601433232,11.720149068668915,11.787371635437012,263895840,0.0,0.0
2006-10-30 00:00:00-05:00,11.777946097886987,11.917847469096428,11.658633193176701,11.821354866027832,262261476,0.0,0.0
2006-10-31 00:00:00-05:00,11.858311501425547,11.96001264450734,11.7536345787568,11.816887855529785,251164584,0.0,0.0
2006-11-01 00:00:00-05:00,11.87567714985509,11.884854992246323,11.540808317920616,11.5963716506958,216834948,0.0,0.0
2006-11-02 00:00:00-05:00,11.596371499235266,11.750907873168941,11.568590305856647,11.656152725219727,209258532,0.0,0.0
2006-11-03 00:00:00-05:00,11.713699170165437,11.751403092696071,11.535846234086392,11.703032493591309,196111692,0.0,0.0
2006-11-06 00:00:00-05:00,11.751901070488515,11.898003566851342,11.716182253425886,11.830781936645508,199460340,0.0,0.0
2006-11-07 00:00:00-05:00,11.830779840790575,11.882125276737485,11.702289109123589,11.722132682800293,195688116,0.0,0.0
2006-11-08 00:00:00-05:00,11.667065112515951,11.949594952441382,11.623655409961906,11.782407760620117,318281400,0.0,0.0
2006-11-09 00:00:00-05:00,11.819615773003987,11.893783391342282,11.704519842516914,11.723620414733887,194972832,0.0,0.0
2006-11-10 00:00:00-05:00,11.75214764203452,11.775465166471779,11.665578721191308,11.746443748474121,111756132,0.0,0.0
2006-11-13 00:00:00-05:00,11.7799289783313,11.935456959701057,11.761077015865977,11.931984901428223,173502324,0.0,0.0
2006-11-14 00:00:00-05:00,11.923799009709015,12.153246012234696,11.918838116070695,12.137123107910156,288647064,0.0,0.0
2006-11-15 00:00:00-05:00,12.239567810825067,12.398816473969365,12.202361106872559,12.202361106872559,334493172,0.0,0.0
2006-11-16 00:00:00-05:00,12.278511596111796,12.344989273385515,12.217987369409993,12.300836563110352,203500296,0.0,0.0
2006-11-17 00:00:00-05:00,12.2351014461734,12.394101474717298,12.228899384442407,12.37252140045166,220219560,0.0,0.0
2006-11-20 00:00:00-05:00,12.36284672581785,12.36284672581785,12.220218218249297,12.27975082397461,204775020,0.0,0.0
2006-11-21 00:00:00-05:00,12.316710153678478,12.650586385386111,12.299098416179378,12.6419038772583,336762900,0.0,0.0
2006-11-22 00:00:00-05:00,12.674646673866592,12.725001438918241,12.545908287607816,12.601223945617676,179847972,0.0,0.0
2006-11-24 00:00:00-05:00,12.514159511367334,12.588574806403589,12.501757277292034,12.526562690734863,69238692,0.0,0.0
2006-11-27 00:00:00-05:00,12.436520444117548,12.446690843741322,12.024260520935059,12.024260520935059,292695012,0.0,0.0
2006-11-28 00:00:00-05:00,11.93446392270672,12.151012397848902,11.832763719518127,12.142083168029785,311592096,0.0,0.0
2006-11-29 00:00:00-05:00,12.259658997752085,12.272062176683104,11.96224643993092,12.021778106689453,252359388,0.0,0.0
2006-11-30 00:00:00-05:00,12.010369292992856,12.16440844890905,11.944884171264672,12.025748252868652,222876900,0.0,0.0
2006-12-01 00:00:00-05:00,12.054768837201186,12.114549111282708,11.86922595331448,11.926278114318848,225030744,0.0,0.0
2006-12-04 00:00:00-05:00,11.980848960232926,12.090736334769097,11.89031077035856,12.026738166809082,195800004,0.0,0.0
2006-12-05 00:00:00-05:00,12.089992282516713,12.140594719173135,12.02773155718114,12.080070495605469,163955880,0.0,0.0
2006-12-06 00:00:00-05:00,12.079077361928329,12.214016871470319,12.018553141251163,12.12248706817627,177833988,0.0,0.0
2006-12-07 00:00:00-05:00,12.160190070750813,12.199134216948439,11.966462841817489,11.971920013427734,186385428,0.0,0.0
2006-12-08 00:00:00-05:00,11.954556924861231,12.119758072957557,11.906433991687614,12.008383750915527,158837004,0.0,0.0
2006-12-11 00:00:00-05:00,12.028475448378563,12.127199874522338,12.00069425609281,12.003918647766113,130405464,0.0,0.0
2006-12-12 00:00:00-05:00,12.001933650484405,12.064194371241385,11.913379629170894,11.950587272644043,167072760,0.0,0.0
2006-12-13 00:00:00-05:00,12.022770283414742,12.042862468449762,11.83251510989046,11.88138198852539,186297516,0.0,0.0
2006-12-14 00:00:00-05:00,11.912637036658364,11.999455518369167,11.838470347236765,11.959023475646973,189766044,0.0,0.0
2006-12-15 00:00:00-05:00,11.971920309129365,12.008384009613168,11.902465911624649,11.9138765335083,207424368,0.0,0.0
2006-12-18 00:00:00-05:00,11.96869676531144,11.974401604011279,11.428193784176628,11.479788780212402,320343336,0.0,0.0
2006-12-19 00:00:00-05:00,11.452999757346484,11.641269841850951,11.373127285186552,11.624402046203613,263216520,0.0,0.0
2006-12-20 00:00:00-05:00,11.658383818838306,11.695591463979078,11.46812959005201,11.482267379760742,174537288,0.0,0.0
2006-12-21 00:00:00-05:00,11.514017593801096,11.540559506779077,11.220326666409433,11.316073417663574,277853868,0.0,0.0
2006-12-22 00:00:00-05:00,11.348321132439658,11.376598604205665,11.230001739896503,11.300695419311523,159372468,0.0,0.0
2006-12-26 00:00:00-05:00,11.324010804343095,11.397185868151855,11.276137429694717,11.349064826965332,82889028,0.0,0.0
2006-12-27 00:00:00-05:00,11.410334581689801,11.610759228269654,11.388009614335745,11.609519004821777,169090740,0.0,0.0
2006-12-28 00:00:00-05:00,11.586944859230318,11.623159946358976,11.466144086231816,11.473834037780762,124523352,0.0,0.0
2006-12-29 00:00:00-05:00,11.462423681720644,11.521211401192035,11.40686035380926,11.422240257263184,102265632,0.0,0.0
2007-01-03 00:00:00-05:00,11.559164720068784,11.823585642349478,11.437867657663372,11.598604202270508,307951740,0.0,0.0
2007-01-04 00:00:00-05:00,11.63358099996451,12.004416335274064,11.617457149120952,11.987300872802734,315188496,0.0,0.0
2007-01-05 00:00:00-05:00,11.968447390969235,12.092472551720332,11.859552575736014,12.084782600402832,274609116,0.0,0.0
2007-01-08 00:00:00-05:00,12.097185208763763,12.151260645615146,11.961005477826832,11.99523639678955,189985824,0.0,0.0
2007-01-09 00:00:00-05:00,12.041623622358673,12.111077081776173,11.936201791827486,12.042863845825195,215040744,0.0,0.0
2007-01-10 00:00:00-05:00,12.016323169799248,12.242544851170468,11.957038217941532,12.141092300415039,238501260,0.0,0.0
2007-01-11 00:00:00-05:00,12.333083344167418,12.445946520898167,12.307782595181292,12.39559268951416,288039672,0.0,0.0
2007-01-12 00:00:00-05:00,12.451898783841763,12.526562690734863,12.40253751410518,12.526562690734863,178769052,0.0,0.0
2007-01-16 00:00:00-05:00,12.5898149766723,12.725003108691386,12.484393151600528,12.508703231811523,302453244,0.0,0.0
2007-01-17 00:00:00-05:00,12.486625484347954,12.595271697313603,12.263131941627412,12.335065841674805,267696036,0.0,0.0
2007-01-18 00:00:00-05:00,12.266603509386456,12.315221775537667,12.090736630281972,12.100658416748047,237042720,0.0,0.0
2007-01-19 00:00:00-05:00,12.10437986980583,12.173337991732396,12.073621951654154,12.148284912109375,198932868,0.0,0.0
2007-01-22 00:00:00-05:00,12.21649814535889,12.220218815236974,11.869226170482975,11.927270889282227,215955828,0.0,0.0
2007-01-23 00:00:00-05:00,11.926032729269537,12.024260888804621,11.839214247884334,11.882871627807617,186433380,0.0,0.0
2007-01-24 00:00:00-05:00,12.016817934129474,12.391127198842934,11.98804418318594,12.379467964172363,242129628,0.0,0.0
2007-01-25 00:00:00-05:00,12.427339970293449,12.514157485349417,12.046830604720036,12.10710620880127,254485260,0.0,0.0
2007-01-26 00:00:00-05:00,12.177554533387509,12.350445638194344,12.080814276440558,12.299346923828125,219640140,0.0,0.0
2007-01-29 00:00:00-05:00,12.352927775716921,12.371531128469131,12.16688952173323,12.215755462646484,190836972,0.0,0.0
2007-01-30 00:00:00-05:00,12.253704837927039,12.35292553716873,12.184747666654467,12.261642456054688,167052780,0.0,0.0
2007-01-31 00:00:00-05:00,12.315469266382392,12.526560547869996,12.29116013551948,12.439742088317871,487755756,0.0,0.0
2007-02-01 00:00:00-05:00,12.551366822584686,12.551614489124011,11.944385289890754,11.949843406677246,625721652,0.0,0.0
2007-02-02 00:00:00-05:00,11.971175195742447,12.030460138888444,11.852110921650446,11.943642616271973,251208540,0.0,0.0
2007-02-05 00:00:00-05:00,11.84442160861316,11.85682478772159,11.563876840761703,11.58793830871582,287987724,0.0,0.0
2007-02-06 00:00:00-05:00,11.611254264621936,11.74024032528001,11.590418134809584,11.69509506225586,212663124,0.0,0.0
2007-02-07 00:00:00-05:00,11.753138798841142,11.766285922173592,11.628121075078813,11.658631324768066,164627208,0.0,0.0
2007-02-08 00:00:00-05:00,11.610015193284246,11.751404446415588,11.53808034328031,11.683934211730957,162904932,0.0,0.0
2007-02-09 00:00:00-05:00,11.699313171607324,11.724862530669807,11.447542141881854,11.457216262817383,194149656,0.0,0.0
2007-02-12 00:00:00-05:00,11.42720200845093,11.469617270884148,11.286804370332614,11.36791706085205,229949820,0.0,0.0
2007-02-13 00:00:00-05:00,11.38924929473884,11.47929215957979,11.34236752723525,11.388009071350098,162341496,0.0,0.0
2007-02-14 00:00:00-05:00,11.410333329425494,11.636803588848316,11.390985089528233,11.557427406311035,227724048,0.0,0.0
2007-02-15 00:00:00-05:00,11.559164244665144,11.562388636311212,11.42819306701803,11.446796417236328,161534304,0.0,0.0
2007-02-16 00:00:00-05:00,11.47978852230543,11.662106088250743,11.461431892608111,11.656895637512207,246832920,0.0,0.0
2007-02-20 00:00:00-05:00,11.620431154827319,11.726597862663631,11.527164849105157,11.710474014282227,162541296,0.0,0.0
2007-02-21 00:00:00-05:00,11.65441554066964,11.873692130786582,11.602324270036387,11.803741455078125,225398376,0.0,0.0
2007-02-22 00:00:00-05:00,11.873941425573049,12.011610015749058,11.76728031359579,11.803495407104492,229526244,0.0,0.0
2007-02-23 00:00:00-05:00,11.801012822097299,11.830779126106398,11.603812594136741,11.673762321472168,155148696,0.0,0.0
2007-02-26 00:00:00-05:00,11.728584268052881,11.788611272147596,11.503353261334379,11.532623291015625,158637204,0.0,0.0
2007-02-27 00:00:00-05:00,11.286307461422536,11.405372683098314,11.092083949192935,11.1317720413208,372139488,0.0,0.0
2007-02-28 00:00:00-05:00,11.172452525498525,11.253316598451383,10.989638692562904,11.148638725280762,320970708,0.0,0.0
2007-03-01 00:00:00-05:00,10.980462387144785,11.222311619376985,10.914232378632303,11.118377685546875,347060592,0.0,0.0
2007-03-02 00:00:00-05:00,11.040985089360854,11.130035384974418,10.881487846374512,10.881487846374512,263080656,0.0,0.0
2007-03-05 00:00:00-05:00,10.840312396247613,11.050660710260958,10.839817063127548,10.937797546386719,253949796,0.0,0.0
2007-03-06 00:00:00-05:00,11.099527162617761,11.38552911640366,11.097294382304685,11.34956169128418,301046652,0.0,0.0
2007-03-07 00:00:00-05:00,11.477059375459486,11.488221385954377,11.268697119760446,11.302183151245117,261102636,0.0,0.0
2007-03-08 00:00:00-05:00,11.39098465452616,11.546760288645254,11.263982767316493,11.279361724853516,214297488,0.0,0.0
2007-03-09 00:00:00-05:00,11.36072310609019,11.37064489310807,11.164764031318215,11.235705375671387,198908892,0.0,0.0
2007-03-12 00:00:00-04:00,11.22603204973963,11.292509723392614,11.18981601514321,11.280106544494629,138477384,0.0,0.0
2007-03-13 00:00:00-04:00,11.165010522358742,11.210155782887588,10.984429480243351,10.98939037322998,254836908,0.0,0.0
2007-03-14 00:00:00-04:00,10.994351526643294,11.129043366530752,10.889425990672798,11.112671852111816,320355324,0.0,0.0
2007-03-15 00:00:00-04:00,11.10920032004961,11.157817641947103,11.011963785670272,11.06777572631836,157610232,0.0,0.0
2007-03-16 00:00:00-04:00,11.054381329924645,11.080427913693795,10.911504181402766,10.935317039489746,226137636,0.0,0.0
2007-03-19 00:00:00-04:00,10.99484913868588,11.125076379634589,10.929860296787972,11.093573570251465,207700092,0.0,0.0
2007-03-20 00:00:00-04:00,11.057851191027035,11.10274878089053,11.003528094414998,11.04520034790039,136723140,0.0,0.0
2007-03-21 00:00:00-04:00,11.045700667533954,11.325253846057244,11.043466941860538,11.324756622314453,231700068,0.0,0.0
2007-03-22 00:00:00-04:00,11.301440225434611,11.464160938097953,11.225040762688652,11.460936546325684,227000772,0.0,0.0
2007-03-23 00:00:00-04:00,11.446301115124136,11.4944221592693,11.337902569290355,11.455726623535156,164287548,0.0,0.0
2007-03-26 00:00:00-04:00,11.42397531848946,11.534358024597168,11.301686658134322,11.534358024597168,188223588,0.0,0.0
2007-03-27 00:00:00-04:00,11.498391290630952,11.540063550920946,11.418766494763812,11.500127792358398,149498352,0.0,0.0
2007-03-28 00:00:00-04:00,11.456718750346143,11.545273726543074,11.414054876085936,11.456968307495117,183480336,0.0,0.0
2007-03-29 00:00:00-04:00,11.523195071133552,11.559163436291232,11.28630675650058,11.433154106140137,159380460,0.0,0.0
2007-03-30 00:00:00-04:00,11.462424552940693,11.494671306868225,11.3145865195299,11.364691734313965,135072792,0.0,0.0
2007-04-02 00:00:00-04:00,11.354769322136203,11.373869895935059,11.21486891530114,11.373869895935059,137802060,0.0,0.0
2007-04-03 00:00:00-04:00,11.510793638295839,11.763805818195292,11.5095543602407,11.722877502441406,259811928,0.0,0.0
2007-04-04 00:00:00-04:00,11.71146552951166,11.732797935800182,11.647964588986218,11.683683395385742,151000848,0.0,0.0
2007-04-05 00:00:00-04:00,11.690632283328313,11.710228192902886,11.648959071866901,11.695841789245605,108523368,0.0,0.0
2007-04-09 00:00:00-04:00,11.732301564633145,11.732797842969338,11.548991471916647,11.613981246948242,122361516,0.0,0.0
2007-04-10 00:00:00-04:00,11.586201595479013,11.677980959920722,11.538328217588312,11.571566581726074,119052828,0.0,0.0
2007-04-11 00:00:00-04:00,11.560651899661341,11.643501086317963,11.475074599811677,11.522700309753418,152327520,0.0,0.0
2007-04-12 00:00:00-04:00,11.509553772736885,11.608773526042539,11.465896400672058,11.593642234802246,108207684,0.0,0.0
2007-04-13 00:00:00-04:00,11.619936776669366,11.627874395593283,11.493679764170365,11.566357612609863,111680208,0.0,0.0
2007-04-16 00:00:00-04:00,11.620184892486437,11.83177344350536,11.612494939831617,11.764303207397461,202912884,0.0,0.0
2007-04-17 00:00:00-04:00,11.75264488442011,11.816889783104354,11.698073161555591,11.727839469909668,128275596,0.0,0.0
2007-04-18 00:00:00-04:00,11.68963863394718,11.903955286313144,11.64672614827849,11.807462692260742,226593180,0.0,0.0
2007-04-19 00:00:00-04:00,11.77000683083965,11.95480483441757,11.648214441449838,11.699312210083008,439943616,0.0,0.0
2007-04-20 00:00:00-04:00,12.167383834790474,12.216498379648964,11.956541144528103,11.967950820922852,485973540,0.0,0.0
2007-04-23 00:00:00-04:00,11.908915276095327,12.030459995366808,11.863272789956033,11.883613586425781,226757016,0.0,0.0
2007-04-24 00:00:00-04:00,11.871954831143906,11.905938082575734,11.79605165570663,11.845165252685547,147640212,0.0,0.0
2007-04-25 00:00:00-04:00,11.906434465824422,11.940417720253672,11.809943764965853,11.856576919555664,158513328,0.0,0.0
2007-04-26 00:00:00-04:00,11.859304780733597,12.016816925341812,11.834747980600172,11.935705184936523,164831004,0.0,0.0
2007-04-27 00:00:00-04:00,11.90817310318335,11.965968273794983,11.865011057221176,11.881878852844238,116910972,0.0,0.0
2007-04-30 00:00:00-04:00,11.885352111856461,11.93992383693061,11.69261646270752,11.69261646270752,145502352,0.0,0.0
2007-05-01 00:00:00-04:00,11.712708730689847,11.728086744857789,11.513771033391006,11.633580207824707,146181672,0.0,0.0
2007-05-02 00:00:00-04:00,11.624897069195894,11.68517362564585,11.55246689106826,11.553706169128418,122385492,0.0,0.0
2007-05-03 00:00:00-04:00,11.56462075222835,11.759341494332123,11.541552786455457,11.738505363464355,143624232,0.0,0.0
2007-05-04 00:00:00-04:00,11.661361349733602,11.77844146494954,11.55618813552577,11.686166763305664,157842000,0.0,0.0
2007-05-07 00:00:00-04:00,11.71146755687639,11.72833440631572,11.570822250939548,11.590666770935059,120683196,0.0,0.0
2007-05-08 00:00:00-04:00,11.562388264516647,11.612990698892325,11.527661066600311,11.579256057739258,116087796,0.0,0.0
2007-05-09 00:00:00-04:00,11.562883365128844,11.701295875629702,11.506577039018987,11.639780044555664,155440404,0.0,0.0
2007-05-10 00:00:00-04:00,11.584961268418057,11.645733157756679,11.435634407105349,11.446796417236328,147304548,0.0,0.0
2007-05-11 00:00:00-04:00,11.455727021723801,11.583970090927274,11.435139502435979,11.577519416809082,117646236,0.0,0.0
2007-05-14 00:00:00-04:00,11.546265253056351,11.596618129830008,11.410333187665493,11.454485893249512,154753092,0.0,0.0
2007-05-15 00:00:00-04:00,11.458951631459062,11.473338032861982,11.346088473859899,11.360722541809082,164595240,0.0,0.0
2007-05-16 00:00:00-04:00,11.459942885785683,11.736270681766939,11.386023876951711,11.723124504089355,261905832,0.0,0.0
2007-05-17 00:00:00-04:00,11.719403305374604,11.78786513964182,11.678474993789113,11.682195663452148,186237576,0.0,0.0
2007-05-18 00:00:00-04:00,11.708737948762206,11.725356184220958,11.652182066551639,11.66632080078125,147688164,0.0,0.0
2007-05-21 00:00:00-04:00,11.646726402612844,11.886591473076292,11.577024333876295,11.67326831817627,246125628,0.0,0.0
2007-05-22 00:00:00-04:00,11.732799167877376,11.881877415735831,11.732799167877376,11.803741455078125,153406440,0.0,0.0
2007-05-23 00:00:00-04:00,11.926774136484593,11.991019023899645,11.751402599646491,11.756858825683594,202205592,0.0,0.0
2007-05-24 00:00:00-04:00,11.786131738225071,11.886591728078342,11.695592590661636,11.765790939331055,166777056,0.0,0.0
2007-05-25 00:00:00-04:00,11.898994462641477,12.029220755660825,11.838717903809435,11.993748664855957,213726060,0.0,0.0
2007-05-29 00:00:00-04:00,12.030460971526905,12.19913513517495,12.00565555822304,12.082799911499023,208511280,0.0,0.0
2007-05-30 00:00:00-04:00,12.018059661147257,12.373763700225838,11.980851065685748,12.367810249328613,289542168,0.0,0.0
2007-05-31 00:00:00-04:00,12.41642837808633,12.620325073139316,12.329609905118456,12.350693702697754,356615028,0.0,0.0
2007-06-01 00:00:00-04:00,12.427341099633157,12.527057134159373,12.351189308176414,12.412458419799805,191768040,0.0,0.0
2007-06-04 00:00:00-04:00,12.350693350595426,12.663238142843532,12.342755732086362,12.57790756225586,283755960,0.0,0.0
2007-06-05 00:00:00-04:00,12.64438580688847,12.87383279191511,12.566497514005736,12.869863510131836,417466116,0.0,0.0
2007-06-06 00:00:00-04:00,12.818021730455145,12.91798638331126,12.781061749726812,12.855229377746582,315152532,0.0,0.0
2007-06-07 00:00:00-04:00,12.892436321251825,13.05987119756929,12.712847823453407,12.776100158691406,424794780,0.0,0.0
2007-06-08 00:00:00-04:00,12.804378744648577,12.88970743445457,12.637192477945714,12.78676700592041,254073672,0.0,0.0
2007-06-11 00:00:00-04:00,12.750305082495665,12.855230639248164,12.650589031709606,12.68382740020752,185722092,0.0,0.0
2007-06-12 00:00:00-04:00,12.618587769009688,12.692011446612378,12.481167812472206,12.520855903625488,256523220,0.0,0.0
2007-06-13 00:00:00-04:00,12.578403777769088,12.61437025208447,12.37004059963764,12.532514572143555,281078640,0.0,0.0
2007-06-14 00:00:00-04:00,12.535988031959759,12.54839121116145,12.444704943567821,12.472983360290527,184663152,0.0,0.0
2007-06-15 00:00:00-04:00,12.60569052066956,12.62578270745034,12.433047070530414,12.548639297485352,246717036,0.0,0.0
2007-06-18 00:00:00-04:00,12.555832222701758,12.79941891474781,12.507711174653387,12.779574394226074,193242564,0.0,0.0
2007-06-19 00:00:00-04:00,12.7500574000291,12.830425207543025,12.688788278491382,12.757498741149902,174037788,0.0,0.0
2007-06-20 00:00:00-04:00,12.823230589420955,12.867631908310615,12.62726963035122,12.649842262268066,173354472,0.0,0.0
2007-06-21 00:00:00-04:00,12.67489519316971,12.781805846663763,12.558312310223755,12.752535820007324,176211612,0.0,0.0
2007-06-22 00:00:00-04:00,12.809835671632122,13.022415826051292,12.801898052707358,13.022168159484863,287859852,0.0,0.0
2007-06-25 00:00:00-04:00,13.121387683367043,13.270465938368751,12.982479827370847,13.08269214630127,316683000,0.0,0.0
2007-06-26 00:00:00-04:00,13.214406317901998,13.226063660727858,13.053421173729967,13.15313720703125,227352420,0.0,0.0
2007-06-27 00:00:00-04:00,13.022662656907091,13.096830281162259,12.887723143845648,13.05466079711914,244679076,0.0,0.0
2007-06-28 00:00:00-04:00,13.019687633412435,13.134287309665568,12.992898049597818,13.02291202545166,166569264,0.0,0.0
2007-06-29 00:00:00-04:00,13.047964367170996,13.082195287558601,12.885242716762237,12.965611457824707,155068776,0.0,0.0
2007-07-02 00:00:00-04:00,13.034816574262228,13.192577323215009,13.002818435644498,13.156113624572754,139364496,0.0,0.0
2007-07-03 00:00:00-04:00,13.172982676678137,13.255830922792578,13.084676313280344,13.254343032836914,74797128,0.0,0.0
2007-07-05 00:00:00-04:00,13.284604044208944,13.503881579727626,13.200019300286456,13.435171127319336,197518284,0.0,0.0
2007-07-06 00:00:00-04:00,13.425745308868363,13.490734144477749,13.363236919871907,13.379855155944824,109770120,0.0,0.0
2007-07-09 00:00:00-04:00,13.469153898433714,13.611534746196886,13.401187393403392,13.458239555358887,149042808,0.0,0.0
2007-07-10 00:00:00-04:00,13.488751618355815,13.568376422083972,13.4356687309678,13.47758960723877,154085760,0.0,0.0
2007-07-11 00:00:00-04:00,13.484284726299668,13.555970953446023,13.394986761855709,13.505616188049316,132239628,0.0,0.0
2007-07-12 00:00:00-04:00,13.540097969413038,13.576314006746097,13.40019754977478,13.526951789855957,137526336,0.0,0.0
2007-07-13 00:00:00-04:00,13.590948293639357,13.709020971428348,13.574577721897809,13.696370124816895,209274516,0.0,0.0
2007-07-16 00:00:00-04:00,13.650231757000027,13.85561823885368,13.625674955070684,13.716958045959473,263716020,0.0,0.0
2007-07-17 00:00:00-04:00,13.767806797013858,13.834532134115744,13.701825404835246,13.766815185546875,172970856,0.0,0.0
2007-07-18 00:00:00-04:00,13.739279262033577,13.754410551902525,13.489244787941841,13.630385398864746,242956800,0.0,0.0
2007-07-19 00:00:00-04:00,13.7286165307307,13.730105366037096,13.45030358412184,13.607815742492676,444642912,0.0,0.0
2007-07-20 00:00:00-04:00,12.697717495991956,12.977519274281685,12.638184880937207,12.901615142822266,710181108,0.0,0.0
2007-07-23 00:00:00-04:00,12.87408148834589,12.898638290064078,12.703919432864685,12.712848663330078,254013732,0.0,0.0
2007-07-24 00:00:00-04:00,12.63322352409772,12.866143524919137,12.578900416600952,12.749807357788086,222661116,0.0,0.0
2007-07-25 00:00:00-04:00,12.82372647469214,12.824719031521706,12.540453591410387,12.644634246826172,221578200,0.0,0.0
2007-07-26 00:00:00-04:00,12.61933454689868,12.714834598942655,12.374756216694934,12.600979804992676,275060664,0.0,0.0
2007-07-27 00:00:00-04:00,12.614124231733783,12.81479653942224,12.538964991312834,12.697468757629395,220143636,0.0,0.0
2007-07-30 00:00:00-04:00,12.723019332705118,12.88226704740641,12.66299043853974,12.802146911621094,158373468,0.0,0.0
2007-07-31 00:00:00-04:00,12.904343203321645,12.909551763192985,12.65058708190918,12.65058708190918,170649180,0.0,0.0
2007-08-01 00:00:00-04:00,12.662989380957496,12.812068574404737,12.60444932698525,12.72351360321045,176950872,0.0,0.0
2007-08-02 00:00:00-04:00,12.742861722895954,12.774364529707327,12.62578161605957,12.675640106201172,126069804,0.0,0.0
2007-08-03 00:00:00-04:00,12.651826863792252,12.729962821473437,12.476951599121094,12.476951599121094,126920952,0.0,0.0
2007-08-06 00:00:00-04:00,12.4769520344668,12.65430775190076,12.464548855869365,12.65058708190918,145913940,0.0,0.0
2007-08-07 00:00:00-04:00,12.644385428714314,12.895660147511151,12.626773690992858,12.799912452697754,170401428,0.0,0.0
2007-08-08 00:00:00-04:00,12.882267273429653,13.042012214660645,12.826456272333619,13.042012214660645,162589248,0.0,0.0
2007-08-09 00:00:00-04:00,12.91848185359895,13.067808711841817,12.765434325388911,12.767914772033691,193666140,0.0,0.0
2007-08-10 00:00:00-04:00,12.65505091098003,12.866886147256995,12.542187759034254,12.79321575164795,234772992,0.0,0.0
2007-08-13 00:00:00-04:00,12.88722822408167,12.89243678414735,12.725746792078077,12.787014961242676,127044828,0.0,0.0
2007-08-14 00:00:00-04:00,12.792472726298387,12.834145935217093,12.600978257814218,12.615860939025879,145202652,0.0,0.0
2007-08-15 00:00:00-04:00,12.625782222231317,12.692507563741101,12.32092737379999,12.341764450073242,216163620,0.0,0.0
2007-08-16 00:00:00-04:00,12.20459335064656,12.313983521690155,11.917847436987543,12.192190170288086,345478176,0.0,0.0
2007-08-17 00:00:00-04:00,12.339035659183391,12.427342023854917,12.195414574117088,12.403529167175293,218956824,0.0,0.0
2007-08-20 00:00:00-04:00,12.463556195817775,12.46603758775044,12.303314994497502,12.350940704345703,107784108,0.0,0.0
2007-08-21 00:00:00-04:00,12.376242626323924,12.604945671674693,12.347221211027861,12.566497802734375,144279576,0.0,0.0
2007-08-22 00:00:00-04:00,12.64959476654768,12.805619023791204,12.631983027742777,12.718801498413086,129977892,0.0,0.0
2007-08-23 00:00:00-04:00,12.799417754543917,12.802642146167978,12.576171881694924,12.704910278320312,122944932,0.0,0.0
2007-08-24 00:00:00-04:00,12.715329376581746,12.788256783566508,12.613380552038018,12.774613380432129,98809092,0.0,0.0
2007-08-27 00:00:00-04:00,12.760473394555037,12.835384017357594,12.685314159913434,12.731451034545898,92910996,0.0,0.0
2007-08-28 00:00:00-04:00,12.68853935466827,12.774116659662775,12.546157549378506,12.56128978729248,130825044,0.0,0.0
2007-08-29 00:00:00-04:00,12.597007199062478,12.732442036747749,12.581875908122608,12.722024917602539,101870028,0.0,0.0
2007-08-30 00:00:00-04:00,12.709128944325856,12.784535856962725,12.66497528594931,12.68531608581543,105961932,0.0,0.0
2007-08-31 00:00:00-04:00,12.727480774298547,12.811817844073676,12.687049686274246,12.78081226348877,118984896,0.0,0.0
2007-09-04 00:00:00-04:00,12.775106795429139,13.097077070732185,12.765185009397323,13.026383399963379,147600252,0.0,0.0
2007-09-05 00:00:00-04:00,12.982974817908284,13.133789570740328,12.95444873530853,13.092117309570312,132383484,0.0,0.0
2007-09-06 00:00:00-04:00,13.1308136892074,13.14247292390235,12.854982135144443,12.985952377319336,144890964,0.0,0.0
2007-09-07 00:00:00-04:00,12.845555924638612,12.929396732359692,12.819262620017483,12.882515907287598,146397456,0.0,0.0
2007-09-10 00:00:00-04:00,12.930387172674456,12.949983078321594,12.672415062548282,12.761713027954102,128902968,0.0,0.0
2007-09-11 00:00:00-04:00,12.823974572521921,12.939565845675602,12.792719431857767,12.931628227233887,108035856,0.0,0.0
2007-09-12 00:00:00-04:00,12.911784121840713,13.096583077339425,12.873833475445391,12.964370727539062,119320560,0.0,0.0
2007-09-13 00:00:00-04:00,12.999347739598072,13.077482759415805,12.97851066298215,13.017207145690918,75568356,0.0,0.0
2007-09-14 00:00:00-04:00,12.978013082919567,13.153384625048455,12.953704895674758,13.115681648254395,110485404,0.0,0.0
2007-09-17 00:00:00-04:00,13.060613941463993,13.128828113987476,12.999594387535842,13.030104637145996,87812100,0.0,0.0
2007-09-18 00:00:00-04:00,13.060367641194924,13.326526964210853,13.004556641204928,13.277412414550781,168459372,0.0,0.0
2007-09-19 00:00:00-04:00,13.376631943051155,13.62914785848395,13.366462489158945,13.564654350280762,220854924,0.0,0.0
2007-09-20 00:00:00-04:00,13.568375219027697,13.811464666887597,13.544313751735894,13.71298885345459,220779000,0.0,0.0
2007-09-21 00:00:00-04:00,13.800053785554912,13.910436497282957,13.712988595730383,13.89332103729248,320147532,0.0,0.0
2007-09-24 00:00:00-04:00,13.915646610475404,14.175108543075908,13.89084214122309,14.089778900146484,211668120,0.0,0.0
2007-09-25 00:00:00-04:00,13.990060977243266,14.127977220154726,13.961783506061664,14.114086151123047,109114776,0.0,0.0
2007-09-26 00:00:00-04:00,14.148812649061613,14.183292180724878,13.985347056398096,14.093249320983887,133710156,0.0,0.0
2007-09-27 00:00:00-04:00,14.18180408571363,14.18205175225688,14.034213731778705,14.076878547668457,82169748,0.0,0.0
2007-09-28 00:00:00-04:00,14.064475319375767,14.127728598063644,13.993036755991735,14.071172714233398,105474420,0.0,0.0
2007-10-01 00:00:00-04:00,14.138146801181865,14.494843343216171,14.129217571479062,14.450194358825684,188263548,0.0,0.0
2007-10-02 00:00:00-04:00,14.4707850833654,14.80391743460174,14.38719193968079,14.495838165283203,282417300,0.0,0.0
2007-10-03 00:00:00-04:00,14.541974714849385,14.609939334912251,14.395873185139845,14.486659049987793,155024820,0.0,0.0
2007-10-04 00:00:00-04:00,14.513199157994356,14.513199157994356,14.314013823155067,14.362879753112793,119348532,0.0,0.0
2007-10-05 00:00:00-04:00,14.563305493819483,14.78382325261972,14.560825992442027,14.735452651977539,202545252,0.0,0.0
2007-10-08 00:00:00-04:00,14.75901786981526,15.137544052446701,14.732973179732621,15.121668815612793,200918880,0.0,0.0
2007-10-09 00:00:00-04:00,15.257846971547247,15.472907550087934,15.091156991730674,15.259583473205566,350361288,0.0,0.0
2007-10-10 00:00:00-04:00,15.41288132985663,15.520038713344537,15.29976955052375,15.512845039367676,215208576,0.0,0.0
2007-10-11 00:00:00-04:00,15.71748675337985,15.910220488336543,15.106289179167792,15.428755760192871,471488040,0.0,0.0
2007-10-12 00:00:00-04:00,15.477868889029194,15.835557991596813,15.335487092451748,15.810504913330078,272675052,0.0,0.0
2007-10-15 00:00:00-04:00,15.837296043329623,15.871774633154727,15.2687632487348,15.381874084472656,277474248,0.0,0.0
2007-10-16 00:00:00-04:00,15.341689785345404,15.525991515881843,15.180456965768768,15.279924392700195,240770988,0.0,0.0
2007-10-17 00:00:00-04:00,15.638357953282519,15.726415700788298,15.418584139051664,15.713517189025879,240978780,0.0,0.0
2007-10-18 00:00:00-04:00,15.761389736885725,15.909228699213232,15.589986532396383,15.86582088470459,491076432,0.0,0.0
2007-10-19 00:00:00-04:00,16.236407482886023,16.333891678522352,15.955366462504594,15.992077827453613,630928440,0.0,0.0
2007-10-22 00:00:00-04:00,15.84225473871396,16.24732186805951,15.782970742968455,16.14189910888672,266309424,0.0,0.0
2007-10-23 00:00:00-04:00,16.402354104639947,16.80791658057477,16.37134852184077,16.762523651123047,271476252,0.0,0.0
2007-10-24 00:00:00-04:00,16.6866219258896,16.804694598528457,16.36043560408396,16.763765335083008,295871832,0.0,0.0
2007-10-25 00:00:00-04:00,16.834705736667598,16.841899409812825,16.459403962756273,16.58243751525879,231588180,0.0,0.0
2007-10-26 00:00:00-04:00,16.719363644682613,16.78162247735874,16.571276064448526,16.733501434326172,134021844,0.0,0.0
2007-10-29 00:00:00-04:00,16.812132584375153,16.867449190909472,16.671240569311166,16.84834861755371,122529348,0.0,0.0
2007-10-30 00:00:00-04:00,16.805683906175528,17.36131718752099,16.805683906175528,17.23381996154785,275747976,0.0,0.0
2007-10-31 00:00:00-04:00,17.38066609370425,17.537187576293945,17.265323429960862,17.537187576293945,274796928,0.0,0.0
2007-11-01 00:00:00-04:00,17.432755352749737,17.70387457752246,17.40770133115573,17.443174362182617,260826912,0.0,0.0
2007-11-02 00:00:00-04:00,17.624252958428052,17.70040380834882,17.297569423284212,17.642608642578125,233426340,0.0,0.0
2007-11-05 00:00:00-05:00,17.536937418188913,18.11340683176334,17.514116174661986,17.999799728393555,354992652,0.0,0.0
2007-11-06 00:00:00-05:00,18.29523046749331,18.400156021118164,17.983679143912838,18.400156021118164,337114548,0.0,0.0
2007-11-07 00:00:00-05:00,18.383782463309696,18.535341151577025,17.9375402949508,18.18062973022461,330609060,0.0,0.0
2007-11-08 00:00:00-05:00,18.22180278247767,18.228996454854784,16.79749535407517,17.21074867248535,659827512,0.0,0.0
2007-11-09 00:00:00-05:00,16.762771775793542,16.914082805157477,16.40136199612118,16.469823837280273,455068476,0.0,0.0
2007-11-12 00:00:00-05:00,16.31529004217402,16.61766255637895,15.533185505569675,15.678543090820312,408682908,0.0,0.0
2007-11-13 00:00:00-05:00,15.999022222436258,16.394167571479503,15.678541718444926,16.38498878479004,337478184,0.0,0.0
2007-11-14 00:00:00-05:00,16.70075982042625,16.75557920839979,15.78272507561104,15.916919708251953,323464212,0.0,0.0
2007-11-15 00:00:00-05:00,15.839773839596692,16.061284137390196,15.478364092171269,15.618512153625488,278429292,0.0,0.0
2007-11-16 00:00:00-05:00,15.724927441444208,15.763376256881097,15.280421739233866,15.717239379882812,361350288,0.0,0.0
2007-11-19 00:00:00-05:00,15.61702577455748,15.79512638576307,15.341937239217538,15.52425479888916,220874904,0.0,0.0
2007-11-20 00:00:00-05:00,15.787933793263099,16.34902430071381,15.698388148420358,16.08708381652832,393230376,0.0,0.0
2007-11-21 00:00:00-05:00,15.968760654439093,16.618654714446826,15.926840726489223,16.384246826171875,280259460,0.0,0.0
2007-11-23 00:00:00-05:00,16.61940121165667,16.824786758632566,16.572518495117876,16.785594940185547,109438452,0.0,0.0
2007-11-26 00:00:00-05:00,16.872410745289166,17.19983727483075,16.49537339073834,16.520179748535156,271332396,0.0,0.0
2007-11-27 00:00:00-05:00,16.738460839297108,16.778892872251554,16.12974567449731,16.707950592041016,355823820,0.0,0.0
2007-11-28 00:00:00-05:00,16.919789266428875,17.222161780130257,16.672481915255418,17.171560287475586,316343340,0.0,0.0
2007-11-29 00:00:00-05:00,17.134099499915074,17.432753155080047,17.060179558260096,17.28913116455078,248071680,0.0,0.0
2007-11-30 00:00:00-05:00,17.636410350100924,17.637898240279068,16.919791772636955,17.189918518066406,315504180,0.0,0.0
2007-12-03 00:00:00-05:00,17.140554004055517,17.23952420510266,16.895727109650597,16.9054012298584,172830996,0.0,0.0
2007-12-04 00:00:00-05:00,16.825530248571425,17.165109461127365,16.79601066331817,16.970638275146484,169102728,0.0,0.0
2007-12-05 00:00:00-05:00,17.183222807637872,17.337014319262032,17.053490878254134,17.326595306396484,168215616,0.0,0.0
2007-12-06 00:00:00-05:00,17.308978023471372,17.77432266290508,17.28938400774405,17.742074966430664,196163640,0.0,0.0
2007-12-07 00:00:00-05:00,17.735380488887788,17.810043452525935,17.624004264566743,17.732404708862305,153929916,0.0,0.0
2007-12-10 00:00:00-05:00,17.760183754444025,17.97871640364442,17.710822486704835,17.820459365844727,154093752,0.0,0.0
2007-12-11 00:00:00-05:00,17.858166332336424,17.88421102452002,17.333289027105934,17.343708038330078,245318436,0.0,0.0
2007-12-12 00:00:00-05:00,17.710820312835345,17.718756985114428,17.078291353552682,17.34742546081543,246117636,0.0,0.0
2007-12-13 00:00:00-05:00,17.272021085645893,17.304516452605153,16.89746414965172,17.21596336364746,201430368,0.0,0.0
2007-12-14 00:00:00-05:00,17.053734839787335,17.35610923620174,17.04753561355549,17.1145076751709,146793060,0.0,0.0
2007-12-17 00:00:00-05:00,17.06588833649063,17.24994238757223,16.46238169546143,16.600297927856445,219220560,0.0,0.0
2007-12-18 00:00:00-05:00,16.722586814327563,16.785840093316544,16.185309223905136,16.702495574951172,286381332,0.0,0.0
2007-12-19 00:00:00-05:00,16.723824334290576,16.855044097722054,16.59458968405522,16.802207946777344,176667156,0.0,0.0
2007-12-20 00:00:00-05:00,17.012062328831885,17.140304447644354,16.882579986674372,17.107810974121094,176711112,0.0,0.0
2007-12-21 00:00:00-05:00,17.310964151378208,17.345195072793455,17.195869153371063,17.28144645690918,215064720,0.0,0.0
2007-12-24 00:00:00-05:00,17.239278644739883,17.38166046142578,17.191405261540613,17.38166046142578,65070864,0.0,0.0
2007-12-26 00:00:00-05:00,17.338496289394637,17.69147213331246,17.31914805109695,17.632436752319336,101098800,0.0,0.0
2007-12-27 00:00:00-05:00,17.53892140226126,17.76042981120819,17.38190460205078,17.38190460205078,117582300,0.0,0.0
2007-12-28 00:00:00-05:00,17.48583839676457,17.560750909198028,17.277724767243,17.426307678222656,102405492,0.0,0.0
2007-12-31 00:00:00-05:00,17.32808383451878,17.425320395837453,17.12989193143125,17.1522159576416,94952952,0.0,0.0
2008-01-02 00:00:00-05:00,17.186690054608828,17.298313937607652,16.811142482663954,16.996187210083008,172103724,0.0,0.0
2008-01-03 00:00:00-05:00,16.997923028299656,17.03736250528386,16.781125956983203,16.999658584594727,129969900,0.0,0.0
2008-01-04 00:00:00-05:00,16.85975920197657,16.891262010149315,16.247323285306074,16.296932220458984,214177608,0.0,0.0
2008-01-07 00:00:00-05:00,16.221031513196074,16.427906854231434,15.809516447541991,16.10469627380371,255879864,0.0,0.0
2008-01-08 00:00:00-05:00,16.197711768918317,16.370356149525474,15.652000271413836,15.668868064880371,213350436,0.0,0.0
2008-01-09 00:00:00-05:00,15.628189541753276,16.206147869624473,15.441407346062475,16.202674865722656,269318412,0.0,0.0
2008-01-10 00:00:00-05:00,15.999520012707446,16.301892511153266,15.877974344908566,16.042184829711914,253114632,0.0,0.0
2008-01-11 00:00:00-05:00,15.942220367909266,16.110149634082738,15.62992513387081,15.83183765411377,198880920,0.0,0.0
2008-01-14 00:00:00-05:00,16.151573295998446,16.30685265318284,16.005470834821416,16.21805191040039,177722100,0.0,0.0
2008-01-15 00:00:00-05:00,16.021596178350475,16.099732137995485,15.760646386050594,15.816953659057617,222505272,0.0,0.0
2008-01-16 00:00:00-05:00,15.601646514552213,15.874998542856734,14.93091634365249,15.27868366241455,421977600,0.0,0.0
2008-01-17 00:00:00-05:00,15.397998036470439,15.521525986127934,14.833681276254538,14.902640342712402,328343328,0.0,0.0
2008-01-18 00:00:00-05:00,15.090411664378253,15.13084369601973,14.84459319275646,14.889242172241211,341242416,0.0,0.0
2008-01-22 00:00:00-05:00,13.94119436966515,14.821029778532905,13.920605906315354,14.494843482971191,379679940,0.0,0.0
2008-01-23 00:00:00-05:00,13.908453575577308,14.089282311734408,12.873834041050689,13.608559608459473,677949372,0.0,0.0
2008-01-24 00:00:00-05:00,13.861075095891843,14.3792530979398,13.745482872269427,14.250267028808594,375659964,0.0,0.0
2008-01-25 00:00:00-05:00,14.679889212355384,14.759017729220563,14.044135800111325,14.049592971801758,278361360,0.0,0.0
2008-01-28 00:00:00-05:00,14.162951188498887,14.194453047309867,13.608061897347426,13.791122436523438,232435332,0.0,0.0
2008-01-29 00:00:00-05:00,13.902499361329363,13.923830825128444,13.411358619116756,13.655689239501953,251068680,0.0,0.0
2008-01-30 00:00:00-05:00,13.62269765659879,13.901506865941112,13.481804689351183,13.59987735748291,317266416,0.0,0.0
2008-01-31 00:00:00-05:00,13.370181880494778,14.213305907123587,13.253101776312517,13.997502326965332,594257148,0.0,0.0
2008-02-01 00:00:00-05:00,13.11369874190865,13.312138267096099,12.650587791740211,12.796936988830566,703315980,0.0,0.0
2008-02-04 00:00:00-05:00,12.627516841963986,12.719543868046733,12.217737424054523,12.289175987243652,525757716,0.0,0.0
2008-02-05 00:00:00-05:00,12.140348532152201,12.625783548509228,12.117775897002891,12.571212768554688,447683868,0.0,0.0
2008-02-06 00:00:00-05:00,12.67886553096846,12.679609475965785,12.351190372229075,12.444952964782715,305150544,0.0,0.0
2008-02-07 00:00:00-05:00,12.324648708405903,12.754520332928024,12.272557436848087,12.525321006774902,316838844,0.0,0.0
2008-02-08 00:00:00-05:00,12.635952026573925,12.842330103608173,12.618340288163571,12.816532135009766,272882844,0.0,0.0
2008-02-11 00:00:00-05:00,12.911536795271363,12.990665317754017,12.7349250109616,12.927412033081055,232806960,0.0,0.0
2008-02-12 00:00:00-05:00,12.98272572086324,13.161570258186298,12.72574522980964,12.851258277893066,266225508,0.0,0.0
2008-02-13 00:00:00-05:00,12.960651673698472,13.270466485435136,12.866144189425647,13.2612886428833,264723012,0.0,0.0
2008-02-14 00:00:00-05:00,13.35381041360643,13.42053669593111,13.171492861817478,13.202499389648438,258808932,0.0,0.0
2008-02-15 00:00:00-05:00,13.104768510143588,13.21267078136836,13.006044081098823,13.1377592086792,209394396,0.0,0.0
2008-02-19 00:00:00-05:00,13.26922586665165,13.272202591889538,12.56376939874671,12.624542236328125,253761984,0.0,0.0
2008-02-20 00:00:00-05:00,12.489601330167318,12.67563954720799,12.373265173398039,12.625781059265137,266221512,0.0,0.0
2008-02-21 00:00:00-05:00,12.72128002054908,12.730210195187166,12.390132848132769,12.473477363586426,226884888,0.0,0.0
2008-02-22 00:00:00-05:00,12.45363507973431,12.625782245138607,12.341764472465233,12.596016883850098,220415364,0.0,0.0
2008-02-25 00:00:00-05:00,12.55012633672436,12.56376879355632,12.048816148635654,12.066179275512695,334577088,0.0,0.0
2008-02-26 00:00:00-05:00,11.440098391031746,11.570819993529328,11.084144886314203,11.514265060424805,930560508,0.0,0.0
2008-02-27 00:00:00-05:00,11.413558011672341,11.794563697555223,11.401404390082796,11.729326248168945,404471124,0.0,0.0
2008-02-28 00:00:00-05:00,11.67078574265872,11.88386120938619,11.592898396298539,11.792083740234375,263212524,0.0,0.0
2008-02-29 00:00:00-05:00,11.70477185660097,11.899987005479717,11.525678667909366,11.687655448913574,376638984,0.0,0.0
2008-03-03 00:00:00-05:00,11.695839939244996,11.725853910614354,11.165011126846512,11.336414337158203,301877820,0.0,0.0
2008-03-04 00:00:00-05:00,11.18584868712848,11.245628025673977,10.80955524361824,11.028336524963379,544323132,0.0,0.0
2008-03-05 00:00:00-05:00,11.044458449757023,11.265720158406959,11.013451920406768,11.105231285095215,297166536,0.0,0.0
2008-03-06 00:00:00-05:00,11.10498311511527,11.244140530249028,10.695451324483837,10.733155250549316,298505196,0.0,0.0
2008-03-07 00:00:00-05:00,10.638399081245444,10.914231547632415,10.572913967984954,10.74927806854248,322549128,0.0,0.0
2008-03-10 00:00:00-04:00,10.637158416890417,10.690986189985368,10.245486996761711,10.25987434387207,319184496,0.0,0.0
2008-03-11 00:00:00-04:00,10.548605604445285,10.917953013673873,10.53347431199636,10.910263061523438,352722924,0.0,0.0
2008-03-12 00:00:00-04:00,10.914480416841727,11.109696500133573,10.866359369667904,10.91869831085205,265809924,0.0,0.0
2008-03-13 00:00:00-04:00,10.73241116814001,11.087372178820665,10.635919519246153,10.988895416259766,308754936,0.0,0.0
2008-03-14 00:00:00-04:00,10.988150566533509,11.145911317832546,10.68155923882517,10.86263656616211,262713024,0.0,0.0
2008-03-17 00:00:00-04:00,10.616322753123224,10.758209226283189,10.222418535530513,10.41490650177002,315212472,0.0,0.0
2008-03-18 00:00:00-04:00,10.640880464956348,10.935068640099967,10.555303159643117,10.893396377563477,289198512,0.0,0.0
2008-03-19 00:00:00-04:00,10.941766666431008,11.10027138561471,10.707607370078987,10.715792655944824,246912840,0.0,0.0
2008-03-20 00:00:00-04:00,10.59970554617035,10.807571546617565,10.356119784750227,10.754240989685059,396139464,0.0,0.0
2008-03-24 00:00:00-04:00,10.87528891135207,11.553707216556115,10.857677170976812,11.424225807189941,270269460,0.0,0.0
2008-03-25 00:00:00-04:00,11.34732947194134,11.347577138504512,11.06306308436868,11.181631088256836,233030736,0.0,0.0
2008-03-26 00:00:00-04:00,11.226528693854366,11.481525074554133,11.14467205191276,11.365437507629395,208818972,0.0,0.0
2008-03-27 00:00:00-04:00,11.063061880224286,11.127802101849396,10.926385873334098,11.015436172485352,233054712,0.0,0.0
2008-03-28 00:00:00-04:00,11.099279077532314,11.250838737721079,10.773092734383601,10.866607666015625,174872952,0.0,0.0
2008-03-31 00:00:00-04:00,10.806081750523926,10.980957018087427,10.716038891562146,10.92588996887207,177678144,0.0,0.0
2008-04-01 00:00:00-04:00,11.106223618755116,11.571566380338272,11.084642598333678,11.551969528198242,243480276,0.0,0.0
2008-04-02 00:00:00-04:00,11.655904128765306,11.800765436905504,11.420007397484817,11.551722526550293,239720040,0.0,0.0
2008-04-03 00:00:00-04:00,11.453244652321157,11.491941128196704,11.115895438056606,11.28928279876709,270864864,0.0,0.0
2008-04-04 00:00:00-04:00,11.336165804552095,11.852607230821638,11.316072675936084,11.685420036315918,235652112,0.0,0.0
2008-04-07 00:00:00-04:00,11.832764208111856,12.041374128240841,11.745945735939525,11.827554702758789,237502260,0.0,0.0
2008-04-08 00:00:00-04:00,11.733793047912124,11.761077964348065,11.460193321480588,11.6040620803833,181698120,0.0,0.0
2008-04-09 00:00:00-04:00,11.6368023243047,11.70799321430662,11.349311596716515,11.514265060424805,241682076,0.0,0.0
2008-04-10 00:00:00-04:00,11.53336642031392,11.754130887374084,11.45622207567074,11.635562896728516,202693104,0.0,0.0
2008-04-11 00:00:00-04:00,11.511289770033695,11.590418287286093,11.286556008725514,11.34708023071289,166621212,0.0,0.0
2008-04-14 00:00:00-04:00,11.339886183862404,11.347079857065228,11.16600253016466,11.203458786010742,153550296,0.0,0.0
2008-04-15 00:00:00-04:00,11.363948944073568,11.40338937261743,11.00650747619176,11.08389949798584,182920896,0.0,0.0
2008-04-16 00:00:00-04:00,11.023374249369507,11.367667615435305,10.939036227940024,11.287052154541016,304922772,0.0,0.0
2008-04-17 00:00:00-04:00,11.301935608550764,11.394706587715255,11.075961611085614,11.150873184204102,533585880,0.0,0.0
2008-04-18 00:00:00-04:00,13.275924360549007,13.585739166628999,13.016958714787725,13.380105018615723,728694576,0.0,0.0
2008-04-21 00:00:00-04:00,13.379609093476875,13.45898528519137,13.153883698177218,13.339920997619629,297290412,0.0,0.0
2008-04-22 00:00:00-04:00,13.334463133021083,13.911428814768373,13.334213575893072,13.766815185546875,317222460,0.0,0.0
2008-04-23 00:00:00-04:00,13.839743850098937,13.873727108376293,13.4183051281369,13.555726051330566,196663140,0.0,0.0
2008-04-24 00:00:00-04:00,13.674788712591823,13.75416489777299,13.395235562705,13.470147132873535,165238596,0.0,0.0
2008-04-25 00:00:00-04:00,13.618480729007185,13.71720515644299,13.462457414489846,13.495448112487793,166409424,0.0,0.0
2008-04-28 00:00:00-04:00,13.540591428352835,13.811710646995266,13.369932179174528,13.695375442504883,160183656,0.0,0.0
2008-04-29 00:00:00-04:00,13.663378776930008,13.975177728087973,13.643037979974427,13.852889060974121,173666160,0.0,0.0
2008-04-30 00:00:00-04:00,13.945660659948178,14.507496070898737,13.852890621039727,14.245306968688965,315803880,0.0,0.0
2008-05-01 00:00:00-04:00,14.345021726071773,14.757281612179076,14.311783361966322,14.711392402648926,263847888,0.0,0.0
2008-05-02 00:00:00-04:00,14.845589735418136,14.943817894775448,14.36958023256816,14.41894245147705,279672048,0.0,0.0
2008-05-05 00:00:00-04:00,14.854765583605472,14.85823858707006,14.56380181512136,14.756537437438965,250988760,0.0,0.0
2008-05-06 00:00:00-04:00,14.659799433647935,14.68460390262912,14.461358955337142,14.544703483581543,184986828,0.0,0.0
2008-05-07 00:00:00-04:00,14.641690948731238,14.870393060973544,14.298388223218296,14.362136840820312,264255480,0.0,0.0
2008-05-08 00:00:00-04:00,14.54073454718495,14.617629343148714,14.359904871189027,14.4616060256958,204711084,0.0,0.0
2008-05-09 00:00:00-04:00,14.362136185618143,14.510967714436687,14.17113800809047,14.218267440795898,179216604,0.0,0.0
2008-05-12 00:00:00-04:00,14.256716879348929,14.554377133874615,14.11185556178171,14.509480476379395,194361444,0.0,0.0
2008-05-13 00:00:00-04:00,14.5414753385979,14.584140151358195,14.350972516203319,14.461356163024902,206333460,0.0,0.0
2008-05-14 00:00:00-04:00,14.547928664447198,14.664513456150393,14.269120368107995,14.295165061950684,174856968,0.0,0.0
2008-05-15 00:00:00-04:00,14.362138063300783,14.460118556872581,14.2780505308584,14.411749839782715,173534292,0.0,0.0
2008-05-16 00:00:00-04:00,14.422414150064192,14.5030315117546,14.345270737510331,14.388679504394531,170793036,0.0,0.0
2008-05-19 00:00:00-04:00,14.35097355052853,14.607211057375414,14.226204439833682,14.325424194335938,223955820,0.0,0.0
2008-05-20 00:00:00-04:00,14.253738996519383,14.44845974031318,14.211074177594245,14.352214813232422,132411456,0.0,0.0
2008-05-21 00:00:00-04:00,14.35023115610907,14.421918339236546,13.590452509573005,13.642542839050293,258465276,0.0,0.0
2008-05-22 00:00:00-04:00,13.691158963555607,13.747217621112501,13.400939163402372,13.629393577575684,202848948,0.0,0.0
2008-05-23 00:00:00-04:00,13.567383110569928,13.717205309890284,13.340416558727158,13.509339332580566,177082740,0.0,0.0
2008-05-27 00:00:00-04:00,13.517773005421487,13.955333640650718,13.490239479479087,13.913166046142578,154465380,0.0,0.0
2008-05-28 00:00:00-04:00,14.087793522391578,14.175851271263113,13.918126807983647,14.095233917236328,161853984,0.0,0.0
2008-05-29 00:00:00-04:00,14.257706218375032,14.532794721422869,14.218265796901246,14.461356163024902,193606200,0.0,0.0
2008-05-30 00:00:00-04:00,14.473015208302,14.633008747628919,14.419188380320497,14.53081226348877,128878992,0.0,0.0
2008-06-02 00:00:00-04:00,14.448953830037697,14.483433360688126,14.170393252899109,14.26291561126709,146821032,0.0,0.0
2008-06-03 00:00:00-04:00,14.30012431482232,14.3993450206174,13.905971495532288,14.071918487548828,172039788,0.0,0.0
2008-06-04 00:00:00-04:00,14.0230513537191,14.33733170240611,14.003704058492849,14.19395923614502,134393472,0.0,0.0
2008-06-05 00:00:00-04:00,14.314511730800833,14.586376843146631,14.292932598798878,14.543214797973633,156511332,0.0,0.0
2008-06-06 00:00:00-04:00,14.380741506759547,14.404802975873915,14.06447696685791,14.06447696685791,189190620,0.0,0.0
2008-06-09 00:00:00-04:00,14.09077053998593,14.138891585320545,13.528687502042429,13.838006019592285,211320468,0.0,0.0
2008-06-10 00:00:00-04:00,13.63187715935561,13.861570888376486,13.562918089396835,13.746228218078613,146149704,0.0,0.0
2008-06-11 00:00:00-04:00,13.797573832971457,13.82485874708032,13.505369834053734,13.523726463317871,152363484,0.0,0.0
2008-06-12 00:00:00-04:00,13.612030396366265,13.84122969977564,13.565397246555197,13.715964317321777,219444336,0.0,0.0
2008-06-13 00:00:00-04:00,13.927801091378816,14.280281672054556,13.924081366306517,14.176347732543945,247128624,0.0,0.0
2008-06-16 00:00:00-04:00,14.052074729262026,14.364618598768619,14.052074729262026,14.208595275878906,141570288,0.0,0.0
2008-06-17 00:00:00-04:00,14.296402841260027,14.339067657277903,14.098707276330476,14.125495910644531,138377484,0.0,0.0
2008-06-18 00:00:00-04:00,14.002712011888848,14.113838675057732,13.87000527255771,13.949877738952637,135112752,0.0,0.0
2008-06-19 00:00:00-04:00,13.775497990764173,13.98460514117233,13.662882490718628,13.89580249786377,227096676,0.0,0.0
2008-06-20 00:00:00-04:00,13.815929200191052,13.815929200191052,13.506609747761626,13.554235458374023,239084676,0.0,0.0
2008-06-23 00:00:00-04:00,13.527695088825334,13.720926998354626,13.44484589733359,13.523974418640137,145290564,0.0,0.0
2008-06-24 00:00:00-04:00,13.522237766388685,13.672308576690972,13.273194861559894,13.451790809631348,186717096,0.0,0.0
2008-06-25 00:00:00-04:00,13.5180203825925,13.836269065258454,13.485773630425571,13.667594909667969,164723112,0.0,0.0
2008-06-26 00:00:00-04:00,13.49643982761551,13.517028292025568,13.103528173781486,13.117419242858887,226153620,0.0,0.0
2008-06-27 00:00:00-04:00,13.089140843768545,13.146688343218914,12.776844654777147,13.098814964294434,217682100,0.0,0.0
2008-06-30 00:00:00-04:00,13.207957893121089,13.345129250923131,12.97454255059534,13.057887077331543,150461388,0.0,0.0
2008-07-01 00:00:00-04:00,12.888220910522541,13.313378374112535,12.824222736817791,13.264017105102539,198197604,0.0,0.0
2008-07-02 00:00:00-04:00,13.308169236225577,13.404164602030669,13.048956887367595,13.073265075683594,168751080,0.0,0.0
2008-07-03 00:00:00-04:00,13.168516636000355,13.37563866167151,13.084675836111478,13.320323944091797,95923980,0.0,0.0
2008-07-07 00:00:00-04:00,13.451790163496948,13.617984815065048,13.285596457221013,13.49172592163086,170037792,0.0,0.0
2008-07-08 00:00:00-04:00,13.543321263626478,13.771528977766122,13.394739291850973,13.755156517028809,197098704,0.0,0.0
2008-07-09 00:00:00-04:00,13.661641925646446,13.783682931532962,13.412847632190863,13.433187484741211,165993840,0.0,0.0
2008-07-10 00:00:00-04:00,13.51876571012325,13.630387705038537,13.164548648516298,13.408878326416016,173094732,0.0,0.0
2008-07-11 00:00:00-04:00,13.307921674614379,13.382336965911346,12.884498837287232,13.240947723388672,199056744,0.0,0.0
2008-07-14 00:00:00-04:00,13.369935602434829,13.396228908098497,12.785776148145459,12.938823699951172,176815008,0.0,0.0
2008-07-15 00:00:00-04:00,12.806363274277516,13.08467620770287,12.429822191096612,12.801650047302246,242597160,0.0,0.0
2008-07-16 00:00:00-04:00,12.750799679533756,13.307921813272753,12.665470043792999,13.28559684753418,189498312,0.0,0.0
2008-07-17 00:00:00-04:00,13.249876922277412,13.321564100163636,13.010260478908675,13.232017517089844,351144504,0.0,0.0
2008-07-18 00:00:00-04:00,12.361607799450166,12.377235370047885,11.861537829121678,11.939177513122559,451244304,0.0,0.0
2008-07-21 00:00:00-04:00,11.928263597072789,12.007887452249472,11.551722506939662,11.628619194030762,235823940,0.0,0.0
2008-07-22 00:00:00-04:00,11.577023803155653,11.912635618814612,11.549242610736874,11.834748268127441,187472340,0.0,0.0
2008-07-23 00:00:00-04:00,11.946371213486895,12.333826634692068,11.859305075504459,12.135137557983398,195568236,0.0,0.0
2008-07-24 00:00:00-04:00,12.320680846052838,12.32489779500928,11.797789573669434,11.797789573669434,141494364,0.0,0.0
2008-07-25 00:00:00-04:00,12.067418306653739,12.232125055621474,11.943641760014726,12.203598976135254,127212660,0.0,0.0
2008-07-28 00:00:00-04:00,12.206329742003707,12.206329742003707,11.785634966980773,11.83499813079834,126273600,0.0,0.0
2008-07-29 00:00:00-04:00,11.889070259022217,12.086519093723298,11.856823509284775,11.983577728271484,111999888,0.0,0.0
2008-07-30 00:00:00-04:00,12.042863107871545,12.05576256548366,11.728086470901825,11.973409652709961,139488372,0.0,0.0
2008-07-31 00:00:00-04:00,11.771497904988241,11.928512856053652,11.694105874436675,11.751405715942383,114489396,0.0,0.0
2008-08-01 00:00:00-04:00,11.72064641683797,11.738257211378878,11.472346502610378,11.605301856994629,120195684,0.0,0.0
2008-08-04 00:00:00-04:00,11.611751699062726,11.733047820067357,11.457463933063062,11.484749794006348,99380520,0.0,0.0
2008-08-05 00:00:00-04:00,11.59860289461676,11.90841860518586,11.567348701312964,11.90271282196045,143236620,0.0,0.0
2008-08-06 00:00:00-04:00,11.866002260599066,12.148780745148024,11.720645627035937,12.063699722290039,134896968,0.0,0.0
2008-08-07 00:00:00-04:00,11.956044926303752,12.005654804504733,11.817383799538083,11.88460636138916,110841048,0.0,0.0
2008-08-08 00:00:00-04:00,11.9101564862679,12.297114695544693,11.799525155693798,12.278759956359863,149422428,0.0,0.0
2008-08-11 00:00:00-04:00,12.215753032453346,12.62280432979178,12.198637573209323,12.423372268676758,169402428,0.0,0.0
2008-08-12 00:00:00-04:00,12.452147188034925,12.554592286606672,12.352926481210538,12.467278480529785,110117772,0.0,0.0
2008-08-13 00:00:00-04:00,12.442223438677914,12.49034447661529,12.25072711713791,12.403278350830078,144874980,0.0,0.0
2008-08-14 00:00:00-04:00,12.34548535824669,12.591303876776273,12.310510490946506,12.538717269897461,116627256,0.0,0.0
2008-08-15 00:00:00-04:00,12.57592374332953,12.66695821951329,12.5389647083064,12.654308319091797,141686172,0.0,0.0
2008-08-18 00:00:00-04:00,12.646618326731545,12.65058760872983,12.291161986828964,12.360367774963379,133222644,0.0,0.0
2008-08-19 00:00:00-04:00,12.16515173520087,12.359871533241284,12.07089286729141,12.166888236999512,121738140,0.0,0.0
2008-08-20 00:00:00-04:00,12.271565662743287,12.32043254574941,11.970184750843467,12.030461311340332,159124716,0.0,0.0
2008-08-21 00:00:00-04:00,11.978865236952128,12.152004950386267,11.888327043715094,12.068410873413086,140423436,0.0,0.0
2008-08-22 00:00:00-04:00,12.19169342094802,12.275534221782626,12.141587262750202,12.169120788574219,91796112,0.0,0.0
2008-08-25 00:00:00-04:00,12.0579929445047,12.328119616215462,11.943641903945563,11.981096267700195,80491428,0.0,0.0
2008-08-26 00:00:00-04:00,11.992260993550076,11.992260993550076,11.6730197579875,11.76157283782959,132195672,0.0,0.0
2008-08-27 00:00:00-04:00,11.750907146448748,11.778193005010833,11.530390333716909,11.623160362243652,175308516,0.0,0.0
2008-08-28 00:00:00-04:00,11.720149531114417,11.818377687094259,11.666570365072273,11.752147674560547,121066812,0.0,0.0
2008-08-29 00:00:00-04:00,11.652182662217342,11.683436857158235,11.468129550703981,11.491942405700684,153774072,0.0,0.0
2008-09-02 00:00:00-04:00,11.82631500695286,11.960511530529148,11.445556960719776,11.540560722351074,244215540,0.0,0.0
2008-09-03 00:00:00-04:00,11.62688221508725,11.76479751001088,11.399915669224391,11.519723892211914,172411416,0.0,0.0
2008-09-04 00:00:00-04:00,11.410332264226007,11.490700996026826,11.147398329632619,11.168730735778809,193746060,0.0,0.0
2008-09-05 00:00:00-04:00,11.050411227561082,11.223302323975089,10.916215664872109,11.019652366638184,181190628,0.0,0.0
2008-09-08 00:00:00-04:00,11.212388410460733,11.235208706947493,10.35735658505918,10.416889190673828,360355284,0.0,0.0
2008-09-09 00:00:00-04:00,10.496763071965646,10.725217515558999,10.294104707880473,10.384892463684082,288894816,0.0,0.0
2008-09-10 00:00:00-04:00,10.529008028939383,10.529257586066413,10.162141091656373,10.27326774597168,248822928,0.0,0.0
2008-09-11 00:00:00-04:00,10.129152422494904,10.792439415855812,10.080286484987175,10.759201049804688,258597144,0.0,0.0
2008-09-12 00:00:00-04:00,10.671389814342486,10.963593796388391,10.641375843380418,10.856186866760254,240878880,0.0,0.0
2008-09-15 00:00:00-04:00,10.517350285987542,10.963097109586082,10.510155667724117,10.761927604675293,262433304,0.0,0.0
2008-09-16 00:00:00-04:00,10.565969373888537,11.144422966307442,10.554310140071497,10.986910820007324,279348372,0.0,0.0
2008-09-17 00:00:00-04:00,10.87652880628886,10.892899377412588,10.25540941109413,10.281455993652344,364710924,0.0,0.0
2008-09-18 00:00:00-04:00,10.483616511758417,10.893891282725134,10.182482341160588,10.891411781311035,343232424,0.0,0.0
2008-09-19 00:00:00-04:00,11.435139621806426,11.46167964648886,10.995592913694086,11.141199111938477,399839760,0.0,0.0
2008-09-22 00:00:00-04:00,11.264728565536291,11.264728565536291,10.64137642169246,10.66965389251709,176115708,0.0,0.0
2008-09-23 00:00:00-04:00,10.74679762604481,10.933828419675203,10.56001638956242,10.648073196411133,207959832,0.0,0.0
2008-09-24 00:00:00-04:00,10.674614099815942,11.038256641681057,10.668909261764961,10.792935371398926,169510320,0.0,0.0
2008-09-25 00:00:00-04:00,10.885460168463919,11.162284306539528,10.814516922929808,10.904312133789062,200611188,0.0,0.0
2008-09-26 00:00:00-04:00,10.616571555130601,10.843786726098458,10.443680439017573,10.69197940826416,211488300,0.0,0.0
2008-09-29 00:00:00-04:00,10.405976533706312,10.505196298746325,9.443539519181597,9.45073413848877,430085484,0.0,0.0
2008-09-30 00:00:00-04:00,9.822311496148245,10.544140368441878,9.731525637384959,9.934926986694336,123328548,0.0,0.0
2008-10-01 00:00:00-04:00,10.198605024176782,10.343218656136036,9.99892528747045,10.212743759155273,249142608,0.0,0.0
2008-10-02 00:00:00-04:00,10.164870959336689,10.16958418636103,9.574759054979776,9.68613338470459,239156604,0.0,0.0
2008-10-03 00:00:00-04:00,9.856296695664083,10.232092904411799,9.502079618469507,9.597331047058105,319396284,0.0,0.0
2008-10-06 00:00:00-04:00,9.276600970102919,9.326458514445381,8.85937926046669,9.207891464233398,448375176,0.0,0.0
2008-10-07 00:00:00-04:00,9.260476960179162,9.301405269895689,8.566926584226797,8.582801818847656,441733824,0.0,0.0
2008-10-08 00:00:00-04:00,8.189642497014814,8.90477302142169,8.089181574100435,8.386842727661133,472582944,0.0,0.0
2008-10-09 00:00:00-04:00,8.5458439781703,8.646303959031387,7.979047733892991,8.160372734069824,322677000,0.0,0.0
2008-10-10 00:00:00-04:00,7.767956893991521,8.480607037500631,7.697014129763203,8.235283851623535,423488088,0.0,0.0
2008-10-13 00:00:00-04:00,8.82539744162201,9.474297061293314,8.576353591488218,9.451229095458984,355863780,0.0,0.0
2008-10-14 00:00:00-04:00,9.761541258826075,9.785601784166891,8.855412402661944,8.997049331665039,311080608,0.0,0.0
2008-10-15 00:00:00-04:00,8.797118899478763,8.905021167990213,8.40470258524928,8.41313648223877,268587144,0.0,0.0
2008-10-16 00:00:00-04:00,8.254136682963681,8.843009377999978,7.675683000027316,8.756688117980957,648938412,0.0,0.0
2008-10-17 00:00:00-04:00,9.400129605460672,9.574758147747257,9.017883716011774,9.240880966186523,569398032,0.0,0.0
2008-10-20 00:00:00-04:00,9.419726201752571,9.450236452890268,8.919656228255107,9.409059524536133,269865864,0.0,0.0
2008-10-21 00:00:00-04:00,9.23716133258298,9.5196912224373,8.979436856387164,8.998041152954102,231048720,0.0,0.0
2008-10-22 00:00:00-04:00,8.855164106858064,9.170188420818132,8.532946118877915,8.822421073913574,262137600,0.0,0.0
2008-10-23 00:00:00-04:00,8.772314325268749,8.880216604092228,8.383867255854966,8.739324569702148,258896844,0.0,0.0
2008-10-24 00:00:00-04:00,8.098110971934599,8.693433221930114,8.055198493750614,8.416111946105957,294065640,0.0,0.0
2008-10-27 00:00:00-04:00,8.304986966658777,8.508140668458797,8.076531572612295,8.173023223876953,247779972,0.0,0.0
2008-10-28 00:00:00-04:00,8.41015908017969,9.160760727153598,8.14871396630227,9.146869659423828,323891784,0.0,0.0
2008-10-29 00:00:00-04:00,9.07344754705974,9.202681277699153,8.740562903721726,8.880215644836426,389873736,0.0,0.0
2008-10-30 00:00:00-04:00,9.139677337707838,9.22748647209445,8.88939327679334,8.922136306762695,319236444,0.0,0.0
2008-10-31 00:00:00-04:00,8.83457473801814,9.226493809941276,8.787692973690444,8.91395092010498,296635068,0.0,0.0
2008-11-03 00:00:00-05:00,8.869797950018084,9.003993524945813,8.469196338908615,8.594710350036621,237941820,0.0,0.0
2008-11-04 00:00:00-05:00,8.767104725515683,9.236416768093427,8.570152155319287,9.101973533630371,293702004,0.0,0.0
2008-11-05 00:00:00-05:00,8.983157187275218,9.150094845184093,8.466219419135207,8.489288330078125,277582140,0.0,0.0
2008-11-06 00:00:00-05:00,8.432980453375274,8.543362216149177,8.081740144816797,8.215935707092285,342649008,0.0,0.0
2008-11-07 00:00:00-05:00,8.263066625275263,8.462251057804153,8.069834698401648,8.213953018188477,187064748,0.0,0.0
2008-11-10 00:00:00-05:00,8.136063597774815,8.171782407978396,7.676425202231894,7.907360553741455,322880796,0.0,0.0
2008-11-11 00:00:00-05:00,7.6570781304311035,7.845844003422738,7.454421188492213,7.72578763961792,405458136,0.0,0.0
2008-11-12 00:00:00-05:00,7.492372485393532,7.75133718159674,7.1379077513613565,7.218276023864746,401641956,0.0,0.0
2008-11-13 00:00:00-05:00,7.237375982179146,7.763987366192615,6.945420139470098,7.741167068481445,528858612,0.0,0.0
2008-11-14 00:00:00-05:00,7.522138038712283,8.061400259427066,7.505022579362847,7.690067768096924,380303316,0.0,0.0
2008-11-17 00:00:00-05:00,7.51593758442404,7.693541921783515,7.390671241170375,7.4444990158081055,301450248,0.0,0.0
2008-11-18 00:00:00-05:00,7.480465754178165,7.53404491544114,7.078127656891089,7.3775248527526855,333510156,0.0,0.0
2008-11-19 00:00:00-05:00,7.327170407654009,7.446234690571454,6.91019680558628,6.949885845184326,313070616,0.0,0.0
2008-11-20 00:00:00-05:00,6.818666809089226,7.018348457721018,6.425506047058403,6.438404560089111,390784824,0.0,0.0
2008-11-21 00:00:00-05:00,6.511579085605772,6.681742550802997,6.134295011721317,6.509594917297363,409370220,0.0,0.0
2008-11-24 00:00:00-05:00,6.679013114032248,6.696129518761103,6.1767103951950135,6.385817050933838,401785812,0.0,0.0
2008-11-25 00:00:00-05:00,6.6646271759960225,7.110622654370797,6.630892533151044,6.996270656585693,430417152,0.0,0.0
2008-11-26 00:00:00-05:00,6.952365700721412,7.328907257072734,6.851161298291521,7.245314121246338,254009736,0.0,0.0
2008-11-28 00:00:00-05:00,7.207858473163701,7.353464671637502,7.15080630575355,7.2668938636779785,102517380,0.0,0.0
2008-12-01 00:00:00-05:00,7.111117963218371,7.128482035634231,6.597653200905843,6.597900867462158,228219552,0.0,0.0
2008-12-02 00:00:00-05:00,6.6906717672362745,6.890351966578198,6.5133155866489645,6.824123382568359,233354412,0.0,0.0
2008-12-03 00:00:00-05:00,6.693648822153018,6.979154943209929,6.581777747805841,6.931281566619873,235955808,0.0,0.0
2008-12-04 00:00:00-05:00,6.859346779442235,7.03199022797946,6.666859756170192,6.805023670196533,195268536,0.0,0.0
2008-12-05 00:00:00-05:00,6.7226704222664,7.0505937025517325,6.549035370772155,7.0443925857543945,260587152,0.0,0.0
2008-12-08 00:00:00-05:00,7.193223748954754,7.675682490767352,6.995030935583837,7.493860721588135,325446228,0.0,0.0
2008-12-09 00:00:00-05:00,7.38422266070165,7.888013797671798,7.36735533858732,7.589608669281006,275320404,0.0,0.0
2008-12-10 00:00:00-05:00,7.670720699714318,7.811116909289021,7.55339198207948,7.66030216217041,209270520,0.0,0.0
2008-12-11 00:00:00-05:00,7.544959530051749,7.761011739322466,7.386950626490552,7.44697904586792,246920832,0.0,0.0
2008-12-12 00:00:00-05:00,7.335107594776491,7.850061651538406,7.292690916943382,7.832449913024902,228655116,0.0,0.0
2008-12-15 00:00:00-05:00,7.789040254187937,7.900166905651021,7.568274841064276,7.7061920166015625,269246484,0.0,0.0
2008-12-16 00:00:00-05:00,7.801692130431874,8.173271861321286,7.721075716887939,8.068593978881836,282101616,0.0,0.0
2008-12-17 00:00:00-05:00,7.903888059671781,7.990456967183333,7.749599842266405,7.819550514221191,231356412,0.0,0.0
2008-12-18 00:00:00-05:00,7.855766606749826,7.9463052801336005,7.66749605863632,7.696518421173096,190349460,0.0,0.0
2008-12-19 00:00:00-05:00,7.71412980163514,7.882803950650276,7.664767118519087,7.693789005279541,224279496,0.0,0.0
2008-12-22 00:00:00-05:00,7.653854600182492,7.67717070768045,7.209099294299731,7.36983585357666,156547296,0.0,0.0
2008-12-23 00:00:00-05:00,7.452187698608596,7.523626264117799,7.358920446204093,7.3924078941345215,150956892,0.0,0.0
2008-12-24 00:00:00-05:00,7.478234313178901,7.598786014431448,7.401338098090193,7.5146965980529785,76783140,0.0,0.0
2008-12-26 00:00:00-05:00,7.542476975699554,7.571995611391732,7.399600332057444,7.450451374053955,78285636,0.0,0.0
2008-12-29 00:00:00-05:00,7.4469787783888055,7.475752527324651,7.232663078629091,7.3775248527526855,147927924,0.0,0.0
2008-12-30 00:00:00-05:00,7.461365478985232,7.610443715999675,7.409522351319185,7.518664360046387,153586260,0.0,0.0
2008-12-31 00:00:00-05:00,7.54570406542984,7.714378231126806,7.506263637403127,7.631280899047852,115356528,0.0,0.0
2009-01-02 00:00:00-05:00,7.654845897531146,7.982768711812182,7.577949684456199,7.970366477966309,144275580,0.0,0.0
2009-01-05 00:00:00-05:00,7.962428090836538,8.216431865357684,7.813597517880024,8.137303352355957,195364440,0.0,0.0
2009-01-06 00:00:00-05:00,8.259593095969109,8.453568933349684,8.096127507647001,8.286382675170898,256750992,0.0,0.0
2009-01-07 00:00:00-05:00,8.144000200609218,8.2082450848294,7.906616095469914,7.9874796867370605,179600220,0.0,0.0
2009-01-08 00:00:00-05:00,7.894959149552897,8.066362380981445,7.871642097617774,8.066362380981445,143883972,0.0,0.0
2009-01-09 00:00:00-05:00,8.12366120885862,8.12366120885862,7.773909727077054,7.815334320068359,173446380,0.0,0.0
2009-01-12 00:00:00-05:00,7.846093268547436,7.911578387531773,7.6952785108698,7.756298542022705,132039828,0.0,0.0
2009-01-13 00:00:00-05:00,7.733477238647153,7.952505686279007,7.699246791541375,7.7967305183410645,177122700,0.0,0.0
2009-01-14 00:00:00-05:00,7.6895741342549915,7.783833014775483,7.385711329082289,7.4655842781066895,218497284,0.0,0.0
2009-01-15 00:00:00-05:00,7.381246087612468,7.53032386675956,7.113847029004214,7.416468620300293,237142620,0.0,0.0
2009-01-16 00:00:00-05:00,7.5660429870470045,7.646163589011371,7.334859968223768,7.433335781097412,208767024,0.0,0.0
2009-01-20 00:00:00-05:00,7.420190235227183,7.429119938568709,7.013635158538818,7.013635158538818,201726072,0.0,0.0
2009-01-21 00:00:00-05:00,7.1525428655447,7.528339517037143,7.1525428655447,7.5179219245910645,196783020,0.0,0.0
2009-01-22 00:00:00-05:00,7.392903039791895,7.673448262187672,7.321216809550509,7.60275411605835,330349320,0.0,0.0
2009-01-23 00:00:00-05:00,7.6714641956870215,8.234291622268401,7.546198804688137,8.054206848144531,428882688,0.0,0.0
2009-01-26 00:00:00-05:00,8.05792710534984,8.136063060968574,7.951513681411298,8.033617973327637,184243572,0.0,0.0
2009-01-27 00:00:00-05:00,8.09761722269988,8.281671315282324,8.043542719027235,8.222386360168457,196894908,0.0,0.0
2009-01-28 00:00:00-05:00,8.383618831078952,8.73957144589357,8.342194236170915,8.648784637451172,307348344,0.0,0.0
2009-01-29 00:00:00-05:00,8.54633867785826,8.558989522130796,8.436452251548381,8.516077041625977,291060648,0.0,0.0
2009-01-30 00:00:00-05:00,8.550060522096652,8.652009333314261,8.334503666496937,8.397260665893555,186693120,0.0,0.0
2009-02-02 00:00:00-05:00,8.292087934113217,8.557750014292498,8.23528343605021,8.447863578796387,208067724,0.0,0.0
2009-02-03 00:00:00-05:00,8.497474727110358,8.50814140573434,8.280678548834906,8.4448881149292,261997740,0.0,0.0
2009-02-04 00:00:00-05:00,8.435459879732495,8.79190969008929,8.413135860836226,8.508139610290527,272423304,0.0,0.0
2009-02-05 00:00:00-05:00,8.456298284467842,8.815226707251524,8.359309406286188,8.774051666259766,290285424,0.0,0.0
2009-02-06 00:00:00-05:00,8.842016230034156,9.272385113698101,8.816715482418939,9.209628105163574,281242476,0.0,0.0
2009-02-09 00:00:00-05:00,9.20962759864624,9.450733831854508,9.110904115240093,9.395418167114258,198892908,0.0,0.0
2009-02-10 00:00:00-05:00,9.326210742443756,9.363914665071539,8.87748717668258,8.892866134643555,283863852,0.0,0.0
2009-02-11 00:00:00-05:00,8.903780096368191,9.053850890237722,8.756189748989588,8.881207466125488,209054736,0.0,0.0
2009-02-12 00:00:00-05:00,8.760161346265186,9.019622356731604,8.718489077968018,9.00548267364502,221789988,0.0,0.0
2009-02-13 00:00:00-05:00,8.98414879921865,9.003992371075043,8.811505375724353,8.87227725982666,165702132,0.0,0.0
2009-02-17 00:00:00-05:00,8.595204392679408,8.609591738192615,8.426033976096695,8.49970531463623,226988784,0.0,0.0
2009-02-18 00:00:00-05:00,8.613312583712444,8.76561521146437,8.44662261015353,8.758918762207031,240739020,0.0,0.0
2009-02-19 00:00:00-05:00,8.867070887614515,8.924866061136557,8.468701064233311,8.499212265014648,199348452,0.0,0.0
2009-02-20 00:00:00-05:00,8.385355322707435,8.654986689119044,8.309698861353493,8.593717575073242,248435316,0.0,0.0
2009-02-23 00:00:00-05:00,8.60736184909256,8.676815310053298,8.174512506151322,8.187163352966309,208635156,0.0,0.0
2009-02-24 00:00:00-05:00,8.21097479519413,8.672349198932295,8.207750403724049,8.5689115524292,243592164,0.0,0.0
2009-02-25 00:00:00-05:00,8.487056143527424,8.738827177297354,8.406935061308802,8.474406242370605,257306436,0.0,0.0
2009-02-26 00:00:00-05:00,8.581562027258766,8.743538772782312,8.363277067598148,8.363773345947266,223999776,0.0,0.0
2009-02-27 00:00:00-05:00,8.258847643774748,8.528478973811124,8.213206106562945,8.383865356445312,216583200,0.0,0.0
2009-03-02 00:00:00-05:00,8.268274261921029,8.45108713566066,8.086452999586944,8.115226745605469,231308460,0.0,0.0
2009-03-03 00:00:00-05:00,8.187410727750326,8.277205930456732,7.995916256861665,8.073555946350098,260731008,0.0,0.0
2009-03-04 00:00:00-05:00,8.016007530102948,8.16086978890337,7.823024223141439,7.910834312438965,312423264,0.0,0.0
2009-03-05 00:00:00-05:00,7.850309766596318,7.914802801570379,7.507007987766851,7.581423282623291,260934804,0.0,0.0
2009-03-06 00:00:00-05:00,7.620614870313194,7.694286695195347,7.2988936301042475,7.654101848602295,289078632,0.0,0.0
2009-03-09 00:00:00-04:00,7.44102525503221,7.604490840087943,7.179827335680104,7.215547561645508,258593148,0.0,0.0
2009-03-10 00:00:00-04:00,7.398113175086728,7.701974507496689,7.298892945614745,7.644179344177246,268938792,0.0,0.0
2009-03-11 00:00:00-04:00,7.69205310109801,7.937623476583748,7.5831587461678565,7.885781288146973,236707056,0.0,0.0
2009-03-12 00:00:00-04:00,7.876601252537909,8.061647373891878,7.780110092083837,8.02518367767334,200763036,0.0,0.0
2009-03-13 00:00:00-04:00,8.08893349497764,8.122669079396374,7.913561959533015,8.047261238098145,156099744,0.0,0.0
2009-03-16 00:00:00-04:00,8.08620593572027,8.1789769086405,7.902648158130875,7.929933071136475,197674128,0.0,0.0
2009-03-17 00:00:00-04:00,7.942088569857742,8.318133354187012,7.9150503781517685,8.318133354187012,188311500,0.0,0.0
2009-03-18 00:00:00-04:00,8.30498658758203,8.433724987345578,8.137304039660714,8.26257038116455,200287512,0.0,0.0
2009-03-19 00:00:00-04:00,8.22734709275944,8.334505431614717,8.120685977671258,8.184186935424805,164283552,0.0,0.0
2009-03-20 00:00:00-04:00,8.193115909710285,8.259841249818987,8.094887761939226,8.189642906188965,189326484,0.0,0.0
2009-03-23 00:00:00-04:00,8.273979935107883,8.668132747166148,8.26083281135114,8.647048950195312,170689140,0.0,0.0
2009-03-24 00:00:00-04:00,8.594956899863668,8.777025830607574,8.532944792630607,8.611576080322266,152647200,0.0,0.0
2009-03-25 00:00:00-04:00,8.69169716627623,8.715012796038808,8.340705481338297,8.534680366516113,173278548,0.0,0.0
2009-03-26 00:00:00-04:00,8.759414583594852,8.908990051968386,8.644567258435755,8.763383865356445,239891868,0.0,0.0
2009-03-27 00:00:00-04:00,8.681775610240491,8.73138643719513,8.569408722543796,8.624724388122559,132779088,0.0,0.0
2009-03-30 00:00:00-04:00,8.496978084089275,8.52823322826617,8.335746195744132,8.50045108795166,123640236,0.0,0.0
2009-03-31 00:00:00-04:00,8.655234662474255,8.768841773872255,8.587020484205441,8.63365364074707,146065788,0.0,0.0
2009-04-01 00:00:00-04:00,8.527486695501544,8.811753046707992,8.448855407630333,8.78322696685791,131915952,0.0,0.0
2009-04-02 00:00:00-04:00,9.01192873712297,9.171921294160656,8.937762074202475,8.991837501525879,179340480,0.0,0.0
2009-04-03 00:00:00-04:00,9.041449316947459,9.220541536875928,8.880215556821945,9.172419548034668,151440408,0.0,0.0
2009-04-06 00:00:00-04:00,9.103461253363498,9.173411927800174,8.964552461256567,9.1342191696167,131080788,0.0,0.0
2009-04-07 00:00:00-04:00,8.994318950744324,9.022845032797129,8.813490228863122,8.896339416503906,147056796,0.0,0.0
2009-04-08 00:00:00-04:00,9.01664452230588,9.053852170222111,8.835814842975184,8.979436874389648,110497392,0.0,0.0
2009-04-09 00:00:00-04:00,9.165474805245879,9.285779308887898,9.084857449732647,9.239890098571777,135168696,0.0,0.0
2009-04-13 00:00:00-04:00,9.210868551821248,9.403603232415714,9.185318249049702,9.379045486450195,121881996,0.0,0.0
2009-04-14 00:00:00-04:00,9.35002421798927,9.351264441370239,9.068734560023128,9.150839805603027,137006856,0.0,0.0
2009-04-15 00:00:00-04:00,9.105941707286432,9.452219204533353,9.033014315354817,9.41352367401123,197030772,0.0,0.0
2009-04-16 00:00:00-04:00,9.46313458738915,9.745912121528802,9.45122863256992,9.642723083496094,406996596,0.0,0.0
2009-04-17 00:00:00-04:00,9.575254962211519,9.917565147854178,9.545240987036534,9.72954273223877,428802768,0.0,0.0
2009-04-20 00:00:00-04:00,9.578477986331254,9.690100918663138,9.323978872776818,9.408563613891602,176978844,0.0,0.0
2009-04-21 00:00:00-04:00,9.330925328650073,9.532590203786903,9.329188826720598,9.46239185333252,147668184,0.0,0.0
2009-04-22 00:00:00-04:00,9.469336170687404,9.673978700423515,9.401370605960372,9.521675109863281,139931928,0.0,0.0
2009-04-23 00:00:00-04:00,9.612212760103052,9.66777703314196,9.45346039511234,9.54226303100586,104255640,0.0,0.0
2009-04-24 00:00:00-04:00,9.57600056480298,9.752860999792695,9.438332899808927,9.661330223083496,135280584,0.0,0.0
2009-04-27 00:00:00-04:00,9.53358013979883,9.66132595892462,9.494139720590566,9.573515892028809,91532376,0.0,0.0
2009-04-28 00:00:00-04:00,9.518943576604286,9.650411002057192,9.464125150208362,9.517951965332031,117626256,0.0,0.0
2009-04-29 00:00:00-04:00,9.574015128169243,9.797261033794111,9.570542124192102,9.710443496704102,144255600,0.0,0.0
2009-04-30 00:00:00-04:00,9.816856792800143,10.015049613071703,9.793043934377527,9.822065353393555,174053772,0.0,0.0
2009-05-01 00:00:00-04:00,9.798748915959738,9.86224986655106,9.712426720442016,9.765509605407715,97010892,0.0,0.0
2009-05-04 00:00:00-04:00,9.876636241888141,9.981561788131268,9.792795438694014,9.97114372253418,127991880,0.0,0.0
2009-05-05 00:00:00-04:00,9.921532839695109,10.046053335871509,9.853814002212399,9.996195793151855,95935968,0.0,0.0
2009-05-06 00:00:00-04:00,10.090454365899348,10.12741434177181,9.946833301058023,10.008101463317871,105210684,0.0,0.0
2009-05-07 00:00:00-04:00,10.023729822520808,10.045806175997106,9.735990446509984,9.837939262390137,119872008,0.0,0.0
2009-05-08 00:00:00-04:00,9.992722759338905,10.173303804628672,9.798002979730285,10.103849411010742,154449396,0.0,0.0
2009-05-11 00:00:00-04:00,9.991483402488004,10.21969017542622,9.951795309163629,10.119974136352539,102269628,0.0,0.0
2009-05-12 00:00:00-04:00,10.1703281116393,10.194636298849696,9.80073212156953,9.89747142791748,151480368,0.0,0.0
2009-05-13 00:00:00-04:00,9.775431256124794,9.83248342235197,9.633049452408887,9.662568092346191,113598288,0.0,0.0
2009-05-14 00:00:00-04:00,9.644211931112512,9.728797619445622,9.542263116268716,9.61196517944336,117362520,0.0,0.0
2009-05-15 00:00:00-04:00,9.701263720236186,9.775927626386435,9.651406172574191,9.673978805541992,120227652,0.0,0.0
2009-05-18 00:00:00-04:00,9.79130520976047,9.855302429485999,9.55987407404161,9.843644142150879,133933932,0.0,0.0
2009-05-19 00:00:00-04:00,9.825287993792479,9.96270889265184,9.748393205056427,9.894247055053711,113386500,0.0,0.0
2009-05-20 00:00:00-04:00,9.973872743241687,10.062675393396482,9.798004890197266,9.852079391479492,91268640,0.0,0.0
2009-05-21 00:00:00-04:00,9.830249914908785,9.992476241652046,9.769230355909839,9.835211753845215,108683208,0.0,0.0
2009-05-22 00:00:00-04:00,9.839178257025788,9.888540462995577,9.723586998897675,9.760794639587402,68675256,0.0,0.0
2009-05-26 00:00:00-04:00,9.722348415882932,10.046053306022818,9.673977817824715,10.03017807006836,124055820,0.0,0.0
2009-05-27 00:00:00-04:00,10.061931182546966,10.216218967873166,10.041342714652048,10.05994701385498,121250628,0.0,0.0
2009-05-28 00:00:00-04:00,10.137337393492578,10.210264797637306,10.036380184457256,10.180002212524414,106645248,0.0,0.0
2009-05-29 00:00:00-04:00,10.222418644428283,10.349420547485352,10.18744377683265,10.349420547485352,105822072,0.0,0.0
2009-06-01 00:00:00-04:00,10.386628050414158,10.65625845424955,10.38166715725824,10.580851554870605,132763104,0.0,0.0
2009-06-02 00:00:00-04:00,10.573162909057135,10.665189946224032,10.502469227562717,10.626494407653809,104839056,0.0,0.0
2009-06-03 00:00:00-04:00,10.566961372023048,10.727201637433762,10.517351491016052,10.707109451293945,141170688,0.0,0.0
2009-06-04 00:00:00-04:00,10.797647074934115,10.944989765451554,10.77780350170423,10.92117691040039,145378476,0.0,0.0
2009-06-05 00:00:00-04:00,11.039994257682489,11.096302480132074,10.900836842754321,11.021389961242676,147084768,0.0,0.0
2009-06-08 00:00:00-04:00,10.901829377987154,10.937052857107423,10.768378692534819,10.883722305297852,123824052,0.0,0.0
2009-06-09 00:00:00-04:00,10.879008587697756,10.926635244036568,10.70983815233166,10.805584907531738,130065804,0.0,0.0
2009-06-10 00:00:00-04:00,10.820716647977068,10.861892628529908,10.58357971513963,10.730673789978027,134221644,0.0,0.0
2009-06-11 00:00:00-04:00,10.710086964406036,10.758705237450776,10.625749876902038,10.641377449035645,114493392,0.0,0.0
2009-06-12 00:00:00-04:00,10.5882941417791,10.609130273605057,10.448145112447984,10.538187980651855,116619264,0.0,0.0
2009-06-15 00:00:00-04:00,10.455337604804177,10.455337604804177,10.26929938410991,10.33800983428955,149326524,0.0,0.0
2009-06-16 00:00:00-04:00,10.401013926753862,10.445167575139733,10.304522291038344,10.31890869140625,121866012,0.0,0.0
2009-06-17 00:00:00-04:00,10.32362312630429,10.411185543156888,10.208775795276658,10.298073768615723,139464396,0.0,0.0
2009-06-18 00:00:00-04:00,10.31097257386373,10.385636480715903,10.244494897730549,10.27078914642334,123284592,0.0,0.0
2009-06-19 00:00:00-04:00,10.37372932161274,10.429540313738595,10.283686465903047,10.42036247253418,170193636,0.0,0.0
2009-06-22 00:00:00-04:00,10.34247580458501,10.355870596042214,9.968911424399852,10.104347229003906,164811024,0.0,0.0
2009-06-23 00:00:00-04:00,10.086983001487951,10.145027727112206,9.985282788944614,10.062922477722168,115868016,0.0,0.0
2009-06-24 00:00:00-04:00,10.13882526326721,10.225394171187023,10.084749827003952,10.152466773986816,98213688,0.0,0.0
2009-06-25 00:00:00-04:00,10.095664684863674,10.31643011061204,10.08351011804369,10.31320571899414,121658220,0.0,0.0
2009-06-26 00:00:00-04:00,10.26136172837118,10.622275213491331,10.247222993802799,10.550093650817871,130137732,0.0,0.0
2009-06-29 00:00:00-04:00,10.566962258927772,10.611611250110762,10.47369593948843,10.520824432373047,86685228,0.0,0.0
2009-06-30 00:00:00-04:00,10.51735225932628,10.596976119432702,10.373978832526475,10.457571029663086,103652244,0.0,0.0
2009-07-01 00:00:00-04:00,10.522313498283468,10.576885223930105,10.372242670693696,10.393078804016113,92339568,0.0,0.0
2009-07-02 00:00:00-04:00,10.304275497074471,10.304275497074471,10.090951412315588,10.132623672485352,100603296,0.0,0.0
2009-07-06 00:00:00-04:00,10.083261760252878,10.185953568929996,9.9632049354631,10.160405158996582,90413496,0.0,0.0
2009-07-07 00:00:00-04:00,10.126423195048362,10.149988385125223,9.822312285472512,9.8384370803833,130241628,0.0,0.0
2009-07-08 00:00:00-04:00,9.922027864544436,10.070858433759339,9.873905879667127,9.983792304992676,137510352,0.0,0.0
2009-07-09 00:00:00-04:00,10.07383614930883,10.280462843061992,10.065898530773957,10.179753303527832,130892976,0.0,0.0
2009-07-10 00:00:00-04:00,10.159662867804032,10.352894786500444,10.137834178781516,10.27922248840332,116946936,0.0,0.0
2009-07-13 00:00:00-04:00,10.323126877788374,10.530248888938832,10.298569133799411,10.524791717529297,161666172,0.0,0.0
2009-07-14 00:00:00-04:00,10.510157615397668,10.585070138561257,10.439711598290357,10.534467697143555,115716168,0.0,0.0
2009-07-15 00:00:00-04:00,10.657746999833316,10.88148915574296,10.62872558402713,10.8688383102417,150928920,0.0,0.0
2009-07-16 00:00:00-04:00,10.831879011868713,11.056861385660874,10.767881786253476,10.978724479675293,261917820,0.0,0.0
2009-07-17 00:00:00-04:00,10.740598446089384,10.802114288752724,10.584325556520644,10.672384262084961,273889836,0.0,0.0
2009-07-20 00:00:00-04:00,10.663205030199078,10.73687543184821,10.573162167793885,10.670397758483887,126013860,0.0,0.0
2009-07-21 00:00:00-04:00,10.689496865545157,10.713309719978078,10.560015473939051,10.614089965820312,118609272,0.0,0.0
2009-07-22 00:00:00-04:00,10.61657000271747,10.671141716161255,10.50494707462839,10.608880996704102,103364532,0.0,0.0
2009-07-23 00:00:00-04:00,10.633437473555405,10.944244783085301,10.554556630625825,10.848248481750488,138988872,0.0,0.0
2009-07-24 00:00:00-04:00,10.810299135864552,11.174438954742726,10.790207893826524,11.080923080444336,144930924,0.0,0.0
2009-07-27 00:00:00-04:00,11.064056415657157,11.081668157854422,10.854950180459234,11.03329849243164,100075824,0.0,0.0
2009-07-28 00:00:00-04:00,10.939036152940114,10.983933749173548,10.817491432835288,10.910511016845703,101198700,0.0,0.0
2009-07-29 00:00:00-04:00,10.845522559004426,10.85966129427183,10.713062545761119,10.820964813232422,79400520,0.0,0.0
2009-07-30 00:00:00-04:00,10.978971330623036,11.198744163983712,10.978971330623036,11.054130554199219,127816056,0.0,0.0
2009-07-31 00:00:00-04:00,11.161786717589733,11.229256000104293,10.97450827104145,10.989886283874512,114301584,0.0,0.0
2009-08-03 00:00:00-04:00,11.131028476878333,11.259022932850622,11.103742617203881,11.217103004455566,103508388,0.0,0.0
2009-08-04 00:00:00-04:00,11.146655631544727,11.261502968896254,11.123339998050271,11.254806518554688,95496408,0.0,0.0
2009-08-05 00:00:00-04:00,11.311111539260102,11.333684168535603,11.109694377308262,11.190559387207031,93586320,0.0,0.0
2009-08-06 00:00:00-04:00,11.268945985802468,11.283332389579856,11.125820221328402,11.17121410369873,84351564,0.0,0.0
2009-08-07 00:00:00-04:00,11.302927789063126,11.395946431694094,11.286059995124925,11.338398933410645,101622276,0.0,0.0
2009-08-10 00:00:00-04:00,11.289781603738204,11.370894297908633,11.256294624925433,11.326245307922363,69610320,0.0,0.0
2009-08-11 00:00:00-04:00,11.253318100170974,11.341624470122168,11.221319956119592,11.260016441345215,68431500,0.0,0.0
2009-08-12 00:00:00-04:00,11.296478381477433,11.45374096361534,11.28432286980597,11.375109672546387,93562344,0.0,0.0
2009-08-13 00:00:00-04:00,11.463664044517278,11.527413603315631,11.383295304040168,11.466889381408691,79728192,0.0,0.0
2009-08-14 00:00:00-04:00,11.479291752920076,11.489213539678536,11.333190228908332,11.410333633422852,66936996,0.0,0.0
2009-08-17 00:00:00-04:00,11.19949005846869,11.211644625435673,10.991624087262332,11.035528182983398,104703192,0.0,0.0
2009-08-18 00:00:00-04:00,11.04073667897384,11.105229227155515,10.971777625989551,11.04520034790039,93949956,0.0,0.0
2009-08-19 00:00:00-04:00,10.913985176601617,11.038258023035324,10.878513084695598,11.01270866394043,90109800,0.0,0.0
2009-08-20 00:00:00-04:00,11.211891818401199,11.464407710199573,11.19279219052793,11.420503616333008,159796044,0.0,0.0
2009-08-21 00:00:00-04:00,11.547754107428492,11.561396564827911,11.476067871502428,11.540312767028809,142277580,0.0,0.0
2009-08-24 00:00:00-04:00,11.592650685959637,11.660617196534133,11.519971893671457,11.626882553100586,98037864,0.0,0.0
2009-08-25 00:00:00-04:00,11.636803273764981,11.76628560894224,11.62663287570859,11.692366600036621,93546360,0.0,0.0
2009-08-26 00:00:00-04:00,11.726846869656738,11.732800320363992,11.576528383698339,11.60877513885498,79432488,0.0,0.0
2009-08-27 00:00:00-04:00,11.623161127168137,11.623161127168137,11.428442270304192,11.560652732849121,79876044,0.0,0.0
2009-08-28 00:00:00-04:00,11.64002878772401,11.717172195533726,11.494174924034171,11.528157234191895,70793136,0.0,0.0
2009-08-31 00:00:00-04:00,11.405125226216521,11.456471611985492,11.360723902788664,11.45175838470459,78237684,0.0,0.0
2009-09-01 00:00:00-04:00,11.4023941809661,11.579502205403687,11.271919303026422,11.305157661437988,103692204,0.0,0.0
2009-09-02 00:00:00-04:00,11.306648169505909,11.368908893081683,11.226527095644082,11.236946105957031,72119808,0.0,0.0
2009-09-03 00:00:00-04:00,11.306649274341716,11.366925835539721,11.286308475410348,11.348816871643066,65782152,0.0,0.0
2009-09-04 00:00:00-04:00,11.350055961780011,11.474826010114706,11.305654646990904,11.442578315734863,59908032,0.0,0.0
2009-09-08 00:00:00-04:00,11.51674776192993,11.583720771893923,11.3071443322223,11.376103401184082,106161732,0.0,0.0
2009-09-09 00:00:00-04:00,11.38701764680068,11.565861265446195,11.380566972605743,11.508810043334961,87728184,0.0,0.0
2009-09-10 00:00:00-04:00,11.575288218368012,11.68170166015625,11.459944600474051,11.68170166015625,101282616,0.0,0.0
2009-09-11 00:00:00-04:00,11.668306638978038,11.74024053785471,11.599595241136496,11.711466789245605,76039884,0.0,0.0
2009-09-14 00:00:00-04:00,11.67103503326421,11.827059292185243,11.65962441110761,11.785386085510254,78948972,0.0,0.0
2009-09-15 00:00:00-04:00,11.784394604150341,11.879397416678453,11.725606881529439,11.845414161682129,95828076,0.0,0.0
2009-09-16 00:00:00-04:00,11.901474089595405,12.138858711929345,11.868732002395983,12.112069129943848,103308588,0.0,0.0
2009-09-17 00:00:00-04:00,12.16862413410989,12.337298274270223,12.083789840388057,12.197148323059082,179144676,0.0,0.0
2009-09-18 00:00:00-04:00,12.322417579518316,12.327627085489077,12.184997599208504,12.190702438354492,131208660,0.0,0.0
2009-09-21 00:00:00-04:00,12.098426518240128,12.375251565035096,12.060723537863353,12.328121185302734,84571344,0.0,0.0
2009-09-22 00:00:00-04:00,12.425356874916973,12.451897842890942,12.348213472330528,12.379219055175781,121526352,0.0,0.0
2009-09-23 00:00:00-04:00,12.421884466335268,12.576172224188285,12.345732671578096,12.364336967468262,108059832,0.0,0.0
2009-09-24 00:00:00-04:00,12.414193766540892,12.437511287961678,12.228899490225983,12.322415351867676,101002896,0.0,0.0
2009-09-25 00:00:00-04:00,12.260898139380897,12.400798525691293,12.204093650005003,12.215999603271484,81902016,0.0,0.0
2009-09-28 00:00:00-04:00,12.274540961817639,12.439743052590192,12.236341706322376,12.366072654724121,73498428,0.0,0.0
2009-09-29 00:00:00-04:00,12.390877120554254,12.396334292095313,12.229148978406922,12.366072654724121,83884032,0.0,0.0
2009-09-30 00:00:00-04:00,12.402538170650038,12.40601022919958,12.086025010780174,12.299596786499023,125542332,0.0,0.0
2009-10-01 00:00:00-04:00,12.22890025692164,12.314974784168815,12.080070615894394,12.085031509399414,112415472,0.0,0.0
2009-10-02 00:00:00-04:00,11.999205337009027,12.197645783787733,11.970926923454735,12.020041465759277,103927968,0.0,0.0
2009-10-05 00:00:00-04:00,12.096193941528979,12.214762892543362,11.98928517030079,12.117774963378906,85698216,0.0,0.0
2009-10-06 00:00:00-04:00,12.196654019331724,12.386909194064202,12.196654019331724,12.371281623840332,109182708,0.0,0.0
2009-10-07 00:00:00-04:00,12.377732226873077,12.873586255044016,12.348215474394028,12.837618827819824,194773032,0.0,0.0
2009-10-08 00:00:00-04:00,12.887970796847046,12.979253881174028,12.733435377106241,12.754271507263184,171979848,0.0,0.0
2009-10-09 00:00:00-04:00,12.815540072394844,12.93609317853023,12.762208580652148,12.805618286132812,109414476,0.0,0.0
2009-10-12 00:00:00-04:00,12.983472808095774,13.041515642943345,12.881771650596905,12.99885082244873,132755112,0.0,0.0
2009-10-13 00:00:00-04:00,13.007532782624985,13.083684577926077,12.932869822557686,13.05019760131836,121374504,0.0,0.0
2009-10-14 00:00:00-04:00,13.207708943527077,13.285100012180688,13.146687499105475,13.278650283813477,130205664,0.0,0.0
2009-10-15 00:00:00-04:00,13.239706369534751,13.317842324195494,13.078969845610168,13.144454956054688,243771984,0.0,0.0
2009-10-16 00:00:00-04:00,13.576561163091883,13.760615232312109,13.507106761676996,13.639069557189941,353322324,0.0,0.0
2009-10-19 00:00:00-04:00,13.709516156006643,13.732088788610053,13.611288006933481,13.694632530212402,128587284,0.0,0.0
2009-10-20 00:00:00-04:00,13.683470200295814,13.715965564433946,13.412102336983454,13.685454368591309,161586252,0.0,0.0
2009-10-21 00:00:00-04:00,13.64055772279424,13.874717940539961,13.617985090707178,13.670075416564941,146677176,0.0,0.0
2009-10-22 00:00:00-04:00,13.642791070752157,13.76681624647062,13.593180244230991,13.744242668151855,93366540,0.0,0.0
2009-10-23 00:00:00-04:00,13.77301807874613,13.838503200992593,13.6725571423803,13.734321594238281,95612292,0.0,0.0
2009-10-26 00:00:00-04:00,13.785418332594448,13.931519849516398,13.66486522627732,13.747218132019043,118697184,0.0,0.0
2009-10-27 00:00:00-04:00,13.666850940631827,13.755901245084058,13.497928173495517,13.600373268127441,128531340,0.0,0.0
2009-10-28 00:00:00-04:00,13.589954458236873,13.642790620082337,13.351330568744295,13.402180671691895,102609288,0.0,0.0
2009-10-29 00:00:00-04:00,13.469402614692436,13.688183881029786,13.419545067346304,13.668835639953613,100803096,0.0,0.0
2009-10-30 00:00:00-04:00,13.642792515743226,13.64700851951061,13.251863093766389,13.298497200012207,138601260,0.0,0.0
2009-11-02 00:00:00-05:00,13.32230694783634,13.381343275593338,13.1030303744002,13.245659828186035,127955916,0.0,0.0
2009-11-03 00:00:00-05:00,13.146936453972652,13.33272606936527,13.104520248620705,13.32751750946045,95112792,0.0,0.0
2009-11-04 00:00:00-05:00,13.41458377989005,13.531166665460471,13.305937567531736,13.402925491333008,93214692,0.0,0.0
2009-11-05 00:00:00-05:00,13.481310911891946,13.637086577587299,13.460722445295804,13.609305381774902,73834092,0.0,0.0
2009-11-06 00:00:00-05:00,13.586234616795364,13.686942265022976,13.53116662055466,13.670075416564941,72994932,0.0,0.0
2009-11-09 00:00:00-05:00,13.777978220085481,13.954838613627977,13.747716580186841,13.953102111816406,105890004,0.0,0.0
2009-11-10 00:00:00-05:00,13.958557577414485,14.108629326498644,13.940450505891924,14.05852222442627,89142768,0.0,0.0
2009-11-11 00:00:00-05:00,14.150798280111331,14.225710801227386,14.036199553993065,14.152783393859863,92695212,0.0,0.0
2009-11-12 00:00:00-05:00,14.127976996363417,14.21082618553847,14.027269347032561,14.085559844970703,75376548,0.0,0.0
2009-11-13 00:00:00-05:00,14.121281200658794,14.201153673757537,14.054803519486308,14.189743995666504,66605328,0.0,0.0
2009-11-16 00:00:00-05:00,14.262914866013283,14.312277073469273,14.207847820816298,14.294665336608887,87880032,0.0,0.0
2009-11-17 00:00:00-05:00,14.259692450485813,14.324929902278708,14.23116636724419,14.324682235717773,76591332,0.0,0.0
2009-11-18 00:00:00-05:00,14.30384635925293,14.356680632802938,14.190238302678452,14.30384635925293,61922016,0.0,0.0
2009-11-19 00:00:00-05:00,14.232407666635503,14.238111559927107,14.138891797303073,14.213059425354004,86633280,0.0,0.0
2009-11-20 00:00:00-05:00,14.126489721508266,14.17858005020466,14.124009274679496,14.137899398803711,80167752,0.0,0.0
2009-11-23 00:00:00-05:00,14.299875771461908,14.550655161232742,14.284248201674195,14.445233345031738,101798100,0.0,0.0
2009-11-24 00:00:00-05:00,14.449451885735153,14.493356929671313,14.301117570844353,14.463590621948242,64143792,0.0,0.0
2009-11-25 00:00:00-05:00,14.54594276007478,14.562065663862933,14.45366806182897,14.52932357788086,58389552,0.0,0.0
2009-11-27 00:00:00-05:00,14.18850111693381,14.44796208097471,14.162952704953451,14.380989074707031,55328616,0.0,0.0
2009-11-30 00:00:00-05:00,14.40256750324789,14.477974397799706,14.315253709650374,14.461356163024902,68934996,0.0,0.0
2009-12-01 00:00:00-05:00,14.588608082180485,14.66525521239907,14.461358513377597,14.631769180297852,92719188,0.0,0.0
2009-12-02 00:00:00-05:00,14.65979868872427,14.709656236018347,14.541229740908575,14.573227882385254,66461472,0.0,0.0
2009-12-03 00:00:00-05:00,14.611180210774345,14.670960489594863,14.51096789391285,14.52932357788086,57090852,0.0,0.0
2009-12-04 00:00:00-05:00,14.709902370378595,14.754800910036264,14.366600632427236,14.511214256286621,100443456,0.0,0.0
2009-12-07 00:00:00-05:00,14.491371632089308,14.602498289990518,14.411747781323433,14.541974067687988,65382552,0.0,0.0
2009-12-08 00:00:00-05:00,14.473761320276708,14.651365668127113,14.436553671177323,14.561819076538086,60899040,0.0,0.0
2009-12-09 00:00:00-05:00,14.572980468895441,14.618374347138735,14.475744874098584,14.610684394836426,71168760,0.0,0.0
2009-12-10 00:00:00-05:00,14.645906901272184,14.751824998179883,14.645162956335493,14.672200202941895,66665268,0.0,0.0
2009-12-11 00:00:00-05:00,14.751079792044365,14.752816293720901,14.578684972363764,14.647643089294434,68731200,0.0,0.0
2009-12-14 00:00:00-05:00,14.767699850613642,14.816317170872104,14.699733345459485,14.777125358581543,76459464,0.0,0.0
2009-12-15 00:00:00-05:00,14.716850370391722,14.793249834888877,14.659551480988037,14.712881088256836,91124784,0.0,0.0
2009-12-16 00:00:00-05:00,14.848317392488406,14.89222148947951,14.799699123214072,14.82748031616211,112263624,0.0,0.0
2009-12-17 00:00:00-05:00,14.794736287925923,14.824502590621737,14.728258621531845,14.732723236083984,105446448,0.0,0.0
2009-12-18 00:00:00-05:00,14.784567776323156,14.856502623142827,14.75901841839204,14.794240951538086,141118740,0.0,0.0
2009-12-21 00:00:00-05:00,14.82375982737663,14.879075492681043,14.775638781219333,14.850301742553711,102745152,0.0,0.0
2009-12-22 00:00:00-05:00,14.916282901314869,14.920252183316604,14.854517508127605,14.910825729370117,75156768,0.0,0.0
2009-12-23 00:00:00-05:00,14.96986349059458,15.202286290285848,14.953739639783457,15.172768592834473,82825092,0.0,0.0
2009-12-24 00:00:00-05:00,15.20377446955762,15.367240079280343,15.187402952869627,15.341442108154297,34313652,0.0,0.0
2009-12-28 00:00:00-05:00,15.420322474259182,15.527727522948854,15.341441618669473,15.450335502624512,67848084,0.0,0.0
2009-12-29 00:00:00-05:00,15.496721652438998,15.499202099210045,15.336729054537637,15.364262580871582,56935008,0.0,0.0
2009-12-30 00:00:00-05:00,15.341938576302386,15.446864128112793,15.329784953537773,15.446864128112793,58565376,0.0,0.0
2009-12-31 00:00:00-05:00,15.496969092116313,15.513092941184269,15.37864875793457,15.37864875793457,48743208,0.0,0.0
2010-01-04 00:00:00-05:00,15.55153930057683,15.615041192438623,15.484318629332444,15.546578407287598,78169752,0.0,0.0
2010-01-05 00:00:00-05:00,15.557244549406297,15.573616063873388,15.417344149464842,15.478116035461426,120067812,0.0,0.0
2010-01-06 00:00:00-05:00,15.524502562303638,15.524502562303638,15.040804107261364,15.087933540344238,158988852,0.0,0.0
2010-01-07 00:00:00-05:00,15.116210210459785,15.131093835318577,14.700725952969476,14.736692428588867,256315428,0.0,0.0
2010-01-08 00:00:00-05:00,14.68460272606137,14.963659596786792,14.612915547748072,14.933150291442871,188783028,0.0,0.0
2010-01-11 00:00:00-05:00,14.993675588690046,14.993675588690046,14.73520621799038,14.910578727722168,288227484,0.0,0.0
2010-01-12 00:00:00-05:00,14.824752180793864,14.83740302650726,14.585383395526144,14.646900177001953,193937868,0.0,0.0
2010-01-13 00:00:00-05:00,14.299875047581152,14.59480712806233,14.235630160591231,14.562808990478516,259604136,0.0,0.0
2010-01-14 00:00:00-05:00,14.483681010738296,14.739173623598008,14.45664376510318,14.631271362304688,169434396,0.0,0.0
2010-01-15 00:00:00-05:00,14.717842432174992,14.723300549762016,14.338324599637227,14.386943817138672,217162620,0.0,0.0
2010-01-19 00:00:00-05:00,14.41670770016294,14.645409783746635,14.294914373554096,14.575955390930176,172495332,0.0,0.0
2010-01-20 00:00:00-05:00,14.5352757981597,14.5352757981597,14.27011094262911,14.397111892700195,129897972,0.0,0.0
2010-01-21 00:00:00-05:00,14.472272782227623,14.556113585911667,14.19470378909224,14.460862159729004,252055692,0.0,0.0
2010-01-22 00:00:00-05:00,14.002463397830539,14.153773477874635,13.26724067930557,13.643037796020508,271743984,0.0,0.0
2010-01-25 00:00:00-05:00,13.558203801302879,13.639813711116464,13.283363881009823,13.394739151000977,176619204,0.0,0.0
2010-01-26 00:00:00-05:00,13.344385458179353,13.632867838053446,13.302713197287776,13.454767227172852,174045780,0.0,0.0
2010-01-27 00:00:00-05:00,13.42624228387287,13.584499334533726,13.278404244611067,13.446830749511719,158417424,0.0,0.0
2010-01-28 00:00:00-05:00,13.506113510372785,13.568374230347235,13.161570603800946,13.253101348876953,129034836,0.0,0.0
2010-01-29 00:00:00-05:00,13.357283635483709,13.419295746867954,13.037793789206255,13.1451997756958,165454380,0.0,0.0
2010-02-01 00:00:00-05:00,13.260791393084038,13.290806310723292,13.154130294038067,13.221599578857422,89941968,0.0,0.0
2010-02-02 00:00:00-05:00,13.269721368685467,13.269721368685467,13.087403811900531,13.174469947814941,163684152,0.0,0.0
2010-02-03 00:00:00-05:00,13.11369636091915,13.446827678984627,13.102782018862902,13.415077209472656,119844036,0.0,0.0
2010-02-04 00:00:00-05:00,13.320324813433443,13.345129282023573,13.036554697599714,13.066817283630371,134972892,0.0,0.0
2010-02-05 00:00:00-05:00,13.106998968575287,13.233505522728587,12.959658176044828,13.178686141967773,126113760,0.0,0.0
2010-02-08 00:00:00-05:00,13.208701813241468,13.444350880900453,13.18464128975198,13.232762336730957,107664228,0.0,0.0
2010-02-09 00:00:00-05:00,13.38332942050483,13.432691636162854,13.272450421523166,13.30643367767334,112671216,0.0,0.0
2010-02-10 00:00:00-05:00,13.247646947446052,13.33992165671168,13.089389889346227,13.257073402404785,106873020,0.0,0.0
2010-02-11 00:00:00-05:00,13.229039543161933,13.40689246917754,13.134284409112425,13.305438995361328,96303600,0.0,0.0
2010-02-12 00:00:00-05:00,13.220361314373104,13.324045696259812,13.159092196335205,13.224081039428711,91096812,0.0,0.0
2010-02-16 00:00:00-05:00,13.317099307184474,13.497184082423455,13.253349748599533,13.426985740661621,146029824,0.0,0.0
2010-02-17 00:00:00-05:00,13.444350126456225,13.479077325679567,13.335455301921527,13.350337982177734,81106812,0.0,0.0
2010-02-18 00:00:00-05:00,13.333720209601813,13.51901451389744,13.298993006707647,13.474613189697266,93382524,0.0,0.0
2010-02-19 00:00:00-05:00,13.407885593194393,13.494702167925393,13.3872971305509,13.413590431213379,102021876,0.0,0.0
2010-02-22 00:00:00-05:00,13.577056518660966,13.580778134182406,13.4195453097478,13.464194297790527,85698216,0.0,0.0
2010-02-23 00:00:00-05:00,13.469154397289577,13.48478102227246,13.203492319658807,13.272449493408203,114789096,0.0,0.0
2010-02-24 00:00:00-05:00,13.24541484230704,13.356045243373194,13.159341246235174,13.183154106140137,92970936,0.0,0.0
2010-02-25 00:00:00-05:00,13.07524859298104,13.109231845030507,12.898636828581646,13.058134078979492,132235632,0.0,0.0
2010-02-26 00:00:00-05:00,13.082691190237657,13.190097175120659,12.98495837994503,13.06731128692627,81890028,0.0,0.0
2010-03-01 00:00:00-05:00,13.126845281466643,13.228298772376473,13.090630190013147,13.213415145874023,89426484,0.0,0.0
2010-03-02 00:00:00-05:00,13.282620383975134,13.535136292650256,13.270963040412893,13.421032905578613,174097728,0.0,0.0
2010-03-03 00:00:00-05:00,13.453280149846835,13.596157291783923,13.376136740168764,13.526703834533691,123452424,0.0,0.0
2010-03-04 00:00:00-05:00,13.555971961600502,13.794844459634431,13.548530621558779,13.756645202636719,127224648,0.0,0.0
2010-03-05 00:00:00-05:00,13.92432842967074,14.08109663780073,13.88836100574579,13.995269775390625,156331512,0.0,0.0
2010-03-08 00:00:00-05:00,14.009408501648728,14.01933123347366,13.915893583934615,13.952356338500977,95360544,0.0,0.0
2010-03-09 00:00:00-05:00,13.887118746992485,14.006432577159826,13.804021895055055,13.895553588867188,126936936,0.0,0.0
2010-03-10 00:00:00-05:00,13.984107760599759,14.349735450182276,13.945659889884045,14.298885345458984,225969804,0.0,0.0
2010-03-11 00:00:00-05:00,14.244560986925823,14.540981935700373,14.243072151701444,14.415220260620117,169162668,0.0,0.0
2010-03-12 00:00:00-05:00,14.588855296840695,14.592328300401245,14.366105696401975,14.375532150268555,110025864,0.0,0.0
2010-03-15 00:00:00-04:00,14.056539325475011,14.125249783663964,13.791621170819377,13.969721794128418,185969844,0.0,0.0
2010-03-16 00:00:00-04:00,13.936234703922047,14.099700311214297,13.909693733472581,14.019827842712402,137122740,0.0,0.0
2010-03-17 00:00:00-04:00,14.096722658209073,14.174859565001235,13.99626173115531,14.028757095336914,132731136,0.0,0.0
2010-03-18 00:00:00-04:00,14.007919766540594,14.100195406889323,13.964263338309307,14.049592971801758,71016912,0.0,0.0
2010-03-19 00:00:00-04:00,13.890840530395508,14.089280987863594,13.823370302210277,13.890840530395508,191576232,0.0,0.0
2010-03-22 00:00:00-04:00,13.794347368041006,14.060753357443419,13.748953498047344,13.828825950622559,160031808,0.0,0.0
2010-03-23 00:00:00-04:00,13.81741778580028,13.848919647129545,13.444349726074964,13.617984771728516,219831948,0.0,0.0
2010-03-24 00:00:00-04:00,13.531414162269693,13.88711910059667,13.387297752941496,13.824610710144043,262345392,0.0,0.0
2010-03-25 00:00:00-04:00,13.86653162209395,14.188501941397126,13.857602391561901,13.9622802734375,157078764,0.0,0.0
2010-03-26 00:00:00-04:00,14.021563487868903,14.074150092416852,13.891337199852739,13.957566261291504,107740152,0.0,0.0
2010-03-29 00:00:00-04:00,13.965256828993043,14.007920703300185,13.90498026981916,13.951613426208496,124055820,0.0,0.0
2010-03-30 00:00:00-04:00,13.961039421344013,14.080103700511852,13.897786139011144,14.057283401489258,79036884,0.0,0.0
2010-03-31 00:00:00-04:00,14.016107000697065,14.132443170951206,13.960543668327679,14.067453384399414,121110768,0.0,0.0
2010-04-01 00:00:00-04:00,14.172379377705703,14.224470653328384,14.028509675955085,14.109126091003418,84023892,0.0,0.0
2010-04-05 00:00:00-04:00,14.161216139522965,14.259939619376244,14.114085761797401,14.163945198059082,75983940,0.0,0.0
2010-04-06 00:00:00-04:00,14.125496878436504,14.160968968895165,14.024788281469297,14.094738960266113,82321596,0.0,0.0
2010-04-07 00:00:00-04:00,14.071919261036937,14.107885740859341,13.936979736537138,13.978652000427246,103136760,0.0,0.0
2010-04-08 00:00:00-04:00,13.973195777946058,14.135173507903147,13.892083079673334,14.076632499694824,77822100,0.0,0.0
2010-04-09 00:00:00-04:00,14.076631640708877,14.10838211728229,13.990061775144,14.045129776000977,82181736,0.0,0.0
2010-04-12 00:00:00-04:00,14.073158104551476,14.238110642060214,14.045128301273468,14.206609725952148,94001904,0.0,0.0
2010-04-13 00:00:00-04:00,14.201648022031225,14.607211449908021,14.166921768726757,14.554872512817383,156335508,0.0,0.0
2010-04-14 00:00:00-04:00,14.63647988588578,14.693035768870038,14.486410033420157,14.610187530517578,135971892,0.0,0.0
2010-04-15 00:00:00-04:00,14.68881883258614,14.829464122606701,14.59257580464069,14.766458511352539,270201528,0.0,0.0
2010-04-16 00:00:00-04:00,13.96525701407417,14.10937343379913,13.633613518878507,13.646512031555176,488930580,0.0,0.0
2010-04-19 00:00:00-04:00,13.611781468429259,13.741761019560537,13.518763782789275,13.645268440246582,155604240,0.0,0.0
2010-04-20 00:00:00-04:00,13.746227884158683,13.88240762831234,13.669083530442995,13.767807960510254,118976904,0.0,0.0
2010-04-21 00:00:00-04:00,13.803029853165098,13.897041997091556,13.696368754477298,13.749451637268066,95564340,0.0,0.0
2010-04-22 00:00:00-04:00,13.692401564308437,13.704803798847248,13.477837235033428,13.569864273071289,131096772,0.0,0.0
2010-04-23 00:00:00-04:00,13.574577096735956,13.625923480550803,13.451047252291383,13.518516540527344,83492424,0.0,0.0
2010-04-26 00:00:00-04:00,13.518020251099507,13.518515584197479,13.127091837615781,13.187368392944336,174577248,0.0,0.0
2010-04-27 00:00:00-04:00,13.12064397292546,13.353315368479647,13.077979153061147,13.123373031616211,153634212,0.0,0.0
2010-04-28 00:00:00-04:00,13.198779919659966,13.266497819606908,12.924187649629287,13.12659740447998,136107756,0.0,0.0
2010-04-29 00:00:00-04:00,13.230283756752929,13.307923450047047,13.064089079861557,13.19629955291748,122233644,0.0,0.0
2010-04-30 00:00:00-04:00,13.174717547056915,13.337189627401392,13.03357598303519,13.04002571105957,97318584,0.0,0.0
2010-05-03 00:00:00-04:00,13.05987129807233,13.219119000096395,13.024646875521977,13.161571502685547,74237688,0.0,0.0
2010-05-04 00:00:00-04:00,13.060367288351525,13.065824460388544,12.50696674941367,12.560544967651367,242808948,0.0,0.0
2010-05-05 00:00:00-04:00,12.426845536698153,12.792472278067404,12.414194690936158,12.644634246826172,183104712,0.0,0.0
2010-05-06 00:00:00-04:00,12.619579486632976,12.837120517525534,11.410333392240274,12.369544982910156,199803996,0.0,0.0
2010-05-07 00:00:00-04:00,12.401793263272888,12.534500955890021,11.939426231482074,12.232375144958496,203356440,0.0,0.0
2010-05-10 00:00:00-04:00,12.749064697990507,12.968589930309562,12.715082384867147,12.939567565917969,164954880,0.0,0.0
2010-05-11 00:00:00-04:00,12.791231306605505,12.895659614757864,12.606432374080187,12.627020835876465,132771096,0.0,0.0
2010-05-12 00:00:00-04:00,12.701191214464224,12.701191214464224,12.452148286545016,12.536236763000488,153917928,0.0,0.0
2010-05-13 00:00:00-04:00,12.811820843272137,12.948249210951454,12.659766793670624,12.672417640686035,132898968,0.0,0.0
2010-05-14 00:00:00-04:00,12.644882563300943,12.675145149943747,12.309518389782248,12.589319229125977,164475360,0.0,0.0
2010-05-17 00:00:00-04:00,12.57071347994738,12.609905289872083,12.361606362686553,12.600231170654297,111640248,0.0,0.0
2010-05-18 00:00:00-04:00,12.65058677518407,12.674647296271347,12.329856711115234,12.362103462219238,112906980,0.0,0.0
2010-05-19 00:00:00-04:00,12.309765759198713,12.388645670532785,12.098426772117897,12.264372825622559,137690172,0.0,0.0
2010-05-20 00:00:00-04:00,12.032196796376931,12.044847641526426,11.752643651510278,11.782657623291016,196335468,0.0,0.0
2010-05-21 00:00:00-04:00,11.635068504855628,12.03046157586238,11.51947722035502,11.709235191345215,387244368,0.0,0.0
2010-05-24 00:00:00-04:00,11.92454110844071,12.149274849097967,11.827057862014868,11.835987091064453,173650176,0.0,0.0
2010-05-25 00:00:00-04:00,11.612493796465525,11.843181955181542,11.50980198031272,11.833756446838379,120575304,0.0,0.0
2010-05-26 00:00:00-04:00,11.957781598589916,12.148532107630867,11.78240910273633,11.794068336486816,138884976,0.0,0.0
2010-05-27 00:00:00-04:00,12.029220397893651,12.211785625488133,11.932480139588192,12.16589641571045,112251636,0.0,0.0
2010-05-28 00:00:00-04:00,12.222451376056489,12.240064060326453,11.980849814417661,12.046087265014648,115676208,0.0,0.0
2010-06-01 00:00:00-04:00,11.91710131350936,12.18077923171929,11.909411361388681,11.965222358703613,106565328,0.0,0.0
2010-06-02 00:00:00-04:00,12.072133964395691,12.250482259475405,11.942651608606011,12.238080024719238,101530368,0.0,0.0
2010-06-03 00:00:00-04:00,12.281238924687266,12.600977389772519,12.271069471343406,12.541444778442383,145881972,0.0,0.0
2010-06-04 00:00:00-04:00,12.395592081462953,12.631984156592498,12.320680504532254,12.370786666870117,156655188,0.0,0.0
2010-06-07 00:00:00-04:00,12.379218240861876,12.425107445746384,11.984570133563,12.043357849121094,145162692,0.0,0.0
2010-06-08 00:00:00-04:00,12.101155241768064,12.125712989708296,11.845414925147008,12.025004386901855,107296596,0.0,0.0
2010-06-09 00:00:00-04:00,12.08552701396511,12.126702994595586,11.707994345718353,11.758099555969238,109050840,0.0,0.0
2010-06-10 00:00:00-04:00,11.915612624978305,12.117278431464683,11.803246683996528,12.080318450927734,103012884,0.0,0.0
2010-06-11 00:00:00-04:00,11.968448460039935,12.1224876043454,11.946619772678462,12.117278099060059,71196732,0.0,0.0
2010-06-14 00:00:00-04:00,12.265613690978808,12.266109969433094,11.985564231872559,11.985564231872559,81534384,0.0,0.0
2010-06-15 00:00:00-04:00,11.982834617496286,12.41245856774534,11.960510597480175,12.352677345275879,170213616,0.0,0.0
2010-06-16 00:00:00-04:00,12.307532551153198,12.501756055188864,12.306043716034363,12.434038162231445,91480428,0.0,0.0
2010-06-17 00:00:00-04:00,12.488114121097732,12.548141119722109,12.320431577437285,12.404520988464355,79012908,0.0,0.0
2010-06-18 00:00:00-04:00,12.46479512264186,12.488607975089124,12.35614986956253,12.403278350830078,114801084,0.0,0.0
2010-06-21 00:00:00-04:00,12.400054504620146,12.42659641643002,12.027730411437643,12.118764877319336,119220660,0.0,0.0
2010-06-22 00:00:00-04:00,12.15200535861172,12.31819907078066,12.048567704979579,12.061466217041016,88699212,0.0,0.0
2010-06-23 00:00:00-04:00,12.077341766260465,12.077341766260465,11.86079422361688,11.957284927368164,81082836,0.0,0.0
2010-06-24 00:00:00-04:00,11.898002915393933,11.97465005151082,11.739249580088064,11.784891128540039,75668256,0.0,0.0
2010-06-25 00:00:00-04:00,11.83350831470314,11.848143328852617,11.672275492497274,11.724862098693848,89718192,0.0,0.0
2010-06-28 00:00:00-04:00,11.72263085740675,11.845663481942148,11.63382821118189,11.709980010986328,70421508,0.0,0.0
2010-06-29 00:00:00-04:00,11.495663410628003,11.523195991106864,11.190064623286501,11.267952919006348,139943916,0.0,0.0
2010-06-30 00:00:00-04:00,11.285313898814026,11.356504791748335,11.03131107712625,11.037015914916992,143983872,0.0,0.0
2010-07-01 00:00:00-04:00,11.045449549790744,11.12259389711459,10.756223236161844,10.901580810546875,140403456,0.0,0.0
2010-07-02 00:00:00-04:00,10.95441788601198,10.970788458301039,10.81501279263027,10.828656196594238,77362560,0.0,0.0
2010-07-06 00:00:00-04:00,11.013450660273659,11.104486069587095,10.756222503547814,10.816747665405273,102301596,0.0,0.0
2010-07-07 00:00:00-04:00,10.872310903545802,11.19428119559737,10.799632115556276,11.167243003845215,125062812,0.0,0.0
2010-07-08 00:00:00-04:00,11.250340662375306,11.344105144077748,11.153849957878156,11.325003623962402,106649244,0.0,0.0
2010-07-09 00:00:00-04:00,11.707003654388233,11.739249465244281,11.479293138109425,11.596124649047852,173086740,0.0,0.0
2010-07-12 00:00:00-04:00,11.717170729290519,11.892543211311265,11.685172591514933,11.802996635437012,133242624,0.0,0.0
2010-07-13 00:00:00-04:00,11.962245873085301,12.228651888893245,11.913379940513286,12.13464069366455,158892948,0.0,0.0
2010-07-14 00:00:00-04:00,12.151509032535587,12.249488568623748,12.066675675013546,12.187725067138672,124595280,0.0,0.0
2010-07-15 00:00:00-04:00,12.197398331309016,12.271068728120518,11.972911301714756,12.25420093536377,194133672,0.0,0.0
2010-07-16 00:00:00-04:00,11.636556281259983,11.672275091857513,11.39842678101031,11.400659561157227,312679008,0.0,0.0
2010-07-19 00:00:00-04:00,11.435387028059923,11.649702732540804,11.348816222207464,11.563629150390625,181829988,0.0,0.0
2010-07-20 00:00:00-04:00,11.435882454249267,11.980602368035422,11.425217667453138,11.94587516784668,162017820,0.0,0.0
2010-07-21 00:00:00-04:00,12.005656116426415,12.047825604591324,11.793076900163221,11.844422340393066,131052816,0.0,0.0
2010-07-22 00:00:00-04:00,11.986556435519674,12.129185913785069,11.967952138432233,12.025748252868652,85822092,0.0,0.0
2010-07-23 00:00:00-04:00,11.925535777291483,12.169121521172928,11.906683813870428,12.155975341796875,90485424,0.0,0.0
2010-07-26 00:00:00-04:00,12.131912547500441,12.173089476793999,12.027484224889836,12.128936767578125,79728192,0.0,0.0
2010-07-27 00:00:00-04:00,12.168873596338099,12.340524486633427,12.158703197193415,12.21972370147705,97949952,0.0,0.0
2010-07-28 00:00:00-04:00,12.27702386021015,12.284713812736413,11.972665275730897,12.014337539672852,99740160,0.0,0.0
2010-07-29 00:00:00-04:00,12.054025258894725,12.12670405195263,11.889815709847863,12.03021240234375,106912980,0.0,0.0
2010-07-30 00:00:00-04:00,11.897752110026241,12.088998887829414,11.885101265415907,12.026738166809082,85678236,0.0,0.0
2010-08-02 00:00:00-04:00,12.129432208990965,12.235845637929568,12.078582107874396,12.164655685424805,74273652,0.0,0.0
2010-08-03 00:00:00-04:00,12.166888691411422,12.215506962420315,12.074117709983271,12.150269508361816,72019908,0.0,0.0
2010-08-04 00:00:00-04:00,12.208562067541937,12.57617299456461,12.180532261356896,12.559306144714355,152347500,0.0,0.0
2010-08-05 00:00:00-04:00,12.548639009236979,12.61586063019838,12.490842897087115,12.6034574508667,96719184,0.0,0.0
2010-08-06 00:00:00-04:00,12.536485012938098,12.544917965293804,12.304557554080068,12.407994270324707,132647220,0.0,0.0
2010-08-09 00:00:00-04:00,12.458347291666021,12.538963695838534,12.436270939058849,12.535242080688477,74813112,0.0,0.0
2010-08-10 00:00:00-04:00,12.460829417120408,12.551369517232173,12.36706681542918,12.4945650100708,82877040,0.0,0.0
2010-08-11 00:00:00-04:00,12.346229070276763,12.352926465615724,12.191693644360328,12.197647094726562,88831080,0.0,0.0
2010-08-12 00:00:00-04:00,12.004167775292343,12.272310315817691,11.968696629485645,12.204344749450684,88095816,0.0,0.0
2010-08-13 00:00:00-04:00,12.129679502788056,12.184002605627937,12.055511882261197,12.063946723937988,77310612,0.0,0.0
2010-08-16 00:00:00-04:00,11.997718349411013,12.151262170936057,11.918838436912354,12.045096397399902,52147800,0.0,0.0
2010-08-17 00:00:00-04:00,12.118020985164568,12.271068504584685,12.056008877314415,12.167383193969727,75552372,0.0,0.0
2010-08-18 00:00:00-04:00,12.165400533035982,12.176066265258953,11.944883707081662,11.959766387939453,107348544,0.0,0.0
2010-08-19 00:00:00-04:00,11.931487567414038,11.968696158884695,11.590169968437824,11.608030319213867,156843000,0.0,0.0
2010-08-20 00:00:00-04:00,11.608031005761228,11.697825262187049,11.435635221664352,11.460440635681152,156547296,0.0,0.0
2010-08-23 00:00:00-04:00,11.447542880713298,11.61497683685714,11.354027947788106,11.51129150390625,119328552,0.0,0.0
2010-08-24 00:00:00-04:00,11.353280709989562,11.369900836049515,11.185101898274253,11.196761131286621,110397492,0.0,0.0
2010-08-25 00:00:00-04:00,11.162282507987129,11.356010690869091,11.162282507987129,11.27688217163086,103580316,0.0,0.0
2010-08-26 00:00:00-04:00,11.31260239298694,11.342367754914262,11.173197311066591,11.186592102050781,71008920,0.0,0.0
2010-08-27 00:00:00-04:00,11.225784377636748,11.410086121849782,11.103991030380298,11.381312370300293,92403504,0.0,0.0
2010-08-30 00:00:00-04:00,11.389248934429817,11.40438022646912,11.222311279475804,11.229008674621582,49206744,0.0,0.0
2010-08-31 00:00:00-04:00,11.165011634553359,11.283083357156224,11.112672695863353,11.162778854370117,77794128,0.0,0.0
2010-09-01 00:00:00-04:00,11.285813227719,11.532871034474285,11.224296442605155,11.418519973754883,129002868,0.0,0.0
2010-09-02 00:00:00-04:00,11.480781944590008,11.52022048443933,11.41802398910964,11.489214897155762,67300632,0.0,0.0
2010-09-03 00:00:00-04:00,11.671283969954805,11.705019561690454,11.594884500674745,11.665826797485352,101514384,0.0,0.0
2010-09-07 00:00:00-04:00,11.521955438246883,11.598603508414612,11.485244071601995,11.519475936889648,68327604,0.0,0.0
2010-09-08 00:00:00-04:00,11.539072150946643,11.720397169046876,11.522205300958046,11.672771453857422,95975928,0.0,0.0
2010-09-09 00:00:00-04:00,11.852609103367087,11.91635772124834,11.672771036439883,11.81167984008789,97126776,0.0,0.0
2010-09-10 00:00:00-04:00,11.88212563403476,11.901226208623573,11.78439470732914,11.810687065124512,78893028,0.0,0.0
2010-09-13 00:00:00-04:00,11.928760496004598,12.014336854028057,11.894776295943828,11.962742805480957,89570340,0.0,0.0
2010-09-14 00:00:00-04:00,11.956292720020619,12.024259227529797,11.90841934302069,11.91710090637207,88571340,0.0,0.0
2010-09-15 00:00:00-04:00,11.905195360040569,11.95331640524252,11.869226991480197,11.922309875488281,96015888,0.0,0.0
2010-09-16 00:00:00-04:00,11.905195241491585,11.967207355090348,11.891799505728288,11.93272876739502,78701220,0.0,0.0
2010-09-17 00:00:00-04:00,11.999452679216493,12.184249719936442,11.935704071436776,12.158205032348633,225438336,0.0,0.0
2010-09-20 00:00:00-04:00,12.216496949932235,12.660754909999968,12.205582607907672,12.60792064666748,175963860,0.0,0.0
2010-09-21 00:00:00-04:00,12.642650409683473,12.898143051937614,12.623549834613314,12.73641300201416,178473348,0.0,0.0
2010-09-22 00:00:00-04:00,12.72153015075652,12.843570213623755,12.692260122123404,12.799418449401855,101382516,0.0,0.0
2010-09-23 00:00:00-04:00,12.764937761677597,12.890947095233917,12.682832521810969,12.736907958984375,92603304,0.0,0.0
2010-09-24 00:00:00-04:00,12.941799187050185,13.09286161054523,12.855476991945398,13.079466819763184,134141724,0.0,0.0
2010-09-27 00:00:00-04:00,13.118161971344081,13.316603380453131,13.118161971344081,13.156859397888184,124171704,0.0,0.0
2010-09-28 00:00:00-04:00,13.233009981598244,13.235738094815408,12.860189583639153,13.076489448547363,146041812,0.0,0.0
2010-09-29 00:00:00-04:00,13.093358129463066,13.219616087378803,13.015470775422209,13.089388847351074,86801112,0.0,0.0
2010-09-30 00:00:00-04:00,13.125850441911565,13.193072052821512,12.871846676893762,13.042258262634277,129634236,0.0,0.0
2010-10-01 00:00:00-04:00,13.146687330229426,13.162067233378563,12.97305228843189,13.038042068481445,88911000,0.0,0.0
2010-10-04 00:00:00-04:00,13.02142463760459,13.103281282287657,12.870113583707907,12.956932067871094,77542380,0.0,0.0
2010-10-05 00:00:00-04:00,13.10650516314798,13.394739889529852,13.061111284848437,13.350834846496582,140143716,0.0,0.0
2010-10-06 00:00:00-04:00,13.376383368697532,13.393498828790161,13.145199878880137,13.254590034484863,110381508,0.0,0.0
2010-10-07 00:00:00-04:00,13.300727891331592,13.325284691480968,13.125356341538975,13.146936416625977,95736168,0.0,0.0
2010-10-08 00:00:00-04:00,13.215399423918381,13.335206701610428,13.08765263710667,13.304200172424316,114253632,0.0,0.0
2010-10-11 00:00:00-04:00,13.357035659301035,13.508842971346004,13.324541239547088,13.365964889526367,104946948,0.0,0.0
2010-10-12 00:00:00-04:00,13.397715477585947,13.543320718392103,13.33991937010095,13.429217338562012,149993856,0.0,0.0
2010-10-13 00:00:00-04:00,13.568374282180065,13.580527902970928,13.452534404588432,13.476594924926758,122101776,0.0,0.0
2010-10-14 00:00:00-04:00,13.498425902682843,13.524966874051687,13.323053388158833,13.41780948638916,265098636,0.0,0.0
2010-10-15 00:00:00-04:00,14.864935669699102,14.923723389057503,14.674680498057553,14.919010162353516,592399008,0.0,0.0
2010-10-18 00:00:00-04:00,14.89668722704929,15.371456467217293,14.89668722704929,15.322341918945312,283644072,0.0,0.0
2010-10-19 00:00:00-04:00,15.102569347454725,15.250655994992448,14.953987366779579,15.077268600463867,183332484,0.0,0.0
2010-10-20 00:00:00-04:00,15.084956266798022,15.31415558580174,15.069081975505174,15.080987930297852,140862996,0.0,0.0
2010-10-21 00:00:00-04:00,15.16855021444766,15.279924543083716,15.031874194415636,15.18045711517334,116703180,0.0,0.0
2010-10-22 00:00:00-04:00,15.178717328172034,15.250653109264531,15.132332791681046,15.193849563598633,90153756,0.0,0.0
2010-10-25 00:00:00-04:00,15.269755247850638,15.496721801335438,15.254376288663941,15.292327880859375,126209664,0.0,0.0
2010-10-26 00:00:00-04:00,15.207989222893262,15.409654063816431,15.156642845210804,15.344416618347168,100415484,0.0,0.0
2010-10-27 00:00:00-04:00,15.274220887238707,15.37914643402249,15.188891248352613,15.291584014892578,89586324,0.0,0.0
2010-10-28 00:00:00-04:00,15.380385371375,15.403950560818243,15.212951434396173,15.34392261505127,87284628,0.0,0.0
2010-10-29 00:00:00-04:00,15.306464907692721,15.354338281722642,15.20526004294287,15.222871780395508,91040868,0.0,0.0
2010-11-01 00:00:00-04:00,15.273228295293126,15.395516969449702,15.161109074907841,15.255120277404785,123360516,0.0,0.0
2010-11-02 00:00:00-04:00,15.346155117048927,15.379146761820493,15.244702571750404,15.270003318786621,79824096,0.0,0.0
2010-11-03 00:00:00-04:00,15.317133992037224,15.424539044675495,15.217913279844314,15.383610725402832,135084780,0.0,0.0
2010-11-04 00:00:00-04:00,15.494242340932505,15.62521353215045,15.43123671963018,15.485063552856445,142689168,0.0,0.0
2010-11-05 00:00:00-04:00,15.4580251840783,15.515325017007934,15.406678801521355,15.505155563354492,70557372,0.0,0.0
2010-11-08 00:00:00-05:00,15.478861095724353,15.614545502525546,15.456785686930605,15.547075271606445,83967948,0.0,0.0
2010-11-09 00:00:00-05:00,15.62719467599969,15.648278471017614,15.391794255871302,15.498703956604004,89398512,0.0,0.0
2010-11-10 00:00:00-05:00,15.430738940178209,15.453560182876668,15.31737950747175,15.450583457946777,99780120,0.0,0.0
2010-11-11 00:00:00-05:00,15.371704201371584,15.375424871595971,15.23552445716539,15.309443473815918,90373536,0.0,0.0
2010-11-12 00:00:00-05:00,15.230065503118606,15.3022480094936,14.913056118520753,14.964651107788086,135584280,0.0,0.0
2010-11-15 00:00:00-05:00,14.959442001567325,14.982263244565557,14.735452191602944,14.770676612854004,139016844,0.0,0.0
2010-11-16 00:00:00-05:00,14.703454052124368,14.830703609116187,14.472519180765508,14.479216575622559,132163704,0.0,0.0
2010-11-17 00:00:00-05:00,14.510967795817928,14.622589788796509,14.420924933068468,14.47499942779541,97602300,0.0,0.0
2010-11-18 00:00:00-05:00,14.610188117942206,14.882547588639609,14.599273774543672,14.797714233398438,103496400,0.0,0.0
2010-11-19 00:00:00-05:00,14.808629971225892,14.830705381358106,14.643427860108007,14.655582427978516,91808100,0.0,0.0
2010-11-22 00:00:00-05:00,14.572236898029061,14.720323546922888,14.455156780412908,14.665255546569824,87376536,0.0,0.0
2010-11-23 00:00:00-05:00,14.560826733406719,14.610436614616066,14.342293131763114,14.4616060256958,86417496,0.0,0.0
2010-11-24 00:00:00-05:00,14.568266567487177,14.798706115818362,14.561817784183178,14.75827407836914,95760144,0.0,0.0
2010-11-26 00:00:00-05:00,14.646403230412595,14.70891256989686,14.560578258004117,14.634993553161621,52391556,0.0,0.0
2010-11-29 00:00:00-05:00,14.614405360659187,14.630032932144521,14.385702298864473,14.439281463623047,114273612,0.0,0.0
2010-11-30 00:00:00-05:00,14.24604880032168,14.24604880032168,13.724895030595468,13.784427642822266,284411304,0.0,0.0
2010-12-01 00:00:00-05:00,13.965256081724013,14.177835278067125,13.950372456327482,13.998743057250977,150013836,0.0,0.0
2010-12-02 00:00:00-05:00,14.105652627972171,14.221492511910155,14.023547385779969,14.184036254882812,101814084,0.0,0.0
2010-12-03 00:00:00-05:00,14.125247731335936,14.299626713697949,14.089280311525275,14.213305473327637,105142752,0.0,0.0
2010-12-06 00:00:00-05:00,14.401082312045029,14.43655345871961,14.302854157679931,14.346261978149414,83668248,0.0,0.0
2010-12-07 00:00:00-05:00,14.666496731137542,14.709409218421499,14.535774155546658,14.564051628112793,121566312,0.0,0.0
2010-12-08 00:00:00-05:00,14.68385809764508,14.697501499148816,14.478472583093753,14.64838695526123,70205724,0.0,0.0
2010-12-09 00:00:00-05:00,14.731236534747696,14.773404127804767,14.610188091389329,14.672200202941895,74681244,0.0,0.0
2010-12-10 00:00:00-05:00,14.712878715792794,14.733964401199746,14.642185046683181,14.689810752868652,68119812,0.0,0.0
2010-12-13 00:00:00-05:00,14.811604886569098,14.95745874720812,14.736445648709491,14.749591827392578,95844060,0.0,0.0
2010-12-14 00:00:00-05:00,14.810861798484419,14.840628106422962,14.696510739225074,14.756787300109863,65666268,0.0,0.0
2010-12-15 00:00:00-05:00,14.73917437688987,14.794985372663842,14.613908037973125,14.642434120178223,86621292,0.0,0.0
2010-12-16 00:00:00-05:00,14.705686640957008,14.728506938365863,14.587117703287074,14.677409172058105,63812124,0.0,0.0
2010-12-17 00:00:00-05:00,14.659797547821157,14.698493081629396,14.57719602992128,14.654836654663086,123360516,0.0,0.0
2010-12-20 00:00:00-05:00,14.750338129112821,14.830458268126513,14.601755195662488,14.760507583618164,78853068,0.0,0.0
2010-12-21 00:00:00-05:00,14.847572198516962,15.000123453280592,14.823759342780498,14.959195137023926,75104820,0.0,0.0
2010-12-22 00:00:00-05:00,14.9822641785521,15.056679471539502,14.964404772916941,15.0192232131958,48251700,0.0,0.0
2010-12-23 00:00:00-05:00,15.015502915129687,15.031873484916492,14.933397673186471,14.987968444824219,44387568,0.0,0.0
2010-12-27 00:00:00-05:00,14.951009727761116,14.97680675160506,14.870641931125414,14.9420804977417,48275676,0.0,0.0
2010-12-28 00:00:00-05:00,14.933894274347063,14.979040486890987,14.833681952392949,14.856255531311035,42549408,0.0,0.0
2010-12-29 00:00:00-05:00,14.93265472529775,14.942824179133387,14.856255261786869,14.907849311828613,40727232,0.0,0.0
2010-12-30 00:00:00-05:00,14.833434435293675,14.916035018179665,14.818304087395699,14.854766845703125,39540420,0.0,0.0
2010-12-31 00:00:00-05:00,14.802177560828662,14.843850765193885,14.685347013615171,14.733468055725098,61510428,0.0,0.0
2011-01-03 00:00:00-05:00,14.795729740588051,15.021704679260605,14.795729740588051,14.990945816040039,94513392,0.0,0.0
2011-01-04 00:00:00-05:00,15.022447356103667,15.036338423956716,14.886019014707044,14.935628890991211,72907020,0.0,0.0
2011-01-05 00:00:00-05:00,14.88477967635306,15.139280691692838,14.88428339795521,15.108025550842285,101190708,0.0,0.0
2011-01-06 00:00:00-05:00,15.147961044998748,15.340200387121394,15.132334420138868,15.217911720275879,82229688,0.0,0.0
2011-01-07 00:00:00-05:00,15.27769206331399,15.335735838671196,15.134319599290619,15.290838241577148,83963952,0.0,0.0
2011-01-10 00:00:00-05:00,15.250158246323283,15.264794205679722,15.095375153835846,15.23552417755127,63104832,0.0,0.0
2011-01-11 00:00:00-05:00,15.322339929857199,15.349377174642553,15.2427160852743,15.280171394348145,57514428,0.0,0.0
2011-01-12 00:00:00-05:00,15.363020910786888,15.363020910786888,15.249413812552865,15.301504135131836,65242692,0.0,0.0
2011-01-13 00:00:00-05:00,15.303986001221745,15.37095995452996,15.2342829892939,15.297040939331055,53306640,0.0,0.0
2011-01-14 00:00:00-05:00,15.314651224947175,15.485061882448809,15.306713606496041,15.482830047607422,94529376,0.0,0.0
2011-01-18 00:00:00-05:00,15.529463529429375,15.924609849175885,15.50986762208551,15.866069793701172,144535320,0.0,0.0
2011-01-19 00:00:00-05:00,15.927834825364549,15.948670958078404,15.618763947955207,15.67060661315918,136107756,0.0,0.0
2011-01-20 00:00:00-05:00,15.682014788152447,15.728401221797718,15.460754023594681,15.547075271606445,219212568,0.0,0.0
2011-01-21 00:00:00-05:00,15.864827871860495,15.918157471009328,15.164827727842823,15.176486015319824,355819824,0.0,0.0
2011-01-24 00:00:00-05:00,15.070818449424786,15.192859456263422,14.913554909157176,15.157883644104004,183784032,0.0,0.0
2011-01-25 00:00:00-05:00,15.086444622775254,15.396260357593965,15.044772361775125,15.376912117004395,145726128,0.0,0.0
2011-01-26 00:00:00-05:00,15.387331639921479,15.440910803158431,15.262065295611178,15.292327880859375,81442476,0.0,0.0
2011-01-27 00:00:00-05:00,15.326808261445645,15.371704918088607,15.211712309811217,15.299522399902344,80687232,0.0,0.0
2011-01-28 00:00:00-05:00,15.356077323978319,15.38807641276289,14.877092056728452,14.907602310180664,169074756,0.0,0.0
2011-01-31 00:00:00-05:00,14.972344155597552,14.993924233895411,14.772663442495574,14.891975402832031,112083804,0.0,0.0
2011-02-01 00:00:00-05:00,14.994418777527631,15.214192612540957,14.960188799250146,15.156892776489258,109702188,0.0,0.0
2011-02-02 00:00:00-05:00,15.155898704924068,15.238747892086144,15.06982512616177,15.180704116821289,70357572,0.0,0.0
2011-02-03 00:00:00-05:00,15.118196041377555,15.167062924305148,15.035099180740493,15.13481616973877,59744196,0.0,0.0
2011-02-04 00:00:00-05:00,15.13481657876735,15.166814722336424,15.047006488592503,15.155405044555664,61969968,0.0,0.0
2011-02-07 00:00:00-05:00,15.13506368080302,15.339209938574474,15.111498490514103,15.237509727478027,71912016,0.0,0.0
2011-02-08 00:00:00-05:00,15.253384290039103,15.369967177024376,15.242965279414342,15.338960647583008,67728204,0.0,0.0
2011-02-09 00:00:00-05:00,15.301505723058872,15.365502951892761,15.189138836432614,15.292327880859375,73626300,0.0,0.0
2011-02-10 00:00:00-05:00,15.227833572891042,15.317132488687811,15.169789797533836,15.290838241577148,93282624,0.0,0.0
2011-02-11 00:00:00-05:00,15.225106340555696,15.503171611949229,15.205509487363672,15.490768432617188,103492404,0.0,0.0
2011-02-14 00:00:00-05:00,15.461993563258774,15.618265482017641,15.380136933936717,15.581305503845215,85034880,0.0,0.0
2011-02-15 00:00:00-05:00,15.560719371699273,15.629428883776148,15.456041489722757,15.482086181640625,83596320,0.0,0.0
2011-02-16 00:00:00-05:00,15.518796732672014,15.540376806866764,15.431234322025041,15.483821868896484,67292640,0.0,0.0
2011-02-17 00:00:00-05:00,15.410151342448906,15.558981925544334,15.38609082041232,15.50961971282959,59092848,0.0,0.0
2011-02-18 00:00:00-05:00,15.52797603193348,15.6564658230062,15.482830765817718,15.629180908203125,128587284,0.0,0.0
2011-02-22 00:00:00-05:00,15.379889650820525,15.501435327282316,15.075779683683159,15.13630485534668,145450404,0.0,0.0
2011-02-23 00:00:00-05:00,15.13928062417087,15.247678223992088,14.982263811544286,15.163836479187012,115468416,0.0,0.0
2011-02-24 00:00:00-05:00,15.16557337627983,15.207742861625604,14.916530472642624,15.101824760437012,108359532,0.0,0.0
2011-02-25 00:00:00-05:00,15.177232965406356,15.248174311310352,15.118692908253603,15.132086753845215,77218704,0.0,0.0
2011-02-28 00:00:00-05:00,15.131095085290895,15.292080241854457,15.081731925282503,15.215432167053223,91168740,0.0,0.0
2011-03-01 00:00:00-05:00,15.324078149131507,15.359797905904525,14.865679487887554,14.901895523071289,132795072,0.0,0.0
2011-03-02 00:00:00-05:00,14.878082596481986,15.03187407612781,14.763731543564353,14.902640342712402,80986932,0.0,0.0
2011-03-03 00:00:00-05:00,15.04129927474926,15.168053496129062,15.007067410935203,15.120179176330566,77734188,0.0,0.0
2011-03-04 00:00:00-05:00,15.08966903977532,15.105793834016623,14.888004184325538,14.898423194885254,120319560,0.0,0.0
2011-03-07 00:00:00-05:00,14.896686197396416,14.974573545110047,14.560577170872886,14.676168441772461,138369492,0.0,0.0
2011-03-08 00:00:00-05:00,14.70767117154825,14.832936561782596,14.639953277270488,14.692292213439941,91304604,0.0,0.0
2011-03-09 00:00:00-05:00,14.659799181494886,14.746865323881165,14.529571940414563,14.678898811340332,85953960,0.0,0.0
2011-03-10 00:00:00-05:00,14.521883525392154,14.551152610421475,14.37330059340628,14.39438533782959,124998876,0.0,0.0
2011-03-11 00:00:00-05:00,14.342789404965668,14.386943059441856,14.221493287991068,14.305334091186523,121158720,0.0,0.0
2011-03-14 00:00:00-04:00,14.208347244828403,14.344526998226593,14.089779232189763,14.13864517211914,112531356,0.0,0.0
2011-03-15 00:00:00-04:00,13.828828304532822,14.16369712835175,13.779217478216685,14.12797737121582,160063776,0.0,0.0
2011-03-16 00:00:00-04:00,14.089529764078806,14.133683419231287,13.674541745062875,13.8189058303833,151788060,0.0,0.0
2011-03-17 00:00:00-04:00,14.00196686494762,14.114085130034091,13.904235000970282,13.924574851989746,115856028,0.0,0.0
2011-03-18 00:00:00-04:00,14.005936938775019,14.089034745410176,13.88439315066332,13.917135238647461,131812056,0.0,0.0
2011-03-21 00:00:00-04:00,14.144349465394344,14.381982705250556,14.114584102738538,14.300125122070312,120715164,0.0,0.0
2011-03-22 00:00:00-04:00,14.319222957253462,14.367841222631267,14.201151242425833,14.320463180541992,75400524,0.0,0.0
2011-03-23 00:00:00-04:00,14.267630137125291,14.447714922424392,14.188501615822572,14.440522193908691,72575352,0.0,0.0
2011-03-24 00:00:00-04:00,14.521631946051363,14.595054673430319,14.357173809033117,14.55784797668457,83864052,0.0,0.0
2011-03-25 00:00:00-04:00,14.557601202329492,14.55834420195943,14.368089032087372,14.380492210388184,114221664,0.0,0.0
2011-03-28 00:00:00-04:00,14.438288150234436,14.510719274549626,14.255722922168228,14.271846771240234,88647264,0.0,0.0
2011-03-29 00:00:00-04:00,14.28772215517405,14.433824628672332,14.213555473616307,14.429855346679688,64127808,0.0,0.0
2011-03-30 00:00:00-04:00,14.495587532137266,14.52336966906112,14.401328668536548,14.432583808898926,56835108,0.0,0.0
2011-03-31 00:00:00-04:00,14.461356359433712,14.589349854160881,14.43010122166029,14.5546236038208,81094824,0.0,0.0
2011-04-01 00:00:00-04:00,14.604236718673599,14.763733053092947,14.604236718673599,14.679643630981445,104423472,0.0,0.0
2011-04-04 00:00:00-04:00,14.709408778975954,14.752568931541743,14.463837927996966,14.577445983886719,82097820,0.0,0.0
2011-04-05 00:00:00-04:00,14.413732204867,14.423901658301672,14.031733011789798,14.116318702697754,241658100,0.0,0.0
2011-04-06 00:00:00-04:00,14.192966719624808,14.26688478782266,14.089281400320118,14.242576599121094,106625268,0.0,0.0
2011-04-07 00:00:00-04:00,14.28102570848077,14.402819055579346,14.242825502417524,14.386943817138672,101158740,0.0,0.0
2011-04-08 00:00:00-04:00,14.508238610876884,14.508238610876884,14.338820509275076,14.341300010681152,75995928,0.0,0.0
2011-04-11 00:00:00-04:00,14.292684407638852,14.339813845867775,14.213308213160992,14.321706771850586,74253672,0.0,0.0
2011-04-12 00:00:00-04:00,14.26291609334395,14.310294136787642,14.090520324849212,14.154022216796875,83340576,0.0,0.0
2011-04-13 00:00:00-04:00,14.275565710004617,14.327408363895135,14.182298466307008,14.294665336608887,82693224,0.0,0.0
2011-04-14 00:00:00-04:00,14.267630301313046,14.373299793543353,14.190983171210528,14.349983215332031,218033748,0.0,0.0
2011-04-15 00:00:00-04:00,13.525960027911564,13.537369706244737,13.148178677666255,13.164053916931152,561186252,0.0,0.0
2011-04-18 00:00:00-04:00,13.05788694982367,13.088645813912542,12.873833824883635,13.068305015563965,201390408,0.0,0.0
2011-04-19 00:00:00-04:00,13.145449707281408,13.168518621276304,12.920964520887136,12.936591148376465,107256636,0.0,0.0
2011-04-20 00:00:00-04:00,13.044987479058701,13.067808722559997,12.933116877527725,13.040770530700684,122277600,0.0,0.0
2011-04-21 00:00:00-04:00,13.084426675041863,13.104022581243505,12.957921062921882,13.02514362335205,98705196,0.0,0.0
2011-04-25 00:00:00-04:00,13.02886378641938,13.072272548550078,12.948495045399977,13.023902893066406,65166768,0.0,0.0
2011-04-26 00:00:00-04:00,13.060366642688269,13.33123728159103,13.027871278636573,13.216638565063477,139860000,0.0,0.0
2011-04-27 00:00:00-04:00,13.345128674611754,13.347857733207803,13.254590477794185,13.3391752243042,91844064,0.0,0.0
2011-04-28 00:00:00-04:00,13.346616981902624,13.376135620422843,13.247892558494208,13.344385147094727,79920000,0.0,0.0
2011-04-29 00:00:00-04:00,13.394740671383204,13.496440887451172,13.357780688225159,13.496440887451172,168970860,0.0,0.0
2011-05-02 00:00:00-04:00,13.536128296603295,13.536873186888192,13.32330047529209,13.359020233154297,85262652,0.0,0.0
2011-05-03 00:00:00-04:00,13.323549974509016,13.444598426447453,13.137510790788115,13.243181228637695,83176740,0.0,0.0
2011-05-04 00:00:00-04:00,13.27493190007222,13.369934716444407,13.221600401937017,13.290310859680176,84595320,0.0,0.0
2011-05-05 00:00:00-04:00,13.242437891243792,13.380353198870061,13.183897830991151,13.252607345581055,79832088,0.0,0.0
2011-05-06 00:00:00-04:00,13.348850906631755,13.430955210188209,13.2751795552263,13.278156280517578,82161756,0.0,0.0
2011-05-09 00:00:00-04:00,13.270712006941984,13.357282803407063,13.173972703280272,13.337189674377441,77870052,0.0,0.0
2011-05-10 00:00:00-04:00,13.394737721429061,13.504624144508249,13.333717227110052,13.460719108581543,81634284,0.0,0.0
2011-05-11 00:00:00-04:00,13.398212732398074,13.482797480352017,13.2382201333737,13.281876564025879,93458448,0.0,0.0
2011-05-12 00:00:00-04:00,13.276667772088281,13.3188372603427,13.169261773557825,13.271955490112305,57874068,0.0,0.0
2011-05-13 00:00:00-04:00,13.26103970710872,13.293534125434421,13.123122524874494,13.135525703430176,84263652,0.0,0.0
2011-05-16 00:00:00-04:00,13.055158877189784,13.078971733997983,12.809340356738499,12.859445571899414,118209672,0.0,0.0
2011-05-17 00:00:00-04:00,12.785280626898201,13.176952092478588,12.775358838935368,13.158100128173828,132011856,0.0,0.0
2011-05-18 00:00:00-04:00,13.135278961014423,13.154874869066308,13.040027534148035,13.141976356506348,78049872,0.0,0.0
2011-05-19 00:00:00-04:00,13.214406641289802,13.308913171850907,13.139742738789515,13.177695274353027,98649252,0.0,0.0
2011-05-20 00:00:00-04:00,13.191336586965976,13.19604981368316,12.976276948474263,12.998601913452148,92607300,0.0,0.0
2011-05-23 00:00:00-04:00,12.814300387136786,12.898637464489333,12.734924203123542,12.858701705932617,91908000,0.0,0.0
2011-05-24 00:00:00-04:00,12.907815316633892,12.996865620847457,12.852748266172583,12.855476379394531,75924000,0.0,0.0
2011-05-25 00:00:00-04:00,12.83240671387269,12.967346218862248,12.83042254571058,12.890451431274414,52011936,0.0,0.0
2011-05-26 00:00:00-04:00,12.84158532959335,12.951224097575336,12.774612324068832,12.852252006530762,84655260,0.0,0.0
2011-05-27 00:00:00-04:00,12.86093249583373,12.943037731688001,12.806857061302907,12.920961380004883,69762168,0.0,0.0
2011-05-31 00:00:00-04:00,13.022662324293828,13.12312230261114,12.985455625133456,13.122379302978516,107384508,0.0,0.0
2011-06-01 00:00:00-04:00,13.098070379515125,13.226063884434163,13.030352484433957,13.037546157836914,118117764,0.0,0.0
2011-06-02 00:00:00-04:00,13.086412449439802,13.154131296558583,12.960155433658052,13.098567962646484,88091820,0.0,0.0
2011-06-03 00:00:00-04:00,12.948247993157278,13.087156794799554,12.935846704478664,12.975037574768066,69870060,0.0,0.0
2011-06-06 00:00:00-04:00,12.98644831715577,13.067809619574247,12.880033934709445,12.924932479858398,77606316,0.0,0.0
2011-06-07 00:00:00-04:00,12.970324280503904,13.013485377907784,12.873584965448421,12.874577522277832,76227696,0.0,0.0
2011-06-08 00:00:00-04:00,12.812564730655925,12.929396234263619,12.793960434114027,12.878049850463867,66069864,0.0,0.0
2011-06-09 00:00:00-04:00,12.898637596544003,12.898637596544003,12.790487662880254,12.817524909973145,67496436,0.0,0.0
2011-06-10 00:00:00-04:00,12.751791939980363,12.81653216494559,12.632975331039189,12.638432502746582,97498404,0.0,0.0
2011-06-13 00:00:00-04:00,12.650587605392491,12.65554849891988,12.456364086392638,12.519865036010742,96994908,0.0,0.0
2011-06-14 00:00:00-04:00,12.604696988559715,12.75179201366818,12.575923239978174,12.61015510559082,93566340,0.0,0.0
2011-06-15 00:00:00-04:00,12.527305873249746,12.609658788354484,12.417668042781163,12.475711822509766,82849068,0.0,0.0
2011-06-16 00:00:00-04:00,12.47223877561607,12.565505082299252,12.319935191733592,12.411714553833008,110169720,0.0,0.0
2011-06-17 00:00:00-04:00,12.55583067929308,12.56848152412214,12.025498151442656,12.030956268310547,209606184,0.0,0.0
2011-06-20 00:00:00-04:00,12.030459530134403,12.060969778367006,11.88733379662807,12.020041465759277,121022856,0.0,0.0
2011-06-21 00:00:00-04:00,12.084783545218203,12.252217478057938,12.023762098849538,12.228899955749512,110505384,0.0,0.0
2011-06-22 00:00:00-04:00,12.19045350226867,12.212777523352601,12.07337338898229,12.080318450927734,96187716,0.0,0.0
2011-06-23 00:00:00-04:00,11.95927094917011,11.977378968385556,11.750908676070924,11.911893844604492,191875932,0.0,0.0
2011-06-24 00:00:00-04:00,11.923301992905776,11.925038494630096,11.73329448468833,11.779433250427246,152071776,0.0,0.0
2011-06-27 00:00:00-04:00,11.757605161796286,12.114798007440283,11.747683374629231,11.975889205932617,137650212,0.0,0.0
2011-06-28 00:00:00-04:00,12.006150302991168,12.308524669882818,12.006150302991168,12.245023727416992,108495396,0.0,0.0
2011-06-29 00:00:00-04:00,12.316711003519025,12.408738033686625,12.213521963221083,12.342260360717773,93626280,0.0,0.0
2011-06-30 00:00:00-04:00,12.451897146065145,12.567984688559395,12.439742580153128,12.560791015625,97038864,0.0,0.0
2011-07-01 00:00:00-04:00,12.569721994853808,12.927908321806544,12.560791819747129,12.924186706542969,145322532,0.0,0.0
2011-07-05 00:00:00-04:00,13.030104395358634,13.280635170675659,13.030104395358634,13.2072114944458,153814032,0.0,0.0
2011-07-06 00:00:00-04:00,13.233507134216142,13.357779978217378,13.222096511617435,13.279644012451172,107716176,0.0,0.0
2011-07-07 00:00:00-04:00,13.419545706384767,13.659658448301528,13.292542855246646,13.558454513549805,157262580,0.0,0.0
2011-07-08 00:00:00-04:00,13.219862544863904,13.336447316634123,13.078970530680529,13.196049690246582,190617192,0.0,0.0
2011-07-11 00:00:00-04:00,13.101543830348849,13.295023402146176,13.035066156322713,13.079218864440918,113458428,0.0,0.0
2011-07-12 00:00:00-04:00,13.101046785819582,13.38035131078505,13.047467627007515,13.246156692504883,113534352,0.0,0.0
2011-07-13 00:00:00-04:00,13.32032261267958,13.493958590583986,13.307423156793234,13.351576805114746,111496392,0.0,0.0
2011-07-14 00:00:00-04:00,13.372911590208684,13.444351107469442,13.065576280037828,13.120396614074707,265714020,0.0,0.0
2011-07-15 00:00:00-04:00,14.821030309168162,14.88924448480822,14.58935148007397,14.824007034301758,548734716,0.0,0.0
2011-07-18 00:00:00-04:00,14.696757368986871,14.933893368309716,14.684602801980201,14.757529258728027,178553268,0.0,0.0
2011-07-19 00:00:00-04:00,14.787295707758584,14.999130963609819,14.772165360784511,14.946296691894531,118581300,0.0,0.0
2011-07-20 00:00:00-04:00,14.937118293192455,14.953242141669149,14.7677001953125,14.7677001953125,89022888,0.0,0.0
2011-07-21 00:00:00-04:00,14.734956809858643,15.082971784157035,14.734460531483425,15.05643081665039,138641220,0.0,0.0
2011-07-22 00:00:00-04:00,15.016743066635588,15.366742217081637,14.988960929914654,15.33523941040039,140986872,0.0,0.0
2011-07-25 00:00:00-04:00,15.214438617708106,15.513339999868776,15.20550844263767,15.353843688964844,125138736,0.0,0.0
2011-07-26 00:00:00-04:00,15.330777106206634,15.56518502078999,15.310188639756017,15.441656112670898,93622284,0.0,0.0
2011-07-27 00:00:00-04:00,15.309194415783832,15.402709331900038,15.000867531267586,15.062135696411133,157218624,0.0,0.0
2011-07-28 00:00:00-04:00,15.011781847056158,15.279429045732801,14.95745873998661,15.154411315917969,124211664,0.0,0.0
2011-07-29 00:00:00-04:00,14.987968879476798,15.254127240949467,14.974574089050293,14.974574089050293,165330504,0.0,0.0
2011-08-01 00:00:00-04:00,15.161355633773974,15.267520444049648,14.862701938799612,15.050971984863281,158485356,0.0,0.0
2011-08-02 00:00:00-04:00,15.031874038123254,15.122908513247333,14.673937254485333,14.694525718688965,127895976,0.0,0.0
2011-08-03 00:00:00-04:00,14.740911845780106,14.95745939325959,14.476985305690096,14.912066459655762,152874972,0.0,0.0
2011-08-04 00:00:00-04:00,14.74661423582287,14.854516498710096,14.324184916329111,14.325424194335938,196387416,0.0,0.0
2011-08-05 00:00:00-04:00,14.449948091647954,14.634993775508548,13.940451640347938,14.363129615783691,236926836,0.0,0.0
2011-08-08 00:00:00-04:00,13.964760210742945,14.114086130414718,13.502640880280941,13.544065475463867,299564136,0.0,0.0
2011-08-09 00:00:00-04:00,13.915644855793095,14.253242714553803,13.419791856339303,14.22347640991211,258529212,0.0,0.0
2011-08-10 00:00:00-04:00,13.925072708926248,13.993038276348727,13.586483204660253,13.618233680725098,214569216,0.0,0.0
2011-08-11 00:00:00-04:00,13.737544628413302,14.101683464973483,13.603350005238799,13.94367504119873,193030776,0.0,0.0
2011-08-12 00:00:00-04:00,14.126489115818533,14.151294528334903,13.900762792325375,13.984355926513672,126045828,0.0,0.0
2011-08-15 00:00:00-04:00,13.72787134791124,14.014618166190896,13.54480984689666,13.822131156921387,285510204,0.0,0.0
2011-08-16 00:00:00-04:00,13.703069298638336,13.703316965231298,13.154132365306594,13.369935989379883,277298424,0.0,0.0
2011-08-17 00:00:00-04:00,13.395484188400635,13.48627100210591,13.16578951332835,13.224824905395508,163000836,0.0,0.0
2011-08-18 00:00:00-04:00,12.984711134984755,13.019933667000235,12.414690495961239,12.523585319519043,251376372,0.0,0.0
2011-08-19 00:00:00-04:00,12.386166622070224,12.771389295723651,12.175819238859134,12.17730712890625,216183600,0.0,0.0
2011-08-22 00:00:00-04:00,12.501757040792372,12.57617233442089,12.266852871038132,12.35714340209961,196039764,0.0,0.0
2011-08-23 00:00:00-04:00,12.489353522934627,12.933612492448745,12.379219420715016,12.869367599487305,173698128,0.0,0.0
2011-08-24 00:00:00-04:00,12.882019335272865,13.146688877361205,12.829929005661926,12.980246543884277,143636220,0.0,0.0
2011-08-25 00:00:00-04:00,13.156113819890056,13.327020749039132,12.856468498867821,12.899629592895508,131588280,0.0,0.0
2011-08-26 00:00:00-04:00,12.89838932238481,13.157850273392718,12.728474005317368,13.06879997253418,143708148,0.0,0.0
2011-08-29 00:00:00-04:00,13.259798511203021,13.381096511556088,13.234994044727042,13.371917724609375,93338568,0.0,0.0
2011-08-30 00:00:00-04:00,13.349841973150848,13.46890625347956,13.166781410195375,13.412102699279785,119440440,0.0,0.0
2011-08-31 00:00:00-04:00,13.512314027170415,13.551010506250034,13.295517891701465,13.418551445007324,107624268,0.0,0.0
2011-09-01 00:00:00-04:00,13.413342714667854,13.489742175199243,13.176950659466037,13.208701133728027,96523380,0.0,0.0
2011-09-02 00:00:00-04:00,13.009517035479243,13.095094339981372,12.91674605719758,13.018694877624512,95951952,0.0,0.0
2011-09-06 00:00:00-04:00,12.670429873137625,12.967098459708692,12.66298853361377,12.952712059020996,108523368,0.0,0.0
2011-09-07 00:00:00-04:00,13.157849962547543,13.29402969046688,13.082194453115454,13.246651649475098,110121768,0.0,0.0
2011-09-08 00:00:00-04:00,13.240948234967394,13.372414750515558,13.193818800736333,13.269721984863281,95124780,0.0,0.0
2011-09-09 00:00:00-04:00,13.18141588182392,13.26203323984592,12.928156966309428,13.018942832946777,130621248,0.0,0.0
2011-09-12 00:00:00-04:00,12.84803630335208,13.196051324193396,12.836625680364607,13.149665832519531,106709184,0.0,0.0
2011-09-13 00:00:00-04:00,13.196298629194766,13.242932731457806,12.982975473830251,13.134782791137695,94073832,0.0,0.0
2011-09-14 00:00:00-04:00,13.210933752022706,13.319083685490945,13.043003540844397,13.19803524017334,107668224,0.0,0.0
2011-09-15 00:00:00-04:00,13.283115678371232,13.518267496978295,13.259798157097476,13.458239555358887,118313568,0.0,0.0
2011-09-16 00:00:00-04:00,13.513803104431327,13.564405538932188,13.472626178036199,13.560437202453613,141230628,0.0,0.0
2011-09-19 00:00:00-04:00,13.403421042794545,13.640309378431656,13.28013981477018,13.560189247131348,98637264,0.0,0.0
2011-09-20 00:00:00-04:00,13.627905966958389,13.854128551111517,13.460967378230386,13.559195518493652,111052836,0.0,0.0
2011-09-21 00:00:00-04:00,13.585492044941132,13.766817064913914,13.366463097064262,13.374896049499512,100471428,0.0,0.0
2011-09-22 00:00:00-04:00,13.053669686994407,13.116426691784053,12.749807395415653,12.915009498596191,175835988,0.0,0.0
2011-09-23 00:00:00-04:00,12.813309830272873,13.057888149003158,12.762211108434977,13.03531551361084,110980908,0.0,0.0
2011-09-26 00:00:00-04:00,13.07847231020005,13.219366204229154,12.731202249134597,13.19356918334961,105262632,0.0,0.0
2011-09-27 00:00:00-04:00,13.350089960539496,13.569616121069147,13.296760353930383,13.378368377685547,120315564,0.0,0.0
2011-09-28 00:00:00-04:00,13.431946881194994,13.494455272312583,13.089636729365267,13.117914199829102,90441468,0.0,0.0
2011-09-29 00:00:00-04:00,13.296511040627301,13.327765236073613,12.884002547228272,13.084675788879395,116147736,0.0,0.0
2011-09-30 00:00:00-04:00,12.90384734094365,12.997859493308843,12.759233693237855,12.775606155395508,108835056,0.0,0.0
2011-10-03 00:00:00-04:00,12.646865791780716,12.700196337670468,12.278510027754926,12.29140853881836,178797024,0.0,0.0
2011-10-04 00:00:00-04:00,12.155229248617875,12.48786621636739,11.921317648811547,12.449665069580078,166185648,0.0,0.0
2011-10-05 00:00:00-04:00,12.311996308179138,12.596014983290345,11.925533495231353,12.519118309020996,181182636,0.0,0.0
2011-10-06 00:00:00-04:00,12.588574313069948,12.780318327054754,12.46702958801854,12.767419815063477,136835028,0.0,0.0
2011-10-07 00:00:00-04:00,12.820005994233957,12.911040465399848,12.658028291532924,12.777588844299316,114121764,0.0,0.0
2011-10-10 00:00:00-04:00,13.027127600933017,13.331981477914766,12.97801305758427,13.324540138244629,92795112,0.0,0.0
2011-10-11 00:00:00-04:00,13.232513238970519,13.563413698526332,13.232513238970519,13.473618507385254,114021864,0.0,0.0
2011-10-12 00:00:00-04:00,13.596403442168464,13.772519875740924,13.509585921317823,13.605581283569336,126984888,0.0,0.0
2011-10-13 00:00:00-04:00,13.643535131262901,13.866036126342724,13.593676637756753,13.865788459777832,227276496,0.0,0.0
2011-10-14 00:00:00-04:00,14.869897211164512,14.873121602858882,14.574716487608127,14.676665306091309,340854804,0.0,0.0
2011-10-17 00:00:00-04:00,14.479218359523294,14.680387896562104,14.33733282674829,14.446723937988281,160167672,0.0,0.0
2011-10-18 00:00:00-04:00,14.391654194350116,14.698493189831131,14.322447465584426,14.647643089294434,151879968,0.0,0.0
2011-10-19 00:00:00-04:00,14.569013205362749,14.686092383305686,14.367595993615035,14.40430736541748,117142740,0.0,0.0
2011-10-20 00:00:00-04:00,14.43407175026949,14.607459131590556,14.3747868062228,14.477975845336914,135024840,0.0,0.0
2011-10-21 00:00:00-04:00,14.622839942536169,14.703207742948,14.553136929104262,14.647148132324219,135504360,0.0,0.0
2011-10-24 00:00:00-04:00,14.55363288870396,14.882299647633731,14.548175716758706,14.794240951538086,136938924,0.0,0.0
2011-10-25 00:00:00-04:00,14.711889733921115,14.759019170181912,14.457638255626772,14.465327262878418,101518380,0.0,0.0
2011-10-26 00:00:00-04:00,14.623831498695534,14.639458124550643,14.20983509478771,14.543462753295898,114809076,0.0,0.0
2011-10-27 00:00:00-04:00,14.843849818492263,14.95001651820785,14.7168479358611,14.850051879882812,151060788,0.0,0.0
2011-10-28 00:00:00-04:00,14.747111501614988,14.940094784888943,14.740414106722966,14.886516571044922,100219680,0.0,0.0
2011-10-31 00:00:00-04:00,14.761250433316322,14.875353814547081,14.676417078649301,14.700477600097656,102209688,0.0,0.0
2011-11-01 00:00:00-04:00,14.389421053858594,14.523615660354714,14.30632326451325,14.353453636169434,124878996,0.0,0.0
2011-11-02 00:00:00-04:00,14.508487265087416,14.584390446743464,14.398849441061145,14.506502151489258,84751164,0.0,0.0
2011-11-03 00:00:00-04:00,14.5605770961103,14.821029663085938,14.47921674541009,14.821029663085938,106685208,0.0,0.0
2011-11-04 00:00:00-04:00,14.72181117531936,14.876595217093898,14.695270205129038,14.787296295166016,113278608,0.0,0.0
2011-11-07 00:00:00-05:00,14.717346041313933,15.100832183255257,14.69030879365123,15.089669227600098,134161704,0.0,0.0
2011-11-08 00:00:00-05:00,15.106290171610251,15.239494139368064,14.972343204138731,15.189139366149902,121054824,0.0,0.0
2011-11-09 00:00:00-05:00,14.988711908322195,15.11596145627904,14.849802182567739,14.906606674194336,148291560,0.0,0.0
2011-11-10 00:00:00-05:00,15.030137639517688,15.030633917928208,14.673689688654294,14.761003494262695,114621264,0.0,0.0
2011-11-11 00:00:00-05:00,14.915291761851083,15.18293802629802,14.848317806451327,15.090167045593262,158920920,0.0,0.0
2011-11-14 00:00:00-05:00,15.08148306608043,15.331518511669247,15.076026839787119,15.2055082321167,127420452,0.0,0.0
2011-11-15 00:00:00-05:00,15.200548356509428,15.33151953803622,15.143497135524473,15.293815612792969,106932960,0.0,0.0
2011-11-16 00:00:00-05:00,15.182689963521076,15.336977733087947,15.146227204522303,15.167558670043945,104235660,0.0,0.0
2011-11-17 00:00:00-05:00,15.132336408057544,15.18789974380877,14.803172397181593,14.90462589263916,139592268,0.0,0.0
2011-11-18 00:00:00-05:00,14.932654250113458,14.994667309166815,14.72801266770491,14.756041526794434,131376492,0.0,0.0
2011-11-21 00:00:00-05:00,14.579430648753904,14.597786333870689,14.190735924108186,14.410260200500488,119931948,0.0,0.0
2011-11-22 00:00:00-05:00,14.386943817138672,14.510225054275692,14.268871140428477,14.386943817138672,96115788,0.0,0.0
2011-11-23 00:00:00-05:00,14.27159831503772,14.393143987564468,14.141620635986328,14.141620635986328,92938968,0.0,0.0
2011-11-25 00:00:00-05:00,14.019578841754862,14.244808877807225,13.92383019905978,13.965255737304688,62433504,0.0,0.0
2011-11-28 00:00:00-05:00,14.371314262177957,14.605722136053796,14.30012336559419,14.590094566345215,113042844,0.0,0.0
2011-11-29 00:00:00-05:00,14.58240830162661,14.643925089984098,14.419935238705278,14.459623336791992,73198728,0.0,0.0
2011-11-30 00:00:00-05:00,14.832192537919893,14.870889017468196,14.686834963654148,14.867912292480469,135744120,0.0,0.0
2011-12-01 00:00:00-05:00,14.883042235992544,15.279923135415569,14.858237770586184,15.224608421325684,144679176,0.0,0.0
2011-12-02 00:00:00-05:00,15.305972474460077,15.478367321286889,15.286375619846613,15.388076782226562,163264572,0.0,0.0
2011-12-05 00:00:00-05:00,15.56865599765736,15.67432453916614,15.438677377049773,15.519293785095215,127772100,0.0,0.0
2011-12-06 00:00:00-05:00,15.453311832170655,15.592964576486155,15.385098601165472,15.472661018371582,92966940,0.0,0.0
2011-12-07 00:00:00-05:00,15.420817742790568,15.519541221156468,15.332015105749583,15.463233947753906,90201708,0.0,0.0
2011-12-08 00:00:00-05:00,15.404942625990774,15.563942660818947,15.26256082764183,15.28116512298584,96427476,0.0,0.0
2011-12-09 00:00:00-05:00,15.329533216247771,15.605614293186232,15.304977362342806,15.56319808959961,110537352,0.0,0.0
2011-12-12 00:00:00-05:00,15.425779842526048,15.532440947585853,15.386339414229521,15.512845039367676,87268644,0.0,0.0
2011-12-13 00:00:00-05:00,15.596435642357209,15.78991519152989,15.449837854404494,15.51879596710205,160966872,0.0,0.0
2011-12-14 00:00:00-05:00,15.425034701985146,15.48630286873924,15.19285865605412,15.331271171569824,155991852,0.0,0.0
2011-12-15 00:00:00-05:00,15.441654870951156,15.478366240041128,15.346651111133456,15.367734909057617,96247656,0.0,0.0
2011-12-16 00:00:00-05:00,15.486302613212008,15.610327779842665,15.415607994097806,15.526983261108398,178193628,0.0,0.0
2011-12-19 00:00:00-05:00,15.577833801228131,15.58998742280942,15.379145673413971,15.424537658691406,85654260,0.0,0.0
2011-12-20 00:00:00-05:00,15.577586750462286,15.672838175633613,15.57733719331643,15.636374473571777,95432472,0.0,0.0
2011-12-21 00:00:00-05:00,15.627442959256738,15.67233960935963,15.353346050869863,15.523509979248047,99816084,0.0,0.0
2011-12-22 00:00:00-05:00,15.576346977049692,15.67011052066705,15.553030397083306,15.619755744934082,72819108,0.0,0.0
2011-12-23 00:00:00-05:00,15.676806375848233,15.743284050581662,15.641087564366153,15.705083847045898,58089852,0.0,0.0
2011-12-27 00:00:00-05:00,15.678047374764265,15.986621962317788,15.67680715132218,15.881448745727539,64191744,0.0,0.0
2011-12-28 00:00:00-05:00,15.943460997661523,15.999272940301735,15.828116442244049,15.867805480957031,85002912,0.0,0.0
2011-12-29 00:00:00-05:00,15.91220558958764,15.949661847474289,15.756182277126376,15.934779167175293,62952984,0.0,0.0
2011-12-30 00:00:00-05:00,15.925352927855087,16.04292837250158,15.925352927855087,16.021596908569336,71220708,0.0,0.0
2012-01-03 00:00:00-05:00,16.19622424455305,16.573509263623574,16.182086454552,16.505542755126953,146912940,0.0,0.0
2012-01-04 00:00:00-05:00,16.496118142025782,16.6256023901432,16.3867289175361,16.576736450195312,114445440,0.0,0.0
2012-01-05 00:00:00-05:00,16.424183275605106,16.469823872948556,16.277833139307674,16.346790313720703,131184684,0.0,0.0
2012-01-06 00:00:00-05:00,16.350263884367166,16.371349572608274,16.118088771829072,16.123794555664062,107608284,0.0,0.0
2012-01-09 00:00:00-05:00,16.036479471518916,16.0488817051775,15.409655268680481,15.440165519714355,232671096,0.0,0.0
2012-01-10 00:00:00-05:00,15.620994069209956,15.72145404521433,15.302495845983865,15.457032203674316,175648176,0.0,0.0
2012-01-11 00:00:00-05:00,15.465961816617734,15.612064281531655,15.406926430945013,15.526983261108398,95904000,0.0,0.0
2012-01-12 00:00:00-05:00,15.657458876246908,15.698883473475574,15.540378758626678,15.618267059326172,74932992,0.0,0.0
2012-01-13 00:00:00-05:00,15.534423919710923,15.551539379762787,15.405437857657631,15.502922058105469,92199708,0.0,0.0
2012-01-17 00:00:00-05:00,15.67630942794689,15.67630942794689,15.520037507479243,15.591972351074219,76295628,0.0,0.0
2012-01-18 00:00:00-05:00,15.543602373671582,15.726416215031014,15.431732712555723,15.699378967285156,110357532,0.0,0.0
2012-01-19 00:00:00-05:00,15.899802676965246,15.899802676965246,15.66341063228384,15.864579200744629,251959788,0.0,0.0
2012-01-20 00:00:00-05:00,14.64813699417585,14.659796226396931,14.429109043587774,14.5355224609375,422628948,0.0,0.0
2012-01-23 00:00:00-05:00,14.535772599758712,14.601753046920278,14.465325647162421,14.523865699768066,136379484,0.0,0.0
2012-01-24 00:00:00-05:00,14.543710581442204,14.577445223438485,14.33733155702003,14.410011291503906,122109768,0.0,0.0
2012-01-25 00:00:00-05:00,14.325178451734862,14.35494476020016,14.049098280317613,14.126242637634277,199308492,0.0,0.0
2012-01-26 00:00:00-05:00,14.188005566462417,14.250017678374459,14.003703841865732,14.091761589050293,128918952,0.0,0.0
2012-01-27 00:00:00-05:00,14.158239234659025,14.394879895906874,14.12227086750256,14.386445999145508,144555300,0.0,0.0
2012-01-30 00:00:00-05:00,14.338573425163535,14.386943083036693,14.223228867840099,14.329643249511719,93126780,0.0,0.0
2012-01-31 00:00:00-05:00,14.461358507520753,14.486163921026067,14.266637760294678,14.389671325683594,85610304,0.0,0.0
2012-02-01 00:00:00-05:00,14.509479607095772,14.523370676521296,14.36561085505645,14.407530784606934,92735172,0.0,0.0
2012-02-02 00:00:00-05:00,14.507742266692196,14.545942469081318,14.438537426007544,14.51369571685791,96491412,0.0,0.0
2012-02-03 00:00:00-05:00,14.651364050168658,14.810365028556935,14.586622880226049,14.792008399963379,126613260,0.0,0.0
2012-02-06 00:00:00-05:00,14.75926623461778,15.151682559074736,14.734461766698924,15.108521461486816,147036816,0.0,0.0
2012-02-07 00:00:00-05:00,15.060398437668214,15.115961761918218,14.976309033765741,15.050971984863281,83600316,0.0,0.0
2012-02-08 00:00:00-05:00,15.097359729843962,15.16458229690576,15.000620412588743,15.127374649047852,73382544,0.0,0.0
2012-02-09 00:00:00-05:00,15.181199875371515,15.242716651971465,15.106288309146638,15.167308807373047,90497412,0.0,0.0
2012-02-10 00:00:00-05:00,15.078507094686092,15.084708211504001,14.982264060146205,15.029642105102539,92914992,0.0,0.0
2012-02-13 00:00:00-05:00,15.143496591759943,15.226344834287108,15.131590636753499,15.185665130615234,72579348,0.0,0.0
2012-02-14 00:00:00-05:00,15.169294796919747,15.180704473709435,15.001115971981319,15.125141143798828,72075852,0.0,0.0
2012-02-15 00:00:00-05:00,15.203773696575647,15.203773696575647,14.946544560449217,15.020959854125977,96938964,0.0,0.0
2012-02-16 00:00:00-05:00,14.952993730496722,15.101575700446064,14.826735780640924,15.044772148132324,101134764,0.0,0.0
2012-02-17 00:00:00-05:00,15.006323712400997,15.072306049277637,14.942575100858368,14.998138427734375,97866036,0.0,0.0
2012-02-21 00:00:00-05:00,14.979038583136436,15.326557273945047,14.954480838907802,15.230313301086426,99132768,0.0,0.0
2012-02-22 00:00:00-05:00,15.179712148267951,15.299272706872317,15.049485857668541,15.079996109008789,78601320,0.0,0.0
2012-02-23 00:00:00-05:00,15.056679473061818,15.079996050600663,14.891725983216359,15.034603118896484,82117800,0.0,0.0
2012-02-24 00:00:00-05:00,15.065359243207242,15.172021276507918,15.019717705086478,15.128612518310547,77346576,0.0,0.0
2012-02-27 00:00:00-05:00,15.04651005770218,15.18963486929513,15.00855846375844,15.113980293273926,72483444,0.0,0.0
2012-02-28 00:00:00-05:00,15.131095907896286,15.373441434179679,15.073547459379853,15.339210510253906,113790096,0.0,0.0
2012-02-29 00:00:00-05:00,15.344418792505856,15.51805480121319,15.267523048355235,15.335737228393555,125350524,0.0,0.0
2012-03-01 00:00:00-05:00,15.435204784203938,15.520534421349474,15.33325596472739,15.438677787780762,89418492,0.0,0.0
2012-03-02 00:00:00-05:00,15.428755777329469,15.478365657045277,15.387083516179878,15.410151481628418,62869068,0.0,0.0
2012-03-05 00:00:00-05:00,15.389810248689786,15.440909907459885,15.165325100314055,15.236515998840332,63668268,0.0,0.0
2012-03-06 00:00:00-05:00,15.082725856586528,15.10157782115487,14.730246204764882,15.006078720092773,126849024,0.0,0.0
2012-03-07 00:00:00-05:00,15.107529709443625,15.160612593705409,15.028402134109262,15.051718711853027,50529420,0.0,0.0
2012-03-08 00:00:00-05:00,15.132085952769271,15.168301986726538,15.040556146964816,15.060152053833008,53766180,0.0,0.0
2012-03-09 00:00:00-05:00,15.080242212484515,15.178221733658154,14.883041056381114,14.889242172241211,106717176,0.0,0.0
2012-03-12 00:00:00-04:00,14.883043085909403,15.05667908013028,14.86468740234362,15.01078987121582,66693240,0.0,0.0
2012-03-13 00:00:00-04:00,15.100088728623957,15.325815061713444,15.02071253954768,15.324078559875488,89742168,0.0,0.0
2012-03-14 00:00:00-04:00,15.255120589093869,15.448103891634736,15.21692132944578,15.279677391052246,117358524,0.0,0.0
2012-03-15 00:00:00-04:00,15.294808178556039,15.465962786903143,15.250903136364006,15.407175064086914,97306596,0.0,0.0
2012-03-16 00:00:00-04:00,15.401223305507477,15.52574381907494,15.380386228214533,15.50416374206543,121897980,0.0,0.0
2012-03-19 00:00:00-04:00,15.456539782658995,15.807531565214129,15.409906619580099,15.725922584533691,86825088,0.0,0.0
2012-03-20 00:00:00-04:00,15.65001652930826,15.777513759388029,15.559477388172622,15.713765144348145,61558380,0.0,0.0
2012-03-21 00:00:00-04:00,15.74154618752967,16.05855462951152,15.689455864751093,15.874750137329102,98685216,0.0,0.0
2012-03-22 00:00:00-04:00,15.838039683046697,16.093532324372347,15.652001443760275,16.025318145751953,96311592,0.0,0.0
2012-03-23 00:00:00-04:00,16.038960610020737,16.086090990540516,15.897573249630366,15.939493179321289,77530392,0.0,0.0
2012-03-26 00:00:00-04:00,15.99927200709257,16.110646328733385,15.863836218951624,16.10667610168457,72695232,0.0,0.0
2012-03-27 00:00:00-04:00,16.049625107939587,16.210113021542554,15.994308504130931,16.04937744140625,80207712,0.0,0.0
2012-03-28 00:00:00-04:00,16.173651005449056,16.336373606525616,16.150086761231346,16.26617431640625,101454444,0.0,0.0
2012-03-29 00:00:00-04:00,16.208625692820302,16.286761650916755,15.981908715420202,16.0838565826416,76895028,0.0,0.0
2012-03-30 00:00:00-04:00,16.166706077615604,16.209866227186488,15.90005050198481,15.906003952026367,92335572,0.0,0.0
2012-04-02 00:00:00-04:00,15.894348527877,16.061287143987503,15.747253487244366,16.046899795532227,91276632,0.0,0.0
2012-04-03 00:00:00-04:00,16.009440911105727,16.072446521625572,15.841510710913083,15.940234184265137,81714204,0.0,0.0
2012-04-04 00:00:00-04:00,15.836799530576226,15.850441988244526,15.654481960729532,15.754942893981934,65038896,0.0,0.0
2012-04-05 00:00:00-04:00,15.682758759335512,15.786691740272204,15.591724289739464,15.68474292755127,92655252,0.0,0.0
2012-04-09 00:00:00-04:00,15.589493084121749,15.759407474052786,15.510364561120952,15.648033142089844,87220692,0.0,0.0
2012-04-10 00:00:00-04:00,15.714508958047245,15.738817145173906,15.492007041746009,15.549306869506836,99180720,0.0,0.0
2012-04-11 00:00:00-04:00,15.725672689331283,15.776027461325308,15.659442679565428,15.77503490447998,87872040,0.0,0.0
2012-04-12 00:00:00-04:00,15.933539680100017,16.201185943048166,15.881697963212718,16.148351669311523,230033736,0.0,0.0
2012-04-13 00:00:00-04:00,16.062523738215138,16.098244438910253,15.466954692384506,15.49324893951416,326045628,0.0,0.0
2012-04-16 00:00:00-04:00,15.453560146242987,15.473651385210895,14.924219239482214,15.033609390258789,227456316,0.0,0.0
2012-04-17 00:00:00-04:00,15.095375966475057,15.321847196822057,15.05692809416665,15.120429992675781,120835044,0.0,0.0
2012-04-18 00:00:00-04:00,15.082724210374147,15.200548267097084,14.952745586436498,15.067841529846191,106673220,0.0,0.0
2012-04-19 00:00:00-04:00,15.024184450941686,15.286374484186382,14.858239345787185,14.865679740905762,131652216,0.0,0.0
2012-04-20 00:00:00-04:00,14.988465393379402,15.102568780353016,14.779606860417168,14.785311698913574,122213664,0.0,0.0
2012-04-23 00:00:00-04:00,14.706927296927498,14.844595875065561,14.639954288244867,14.823512077331543,87824088,0.0,0.0
2012-04-24 00:00:00-04:00,14.839386776275772,15.047501359168301,14.81656647755708,14.914546012878418,77086836,0.0,0.0
2012-04-25 00:00:00-04:00,14.98226379363063,15.164581351294913,14.954481656429975,15.12414836883545,72771156,0.0,0.0
2012-04-26 00:00:00-04:00,15.153667164571889,15.329534050212525,15.123653192221244,15.266777992248535,83616300,0.0,0.0
2012-04-27 00:00:00-04:00,15.255615969885504,15.298280787591812,15.14597720051322,15.254623413085938,65390544,0.0,0.0
2012-04-30 00:00:00-04:00,15.205261825331258,15.281908955129262,14.8981751371346,15.003348350524902,96195708,0.0,0.0
2012-05-01 00:00:00-04:00,14.977055175465898,15.17078146370969,14.887756259347237,14.99293041229248,80011908,0.0,0.0
2012-05-02 00:00:00-04:00,14.912810945764692,15.084214177720153,14.898175930696915,15.063130378723145,64395540,0.0,0.0
2012-05-03 00:00:00-04:00,15.121670608284417,15.2509043531081,15.10505047924409,15.156396865844727,74645280,0.0,0.0
2012-05-04 00:00:00-04:00,15.029889871619405,15.078755806820155,14.80391587963562,14.807884216308594,88207704,0.0,0.0
2012-05-07 00:00:00-04:00,14.759017471478908,15.145232650260844,14.759017471478908,15.070321083068848,79700220,0.0,0.0
2012-05-08 00:00:00-04:00,15.020216380865905,15.30224999354709,14.900408151306458,15.200301170349121,106984908,0.0,0.0
2012-05-09 00:00:00-04:00,15.052214031155842,15.289350020781121,14.927940252904717,15.11000919342041,93058848,0.0,0.0
2012-05-10 00:00:00-04:00,15.204517793601005,15.284637926590973,15.136799894583785,15.221881866455078,61374564,0.0,0.0
2012-05-11 00:00:00-04:00,15.139776366156658,15.24395796565906,15.00136384522916,15.012774467468262,83892024,0.0,0.0
2012-05-14 00:00:00-04:00,14.902392997327716,15.093887460753393,14.897431158429315,14.982264518737793,72903024,0.0,0.0
2012-05-15 00:00:00-04:00,15.015750381761892,15.255119152252933,14.976062290564972,15.1586275100708,83999916,0.0,0.0
2012-05-16 00:00:00-04:00,15.328543722879738,15.629676973706705,15.278437560815537,15.600655555725098,193210596,0.0,0.0
2012-05-17 00:00:00-04:00,15.722201108156614,15.821916207741417,15.409656291583586,15.454801559448242,134017848,0.0,0.0
2012-05-18 00:00:00-04:00,15.505650798970109,15.687224417149768,14.801186904537003,14.892966270446777,238701060,0.0,0.0
2012-05-21 00:00:00-04:00,14.89569347098151,15.272234529583054,14.883042626117376,15.23304271697998,122892984,0.0,0.0
2012-05-22 00:00:00-04:00,15.216423768425287,15.225602555927413,14.783824015868822,14.902888298034668,121953924,0.0,0.0
2012-05-23 00:00:00-04:00,14.923971443045383,15.121171681297476,14.811604561206638,15.11769962310791,126996876,0.0,0.0
2012-05-24 00:00:00-04:00,15.110256675595307,15.178718513684549,14.855013617884241,14.973830223083496,75576348,0.0,0.0
2012-05-25 00:00:00-04:00,14.907848226250266,14.925955297642416,14.592327662619716,14.672944068908691,143132724,0.0,0.0
2012-05-29 00:00:00-04:00,14.779110873506138,14.86146378730418,14.593321248008893,14.742647171020508,104123772,0.0,0.0
2012-05-30 00:00:00-04:00,14.589350839615877,14.6821218119203,14.474503514272964,14.591087341308594,76191732,0.0,0.0
2012-05-31 00:00:00-04:00,14.60324306400957,14.634993539498211,14.362136827313948,14.40827465057373,118613268,0.0,0.0
2012-06-01 00:00:00-04:00,14.183292563895733,14.204624972725501,14.097962928576662,14.163200378417969,122193684,0.0,0.0
2012-06-04 00:00:00-04:00,14.144347611405683,14.399096279514376,14.13913905174054,14.35196590423584,97210692,0.0,0.0
2012-06-05 00:00:00-04:00,14.27407988909004,14.34055756469611,14.051330284291032,14.149062156677246,93502404,0.0,0.0
2012-06-06 00:00:00-04:00,14.299628549255743,14.435809239888519,14.228438590685444,14.401082038879395,83748168,0.0,0.0
2012-06-07 00:00:00-04:00,14.575462284726248,14.582655013523949,14.31872941484894,14.343037605285645,70269660,0.0,0.0
2012-06-08 00:00:00-04:00,14.284000336291077,14.41174711536878,14.25249753061146,14.398103713989258,56359584,0.0,0.0
2012-06-11 00:00:00-04:00,14.491372794460652,14.51890632194764,14.056786969408805,14.1016845703125,106337556,0.0,0.0
2012-06-12 00:00:00-04:00,14.133187228568534,14.146334353098581,13.855618231075617,14.01734733581543,128839032,0.0,0.0
2012-06-13 00:00:00-04:00,13.933504766665383,14.06447499049411,13.858096923321714,13.917877197265625,78089832,0.0,0.0
2012-06-14 00:00:00-04:00,13.923088135061215,14.016603058670926,13.804519186409284,13.867276191711426,93702204,0.0,0.0
2012-06-15 00:00:00-04:00,13.899276483694802,14.002960870013716,13.818659120168013,14.002713203430176,119927952,0.0,0.0
2012-06-18 00:00:00-04:00,13.955830704141034,14.243321472679119,13.872236625170071,14.1599760055542,99776124,0.0,0.0
2012-06-19 00:00:00-04:00,14.227940816487335,14.493107550639909,14.216282528520988,14.424893379211426,82964952,0.0,0.0
2012-06-20 00:00:00-04:00,14.382228400200686,14.386941626758636,14.225956486511574,14.325176239013672,93774132,0.0,0.0
2012-06-21 00:00:00-04:00,14.382976368492443,14.382976368492443,13.983365378709099,14.020076751708984,80371548,0.0,0.0
2012-06-22 00:00:00-04:00,14.089281664244771,14.175602912902832,14.035207168715615,14.175602912902832,89026884,0.0,0.0
2012-06-25 00:00:00-04:00,14.072660331374848,14.091512292286287,13.825106283566162,13.908204078674316,63200736,0.0,0.0
2012-06-26 00:00:00-04:00,13.959303683310182,14.054555111855834,13.877943324417167,14.006929397583008,53953992,0.0,0.0
2012-06-27 00:00:00-04:00,14.081841482498513,14.23786481032267,14.040169217324296,14.121529579162598,67624308,0.0,0.0
2012-06-28 00:00:00-04:00,14.03719166371986,14.045376949148904,13.821634785678983,13.997751235961914,76759164,0.0,0.0
2012-06-29 00:00:00-04:00,14.261925262293914,14.390168339738766,14.193463414058439,14.388679504394531,100679220,0.0,0.0
2012-07-02 00:00:00-04:00,14.432088511631878,14.46135948763316,14.300125706859426,14.398601531982422,66153780,0.0,0.0
2012-07-03 00:00:00-04:00,14.387190408409902,14.595552661047618,14.33733191646438,14.581165313720703,47532420,0.0,0.0
2012-07-05 00:00:00-04:00,14.604235979612815,14.884533093840826,14.598777862131127,14.781840324401855,93742164,0.0,0.0
2012-07-06 00:00:00-04:00,14.695766254900441,14.722308171677318,14.456893730369982,14.535277366638184,86385528,0.0,0.0
2012-07-09 00:00:00-04:00,14.509727936208929,14.600267085529092,14.417950454001502,14.536022186279297,68535396,0.0,0.0
2012-07-10 00:00:00-04:00,14.639706516437876,14.69526984759366,14.355687798430727,14.42911148071289,76847076,0.0,0.0
2012-07-11 00:00:00-04:00,14.295163580821185,14.333611451135768,14.013378588180247,14.16840934753418,139832028,0.0,0.0
2012-07-12 00:00:00-04:00,14.06745331841607,14.18676621336332,13.942683251413088,14.150797843933105,92299608,0.0,0.0
2012-07-13 00:00:00-04:00,14.192222481562577,14.36585848571707,14.102924505307257,14.300621032714844,78960960,0.0,0.0
2012-07-16 00:00:00-04:00,14.296900346566243,14.366850081281237,14.183045568761266,14.260932922363281,58445496,0.0,0.0
2012-07-17 00:00:00-04:00,14.347999498038847,14.403562831930556,14.0992042463283,14.305830955505371,67136796,0.0,0.0
2012-07-18 00:00:00-04:00,14.312031561194821,14.478473890348084,14.290947763327807,14.405795097351074,61866072,0.0,0.0
2012-07-19 00:00:00-04:00,14.539245604768979,14.845340677576202,14.535773546455706,14.710896492004395,186801012,0.0,0.0
2012-07-20 00:00:00-04:00,15.10033618197629,15.204021504735456,14.837898483306121,15.151434898376465,258289452,0.0,0.0
2012-07-23 00:00:00-04:00,14.894949427316051,15.338215820080213,14.839633766850769,15.267769813537598,142325532,0.0,0.0
2012-07-24 00:00:00-04:00,15.255120640236385,15.327799434789448,14.990698765925977,15.070818901062012,80295624,0.0,0.0
2012-07-25 00:00:00-04:00,15.089422124807975,15.214936137963873,15.016247052443589,15.081236839294434,72847080,0.0,0.0
2012-07-26 00:00:00-04:00,15.255119086200787,15.301504572126726,15.131837864833004,15.214438438415527,67340592,0.0,0.0
2012-07-27 00:00:00-04:00,15.35161052158543,15.751220484908462,15.317131936076606,15.750227928161621,141846012,0.0,0.0
2012-07-30 00:00:00-04:00,15.777266616229733,15.939740608203046,15.614793569548645,15.684247970581055,87380532,0.0,0.0
2012-07-31 00:00:00-04:00,15.584034253898544,15.788427211320545,15.583041697149957,15.700865745544434,74549376,0.0,0.0
2012-08-01 00:00:00-04:00,15.80827472822111,15.863094120491409,15.661428292639824,15.693675994873047,73710216,0.0,0.0
2012-08-02 00:00:00-04:00,15.515819800433949,15.826379457917904,15.4637294779225,15.596187591552734,79028892,0.0,0.0
2012-08-03 00:00:00-04:00,15.875247710985054,15.967523360490773,15.779500002998816,15.908238410949707,75808116,0.0,0.0
2012-08-06 00:00:00-04:00,15.865572317023025,16.107918765525426,15.855898196783789,15.945198059082031,71224704,0.0,0.0
2012-08-07 00:00:00-04:00,15.919646941400833,15.980917000278275,15.78768509634356,15.888641357421875,79192728,0.0,0.0
2012-08-08 00:00:00-04:00,15.851683057496214,16.020853511837306,15.838040599099967,15.930562973022461,52835112,0.0,0.0
2012-08-09 00:00:00-04:00,15.987119510491324,16.033255445356286,15.912951878448032,15.933540344238281,42769188,0.0,0.0
2012-08-10 00:00:00-04:00,15.840273347291332,15.930810607210987,15.779252839211798,15.924859046936035,57326616,0.0,0.0
2012-08-13 00:00:00-04:00,16.059302969582085,16.37507031083172,16.04094728307444,16.371599197387695,130585284,0.0,0.0
2012-08-14 00:00:00-04:00,16.35274342938336,16.69009173562484,16.346542312767472,16.586158752441406,146321532,0.0,0.0
2012-08-15 00:00:00-04:00,16.62634666500983,16.724823442787297,16.47305238278494,16.558382034301758,96331572,0.0,0.0
2012-08-16 00:00:00-04:00,16.55763455395719,16.734494947263336,16.54696787653989,16.690589904785156,68639292,0.0,0.0
2012-08-17 00:00:00-04:00,16.72159625098904,16.799236885771275,16.661568301663046,16.796506881713867,87020892,0.0,0.0
2012-08-20 00:00:00-04:00,16.755824307306682,16.83941837846135,16.685377358705153,16.756816864013672,70253676,0.0,0.0
2012-08-21 00:00:00-04:00,16.696546296919223,16.817842434869164,16.425179320754395,16.607248306274414,88799112,0.0,0.0
2012-08-22 00:00:00-04:00,16.554405486221857,16.882329174233416,16.537537695638697,16.797494888305664,76291632,0.0,0.0
2012-08-23 00:00:00-04:00,16.72531653181602,16.87935566634641,16.64420290431511,16.78807258605957,71296632,0.0,0.0
2012-08-24 00:00:00-04:00,16.758307297092315,16.87861275057418,16.720605261178566,16.833467483520508,57006936,0.0,0.0
2012-08-27 00:00:00-04:00,16.44551550604418,16.66900905751176,16.352496859980633,16.600051879882812,104443452,0.0,0.0
2012-08-28 00:00:00-04:00,16.495372127833065,16.808411286191035,16.48892334496844,16.79923439025879,82261656,0.0,0.0
2012-08-29 00:00:00-04:00,16.80220985070362,17.090446428857394,16.771949159829813,17.06613540649414,119492388,0.0,0.0
2012-08-30 00:00:00-04:00,16.972621502390385,17.050757457516195,16.871913862291624,16.909120559692383,65010924,0.0,0.0
2012-08-31 00:00:00-04:00,16.966668503897967,17.0802756031341,16.868441307680357,16.99370574951172,84998916,0.0,0.0
2012-09-04 00:00:00-04:00,16.98031280050785,16.99147481123479,16.70621775423728,16.893247604370117,75508416,0.0,0.0
2012-09-05 00:00:00-04:00,16.867450758241514,17.02868358495512,16.846117402824937,16.88530921936035,68259672,0.0,0.0
2012-09-06 00:00:00-04:00,17.015290920108374,17.36082552869564,16.984780663751167,17.348670959472656,121618260,0.0,0.0
2012-09-07 00:00:00-04:00,17.363550582258235,17.667412868694505,17.305755417277542,17.516101837158203,129190680,0.0,0.0
2012-09-10 00:00:00-04:00,17.60565050782156,17.68130413790728,17.32361499996078,17.382652282714844,102297600,0.0,0.0
2012-09-11 00:00:00-04:00,17.31294938700571,17.37967567381354,17.140304998194075,17.169822692871094,74877048,0.0,0.0
2012-09-12 00:00:00-04:00,17.100867303235077,17.237295670995508,16.889280634264207,17.137331008911133,105586308,0.0,0.0
2012-09-13 00:00:00-04:00,17.192150776358293,17.586798982090208,17.128897485153885,17.513376235961914,106253640,0.0,0.0
2012-09-14 00:00:00-04:00,17.60167928456141,17.68601636456868,17.537435335678293,17.60366439819336,104635260,0.0,0.0
2012-09-17 00:00:00-04:00,17.564717576388414,17.683037893180785,17.487574181808398,17.611103057861328,60271668,0.0,0.0
2012-09-18 00:00:00-04:00,17.556533527776946,17.826412554359827,17.53172906099422,17.816987991333008,82589328,0.0,0.0
2012-09-19 00:00:00-04:00,17.79764207192017,18.071984803949146,17.77060482148432,18.045692443847656,123808068,0.0,0.0
2012-09-20 00:00:00-04:00,17.9705293989324,18.141931644551555,17.889913002075467,18.061067581176758,116179704,0.0,0.0
2012-09-21 00:00:00-04:00,18.162521870307682,18.229743485306663,18.110678267919845,18.206674575805664,254109636,0.0,0.0
2012-09-24 00:00:00-04:00,18.132508371730232,18.604797160608825,18.113905020866717,18.58842658996582,142409448,0.0,0.0
2012-09-25 00:00:00-04:00,18.67945748572952,18.973150283712474,18.54575915435253,18.582965850830078,242097660,0.0,0.0
2012-09-26 00:00:00-04:00,18.60008486265955,18.882615705673516,18.380561530336266,18.68963050842285,226689084,0.0,0.0
2012-09-27 00:00:00-04:00,18.85061864831492,18.92230394613573,18.64473587152909,18.765039443969727,157086756,0.0,0.0
2012-09-28 00:00:00-04:00,18.706743912231037,18.83448879149512,18.632328630182855,18.715423583984375,111228660,0.0,0.0
2012-10-01 00:00:00-04:00,18.828290601616274,18.97588096545837,18.757843644714626,18.89600944519043,126593280,0.0,0.0
2012-10-02 00:00:00-04:00,18.980841127519,19.000437034344888,18.61050212081418,18.777191162109375,111496392,0.0,0.0
2012-10-03 00:00:00-04:00,18.74569101237883,18.949091428973627,18.658376261017,18.913867950439453,88243668,0.0,0.0
2012-10-04 00:00:00-04:00,18.92006720548376,19.097177137551846,18.836970356164926,19.05153465270996,98069832,0.0,0.0
2012-10-05 00:00:00-04:00,19.117517715377936,19.208553135905714,18.97612846966457,19.041614532470703,109326564,0.0,0.0
2012-10-08 00:00:00-04:00,18.876656698161316,18.9406529657232,18.70674235397057,18.79827308654785,78265656,0.0,0.0
2012-10-09 00:00:00-04:00,18.843670542372404,18.88459791411725,18.41851213454143,18.45720672607422,120007872,0.0,0.0
2012-10-10 00:00:00-04:00,18.401892393419914,18.542536753305722,18.313337416849162,18.4688663482666,81514404,0.0,0.0
2012-10-11 00:00:00-04:00,18.675737849410794,18.8146466384478,18.610996681490395,18.640514373779297,95260644,0.0,0.0
2012-10-12 00:00:00-04:00,18.649692968384873,18.72460358835023,18.457452689508028,18.473575592041016,96071832,0.0,0.0
2012-10-15 00:00:00-04:00,18.40387401259479,18.450756722193784,18.125065763946388,18.380062103271484,120643236,0.0,0.0
2012-10-16 00:00:00-04:00,18.35898016694251,18.529142224565256,18.267944742258877,18.47233772277832,82245672,0.0,0.0
2012-10-17 00:00:00-04:00,18.453733025154545,18.761068309097926,18.36220227400984,18.7399845123291,91624284,0.0,0.0
2012-10-18 00:00:00-04:00,18.74122551264639,18.837469494587577,16.76823049989762,17.239524841308594,497198304,0.0,0.0
2012-10-19 00:00:00-04:00,17.50196374461417,17.52974399124654,16.669008195305935,16.911849975585938,458828712,0.0,0.0
2012-10-22 00:00:00-04:00,16.892502136722733,16.982297333769985,16.61195642581995,16.83445930480957,162061776,0.0,0.0
2012-10-23 00:00:00-04:00,16.669255755701588,17.049270772615422,16.669008089151593,16.876131057739258,116547336,0.0,0.0
2012-10-24 00:00:00-04:00,17.03612418693657,17.041085080430562,16.750122249020972,16.80047607421875,99760140,0.0,0.0
2012-10-25 00:00:00-04:00,16.867450109847233,16.917059045030893,16.706464955890542,16.811885833740234,95947956,0.0,0.0
2012-10-26 00:00:00-04:00,16.780630730422107,16.942608441569202,16.649165161300818,16.74714469909668,77953968,0.0,0.0
2012-10-31 00:00:00-04:00,16.863976937379945,16.89225440826832,16.743423823039002,16.87489128112793,61418520,0.0,0.0
2012-11-01 00:00:00-04:00,16.855047082949223,17.137823671943483,16.835698842904243,17.05571937561035,81921996,0.0,0.0
2012-11-02 00:00:00-04:00,17.23431349991863,17.25316640488326,17.050259462912873,17.06390380859375,92883024,0.0,0.0
2012-11-05 00:00:00-05:00,16.97907336076586,17.03761342108111,16.757317244802895,16.940874099731445,65370564,0.0,0.0
2012-11-06 00:00:00-05:00,17.00337867754388,17.028680365026545,16.80667474177112,16.910112380981445,63248688,0.0,0.0
2012-11-07 00:00:00-05:00,16.743422093906148,16.823543161969262,16.532330804977217,16.547958374023438,89202708,0.0,0.0
2012-11-08 00:00:00-05:00,16.624360366894926,16.656358507649397,16.15380714699523,16.18010139465332,103776120,0.0,0.0
2012-11-09 00:00:00-05:00,16.238638656439107,16.578219693915816,16.130735461680562,16.446504592895508,124439436,0.0,0.0
2012-11-12 00:00:00-05:00,16.464366790042007,16.614439496395985,16.392929164444663,16.517698287963867,56179764,0.0,0.0
2012-11-13 00:00:00-05:00,16.445763556305515,16.559865989822715,16.327441338658108,16.347782135009766,63704232,0.0,0.0
2012-11-14 00:00:00-05:00,16.387719662224725,16.42542358657234,16.135699092234752,16.18655014038086,66669264,0.0,0.0
2012-11-15 00:00:00-05:00,16.12329680157703,16.371349034068796,15.971985771614182,16.05533218383789,73882044,0.0,0.0
2012-11-16 00:00:00-05:00,16.023828940848194,16.198208876629476,15.776026272229393,16.053346633911133,137390472,0.0,0.0
2012-11-19 00:00:00-05:00,16.264689627991505,16.59261345086814,16.26047362390381,16.575000762939453,94633272,0.0,0.0
2012-11-20 00:00:00-05:00,16.6072445745495,16.817838655822786,16.484706349937746,16.618654251098633,83464452,0.0,0.0
2012-11-21 00:00:00-05:00,16.594347393542403,16.614440526764596,16.381272836378205,16.51695442199707,84403512,0.0,0.0
2012-11-23 00:00:00-05:00,16.618654939127907,16.619399829392442,16.522658624224203,16.56904411315918,36863100,0.0,0.0
2012-11-26 00:00:00-05:00,16.53109547445117,16.544987491307968,16.34704326636147,16.399877548217773,88095816,0.0,0.0
2012-11-27 00:00:00-05:00,16.37556731314063,16.74342592867646,16.32174047788555,16.637012481689453,100247652,0.0,0.0
2012-11-28 00:00:00-05:00,16.570035725584553,16.989242549196014,16.46784019016681,16.95848274230957,121558320,0.0,0.0
2012-11-29 00:00:00-05:00,17.06043047118407,17.212236811674572,16.91705613575718,17.16238021850586,110948940,0.0,0.0
2012-11-30 00:00:00-05:00,17.147999047352563,17.344205825954166,17.008592997750547,17.323122024536133,126417456,0.0,0.0
2012-12-03 00:00:00-05:00,17.419114925261955,17.509653121745536,17.21744817755983,17.2457275390625,87612300,0.0,0.0
2012-12-04 00:00:00-05:00,17.239525212442093,17.252177003767763,17.008839875625657,17.141050338745117,79588332,0.0,0.0
2012-12-05 00:00:00-05:00,17.16883023611865,17.227122619713192,16.925243582627658,17.061424255371094,74421504,0.0,0.0
2012-12-06 00:00:00-05:00,17.055719809887393,17.254656551197904,16.97932129512039,17.143529891967773,58433508,0.0,0.0
2012-12-07 00:00:00-05:00,17.239522363537606,17.286157403145715,16.92747577528458,16.97187614440918,76695228,0.0,0.0
2012-12-10 00:00:00-05:00,17.001145292372332,17.156426524212126,16.96145815161721,17.001890182495117,54613332,0.0,0.0
2012-12-11 00:00:00-05:00,17.11549835456645,17.41117437803575,17.05894341917212,17.286157608032227,107396496,0.0,0.0
2012-12-12 00:00:00-05:00,17.344452707834495,17.450618491107733,17.20182510822776,17.303028106689453,96942960,0.0,0.0
2012-12-13 00:00:00-05:00,17.758450528809163,17.772092987530552,17.352390761045843,17.430526733398438,137658204,0.0,0.0
2012-12-14 00:00:00-05:00,17.34296177179593,17.5575260811782,17.324606088263383,17.412168502807617,85118796,0.0,0.0
2012-12-17 00:00:00-05:00,17.49997914378302,17.907279088580054,17.463267775543407,17.87900161743164,121294584,0.0,0.0
2012-12-18 00:00:00-05:00,17.775319015119255,18.085382469528916,17.736870193917767,17.88619613647461,120075804,0.0,0.0
2012-12-19 00:00:00-05:00,17.877261752626854,17.934066244384677,17.777297115014694,17.86237907409668,76667256,0.0,0.0
2012-12-20 00:00:00-05:00,17.94051783843234,17.9749964272139,17.784493574771886,17.918193817138672,66213720,0.0,0.0
2012-12-21 00:00:00-05:00,17.710078106283664,17.830381665993702,17.624500801578957,17.75125503540039,140898960,0.0,0.0
2012-12-24 00:00:00-05:00,17.72347308338587,17.74009132079365,17.548845468523037,17.599199295043945,33602364,0.0,0.0
2012-12-26 00:00:00-05:00,17.56372690725267,17.683039793532192,17.423330224560765,17.58357048034668,47248704,0.0,0.0
2012-12-27 00:00:00-05:00,17.540657006891845,17.58282648791991,17.329070383321486,17.519573211669922,65830104,0.0,0.0
2012-12-28 00:00:00-05:00,17.40547039793759,17.53495083655686,17.363798141479492,17.363798141479492,56023920,0.0,0.0
2012-12-31 00:00:00-05:00,17.363548395712524,17.625738387878897,17.26432864852916,17.54660987854004,79816104,0.0,0.0
2013-01-02 00:00:00-05:00,17.845267594846515,18.033290012938675,17.774077632319262,17.940269470214844,101550348,0.0,0.0
2013-01-03 00:00:00-05:00,17.98194255092831,18.155577609949844,17.87751233648206,17.950687408447266,92635272,0.0,0.0
2013-01-04 00:00:00-05:00,18.091329978712306,18.39221454554091,18.050153057302012,18.305397033691406,110429460,0.0,0.0
2013-01-07 00:00:00-05:00,18.242891827552263,18.340374141204,18.12209104571503,18.225526809692383,66161772,0.0,0.0
2013-01-08 00:00:00-05:00,18.245122320714493,18.26397522810002,17.9695393987371,18.189559936523438,66976956,0.0,0.0
2013-01-09 00:00:00-05:00,18.164014052072698,18.31482788706923,18.0729786158521,18.309123992919922,80907012,0.0,0.0
2013-01-10 00:00:00-05:00,18.42594971210729,18.47977842653452,18.194519514352777,18.39246368408203,73354572,0.0,0.0
2013-01-11 00:00:00-05:00,18.40536539059562,18.416030177586638,18.263976140478565,18.355506896972656,51356592,0.0,0.0
2013-01-14 00:00:00-05:00,18.28134038217153,18.41032740602983,17.917945447441724,17.940269470214844,114441444,0.0,0.0
2013-01-15 00:00:00-05:00,17.84303242995052,18.23172711564509,17.66369160023682,17.98194122314453,156950892,0.0,0.0
2013-01-16 00:00:00-05:00,17.91918480784404,17.967307745538626,17.70263725997189,17.740341186523438,80855064,0.0,0.0
2013-01-17 00:00:00-05:00,17.802847113854725,17.850720487760128,17.63690108295089,17.64434242248535,88371540,0.0,0.0
2013-01-18 00:00:00-05:00,17.62053374153559,17.680314025879408,17.396542952534862,17.47542381286621,128942928,0.0,0.0
2013-01-22 00:00:00-05:00,17.47914233044899,17.496010123972802,17.252423455827227,17.43474006652832,151544304,0.0,0.0
2013-01-23 00:00:00-05:00,18.256283584109585,18.578998761350473,18.251322690913025,18.392959594726562,236127636,0.0,0.0
2013-01-24 00:00:00-05:00,18.386512143204047,18.773223626919194,18.368404125491534,18.708234786987305,135172692,0.0,0.0
2013-01-25 00:00:00-05:00,18.6229065324007,18.814154286819463,18.610007073846763,18.694841384887695,88946964,0.0,0.0
2013-01-28 00:00:00-05:00,18.647463269766124,18.74271470147879,18.551466947733605,18.62191390991211,65018916,0.0,0.0
2013-01-29 00:00:00-05:00,18.523189825674855,18.776202982060454,18.517981265090803,18.69508934020996,69814116,0.0,0.0
2013-01-30 00:00:00-05:00,18.696575889786693,18.87542139933408,18.675989315509632,18.698808670043945,69250680,0.0,0.0
2013-01-31 00:00:00-05:00,18.616455740523513,18.792818903563,18.610005066649997,18.744945526123047,65302632,0.0,0.0
2013-02-01 00:00:00-05:00,18.807202493996225,19.263615938146955,18.80472204779706,19.23880958557129,149694156,0.0,0.0
2013-02-04 00:00:00-05:00,19.042606739193932,19.111565811140494,18.808943721261333,18.827547073364258,121498380,0.0,0.0
2013-02-05 00:00:00-05:00,18.879885893214947,19.127440924903304,18.838710852279405,18.994237899780273,74753172,0.0,0.0
2013-02-06 00:00:00-05:00,18.828786912258213,19.17332889202704,18.814647232017812,19.104122161865234,83040876,0.0,0.0
2013-02-07 00:00:00-05:00,19.092464641190656,19.31843862229606,18.988282101803456,19.197885513305664,113494392,0.0,0.0
2013-02-08 00:00:00-05:00,19.351181539151675,19.513405016132157,19.33704185912537,19.481159210205078,120683196,0.0,0.0
2013-02-11 00:00:00-05:00,19.308266803133296,19.42237112620727,19.19292414736201,19.407983779907227,86625288,0.0,0.0
2013-02-12 00:00:00-05:00,19.39136680618459,19.543918075788984,19.332331412149806,19.36532211303711,74285640,0.0,0.0
2013-02-13 00:00:00-05:00,19.35118068309923,19.48066112475217,19.347210456231778,19.41889762878418,47880072,0.0,0.0
2013-02-14 00:00:00-05:00,19.341260756410925,19.564754323031984,19.29264437370109,19.541934967041016,69342588,0.0,0.0
2013-02-15 00:00:00-05:00,19.53151341099653,19.676870988197102,19.52332718079196,19.667694091796875,109082808,0.0,0.0
2013-02-19 00:00:00-05:00,19.74458765043022,20.017690090962972,19.7269749686353,20.01396942138672,117154728,0.0,0.0
2013-02-20 00:00:00-05:00,19.975527440506198,20.06656097965979,19.6404118669424,19.65703010559082,110457432,0.0,0.0
2013-02-21 00:00:00-05:00,19.794451065640693,19.979248148459106,19.626272221501857,19.73318099975586,140115744,0.0,0.0
2013-02-22 00:00:00-05:00,19.82570055469765,19.87506181878035,19.6902647710563,19.836862564086914,82073844,0.0,0.0
2013-02-25 00:00:00-05:00,19.901112367389075,20.052671083711285,19.608164389433075,19.615110397338867,92063844,0.0,0.0
2013-02-26 00:00:00-05:00,19.720036332074674,19.743600579271327,19.457101379962886,19.59923553466797,88011900,0.0,0.0
2013-02-27 00:00:00-05:00,19.71507506465704,19.961885215534593,19.62354430068249,19.838603973388672,80962956,0.0,0.0
2013-02-28 00:00:00-05:00,19.871346533623726,20.017447128687035,19.869609086396014,19.87382698059082,90541368,0.0,0.0
2013-03-01 00:00:00-05:00,19.789486926789785,20.021166688659456,19.74855766738323,19.997600555419922,86928984,0.0,0.0
2013-03-04 00:00:00-05:00,19.975527068001426,20.41060918484813,19.968085727148136,20.377368927001953,110912976,0.0,0.0
2013-03-05 00:00:00-05:00,20.56167242074161,20.839985398417458,20.560927530359134,20.801538467407227,161602236,0.0,0.0
2013-03-06 00:00:00-05:00,20.86180910380923,20.935479501263135,20.558691726957402,20.622440338134766,114805080,0.0,0.0
2013-03-07 00:00:00-05:00,20.688918382995684,20.75241933168626,20.577791722787182,20.6527042388916,82025892,0.0,0.0
2013-03-08 00:00:00-05:00,20.699833599171413,20.710252610216536,20.46542570179312,20.62591552734375,116359524,0.0,0.0
2013-03-11 00:00:00-04:00,20.630132572039066,20.82882166694845,20.625419344703452,20.707773208618164,63724212,0.0,0.0
2013-03-12 00:00:00-04:00,20.60582448306142,20.63509262160817,20.43119497454863,20.528926849365234,80251668,0.0,0.0
2013-03-13 00:00:00-04:00,20.53612007793148,20.60532681240624,20.397458942418652,20.471874237060547,65586348,0.0,0.0
2013-03-14 00:00:00-04:00,20.513545072828848,20.513545072828848,20.275418415238082,20.378358840942383,65981952,0.0,0.0
2013-03-15 00:00:00-04:00,20.302955007377793,20.347604946115865,20.174960532952333,20.198774337768555,123864012,0.0,0.0
2013-03-18 00:00:00-04:00,19.968081940259257,20.160567990212176,19.8805195326731,20.037288665771484,73458468,0.0,0.0
2013-03-19 00:00:00-04:00,20.122866113186785,20.321557080690404,20.004050445992984,20.12485122680664,83844072,0.0,0.0
2013-03-20 00:00:00-04:00,20.26152519840374,20.278392990715663,20.1278268643178,20.208938598632812,58493448,0.0,0.0
2013-03-21 00:00:00-04:00,20.12410838513244,20.26376018409354,20.088389573785395,20.123363494873047,59044896,0.0,0.0
2013-03-22 00:00:00-04:00,20.209686552496176,20.222088786786767,20.083179981563198,20.09980010986328,59468472,0.0,0.0
2013-03-25 00:00:00-04:00,20.151887047296384,20.32105651154584,20.013225938484943,20.083175659179688,68411520,0.0,0.0
2013-03-26 00:00:00-04:00,20.178927336928005,20.1913295704218,20.03729042737698,20.152137756347656,47628324,0.0,0.0
2013-03-27 00:00:00-04:00,20.009756905451443,20.017693579030094,19.87704921960584,19.91004180908203,86441472,0.0,0.0
2013-03-28 00:00:00-04:00,19.94303110078328,19.977262023912914,19.677865279814,19.699941635131836,91420488,0.0,0.0
2013-04-01 00:00:00-04:00,19.72028097489024,19.899869474748815,19.676623600626005,19.873577117919922,72219708,0.0,0.0
2013-04-02 00:00:00-04:00,19.956673060588578,20.211917063501843,19.943276380357453,20.16751480102539,81578340,0.0,0.0
2013-04-03 00:00:00-04:00,20.177936154321472,20.196291839259253,19.86067905948945,19.99785041809082,69470460,0.0,0.0
2013-04-04 00:00:00-04:00,19.949475023367867,19.986683608033236,19.628249668796283,19.721765518188477,97806096,0.0,0.0
2013-04-05 00:00:00-04:00,19.498275553409208,19.52134446415911,19.258657215827267,19.423612594604492,137218644,0.0,0.0
2013-04-08 00:00:00-04:00,19.316948428564476,19.33679389171821,19.060216536694313,19.2202091217041,113170716,0.0,0.0
2013-04-09 00:00:00-04:00,19.236335627662147,19.440978179870015,19.177052565389463,19.2896671295166,86205708,0.0,0.0
2013-04-10 00:00:00-04:00,19.420385784576155,19.654298320720855,19.248733968902798,19.60047149658203,79064856,0.0,0.0
2013-04-11 00:00:00-04:00,19.66744776774411,19.67290399453004,19.448665551485966,19.605682373046875,81066852,0.0,0.0
2013-04-12 00:00:00-04:00,19.645369101530086,19.648097214602082,19.420633461210713,19.597246170043945,65402532,0.0,0.0
2013-04-15 00:00:00-04:00,19.495545218875,19.769640222198078,19.27403492383677,19.395828247070312,98025876,0.0,0.0
2013-04-16 00:00:00-04:00,19.511420935050154,19.744836244400087,19.44519187913143,19.679597854614258,69610320,0.0,0.0
2013-04-17 00:00:00-04:00,19.515390042956614,19.616842577546898,19.30082574041132,19.411457061767578,81398520,0.0,0.0
2013-04-18 00:00:00-04:00,19.480659831546095,19.49182373063942,18.88310669714661,18.998451232910156,132767100,0.0,0.0
2013-04-19 00:00:00-04:00,19.07907175069778,19.929390575064776,19.007138784305297,19.840837478637695,231895872,0.0,0.0
2013-04-22 00:00:00-04:00,19.8589429917489,19.94228941534458,19.22393342483686,19.846790313720703,115220664,0.0,0.0
2013-04-23 00:00:00-04:00,19.8688653732604,20.22853773291317,19.85299013512409,20.040019989013672,91600308,0.0,0.0
2013-04-24 00:00:00-04:00,20.045224786229536,20.290546986282802,20.042496673292753,20.177684783935547,73090836,0.0,0.0
2013-04-25 00:00:00-04:00,20.247139853266965,20.252596079323563,20.033318559244467,20.069782257080078,79608312,0.0,0.0
2013-04-26 00:00:00-04:00,20.03257814831927,20.036051151978725,19.75922610307935,19.879281997680664,99408492,0.0,0.0
2013-04-29 00:00:00-04:00,19.92467532539822,20.407133584197823,19.918474208235075,20.316844940185547,91939968,0.0,0.0
2013-04-30 00:00:00-04:00,20.31535591744691,20.52967258447048,20.282612883253357,20.453521728515625,92175732,0.0,0.0
2013-05-01 00:00:00-04:00,20.421025556385953,20.457241593010544,20.24986905128777,20.350826263427734,58141800,0.0,0.0
2013-05-02 00:00:00-04:00,20.34264309108068,20.70107713586191,20.316596506970047,20.57853889465332,80651268,0.0,0.0
2013-05-03 00:00:00-04:00,20.76085506057828,21.00493708996809,20.737043148010393,20.978147506713867,100403496,0.0,0.0
2013-05-06 00:00:00-04:00,21.041152138283397,21.378252802891378,21.041152138283397,21.370811462402344,85566348,0.0,0.0
2013-05-07 00:00:00-04:00,21.40702908363636,21.428360549834153,21.100933981734972,21.263654708862305,78281640,0.0,0.0
2013-05-08 00:00:00-04:00,21.257949301930598,21.6766608649579,21.156496748582224,21.670459747314453,98633268,0.0,0.0
2013-05-09 00:00:00-04:00,21.60125122686691,21.820031554831434,21.536508160948493,21.61712646484375,87935976,0.0,0.0
2013-05-10 00:00:00-04:00,21.71213028472818,21.84186030231453,21.63399431805967,21.834171295166016,75832092,0.0,0.0
2013-05-13 00:00:00-04:00,21.800930353389777,21.8897329949984,21.664254332657578,21.767196655273438,57882060,0.0,0.0
2013-05-14 00:00:00-04:00,21.76645098973754,22.04401902461103,21.757521759757786,22.004579544067383,63108828,0.0,0.0
2013-05-15 00:00:00-04:00,22.212940906988013,22.73087023363773,22.176229542716595,22.71871566772461,159276564,0.0,0.0
2013-05-16 00:00:00-04:00,22.79586073665859,22.820171760850744,22.37442301624721,22.420560836791992,128255616,0.0,0.0
2013-05-17 00:00:00-04:00,22.573110832972617,22.65918346201445,22.33746274059532,22.552274703979492,111568320,0.0,0.0
2013-05-20 00:00:00-04:00,22.44859137616694,22.835550522419744,22.44859137616694,22.53615379333496,90817092,0.0,0.0
2013-05-21 00:00:00-04:00,22.523500285836132,22.61379080943324,22.26528050498391,22.497455596923828,79240680,0.0,0.0
2013-05-22 00:00:00-04:00,22.388066673202562,22.555500599489093,21.999122438054876,22.06212615966797,102321576,0.0,0.0
2013-05-23 00:00:00-04:00,21.7540506180668,22.075523721278923,21.67963532030845,21.897672653198242,90912996,0.0,0.0
2013-05-24 00:00:00-04:00,21.7108903696981,21.799197689903615,21.605469476894143,21.662769317626953,91780128,0.0,0.0
2013-05-28 00:00:00-04:00,21.915284818465263,22.12960149439749,21.83838906899286,21.859970092773438,90209700,0.0,0.0
2013-05-29 00:00:00-04:00,21.722054779715176,21.778609731401936,21.438780906912,21.538496017456055,80455464,0.0,0.0
2013-05-30 00:00:00-04:00,21.578429920621772,21.801178584806287,21.491364723855302,21.599266052246094,84743172,0.0,0.0
2013-05-31 00:00:00-04:00,21.53378195924551,21.754050177421185,21.518897387527712,21.610675811767578,78697224,0.0,0.0
2013-06-03 00:00:00-04:00,21.654828511418152,21.678888087570872,21.20883210620588,21.521623611450195,98928972,0.0,0.0
2013-06-04 00:00:00-04:00,21.5270804451871,21.595046947711978,21.185266600305503,21.310035705566406,74669256,0.0,0.0
2013-06-05 00:00:00-04:00,21.394624634132935,21.566771813538992,21.2611739400169,21.324922561645508,84187728,0.0,0.0
2013-06-06 00:00:00-04:00,21.43902437037389,21.48937819426628,21.015353867814568,21.447458267211914,103060836,0.0,0.0
2013-06-07 00:00:00-04:00,21.59083290398364,21.82846614807447,21.464328219857634,21.821767807006836,106877016,0.0,0.0
2013-06-10 00:00:00-04:00,21.88055304870852,22.10131656269531,21.83069456287432,22.08197021484375,93418488,0.0,0.0
2013-06-11 00:00:00-04:00,21.92693763110826,22.002097808336245,21.81655586912974,21.823749542236328,70233696,0.0,0.0
2013-06-12 00:00:00-04:00,21.963900589924307,21.97729538064336,21.571732879488955,21.629528045654297,88103808,0.0,0.0
2013-06-13 00:00:00-04:00,21.555108776013416,21.820026871047425,21.468786597236196,21.754045486450195,82713204,0.0,0.0
2013-06-14 00:00:00-04:00,21.830943074729863,21.945047396379977,21.682857391822186,21.705429077148438,89710200,0.0,0.0
2013-06-17 00:00:00-04:00,21.809365331393497,22.062376587434755,21.785801085798077,21.983497619628906,85766148,0.0,0.0
2013-06-18 00:00:00-04:00,22.043024788843603,22.34936938507999,22.035585339914096,22.339942932128906,86589324,0.0,0.0
2013-06-19 00:00:00-04:00,22.358548031749823,22.593453140231254,22.2625536101551,22.341432571411133,116519364,0.0,0.0
2013-06-20 00:00:00-04:00,22.175488114991815,22.349372734659195,21.910569960612406,21.946041107177734,134745120,0.0,0.0
2013-06-21 00:00:00-04:00,22.03533840064769,22.073539550057635,21.656565477712206,21.851533889770508,159132708,0.0,0.0
2013-06-24 00:00:00-04:00,21.627044650608127,21.737178741246755,21.412977585430962,21.57520294189453,120555324,0.0,0.0
2013-06-25 00:00:00-04:00,21.760499182271552,21.82052713113661,21.444234642636815,21.486156463623047,102025872,0.0,0.0
2013-06-26 00:00:00-04:00,21.673432289948565,21.77885316472393,21.59455143848872,21.67095184326172,73182744,0.0,0.0
2013-06-27 00:00:00-04:00,21.798699381149206,21.944799964748157,21.74536788495698,21.755786895751953,76982940,0.0,0.0
2013-06-28 00:00:00-04:00,21.701959199886943,21.874106373304073,21.684348405088407,21.837642669677734,93878028,0.0,0.0
2013-07-01 00:00:00-04:00,21.98845844907891,22.128110256227668,21.95249007848033,22.023929595947266,68923008,0.0,0.0
2013-07-02 00:00:00-04:00,22.081476489790454,22.101320064423764,21.760748286792374,21.885765075683594,75584340,0.0,0.0
2013-07-03 00:00:00-04:00,21.825985005863583,22.05592734467206,21.79125685933472,21.98796272277832,41838120,0.0,0.0
2013-07-05 00:00:00-04:00,22.07675992998853,22.210705917656632,22.01052899038474,22.1630802154541,68007924,0.0,0.0
2013-07-08 00:00:00-04:00,22.30496803238852,22.480090965795707,22.252133763455493,22.450822830200195,78701220,0.0,0.0
2013-07-09 00:00:00-04:00,22.59742119852672,22.645791799142245,22.274458345630574,22.454544067382812,79096824,0.0,0.0
2013-07-10 00:00:00-04:00,22.410142729268824,22.60089324522548,22.333991879056047,22.473148345947266,68267664,0.0,0.0
2013-07-11 00:00:00-04:00,22.64703539183932,22.84076170850473,22.53590871774983,22.826623916625977,103264632,0.0,0.0
2013-07-12 00:00:00-04:00,22.82066718275627,22.895082473754883,22.702594517713813,22.895082473754883,102625272,0.0,0.0
2013-07-15 00:00:00-04:00,22.927329968472552,23.019108392991058,22.730378328257995,22.93700408935547,78341580,0.0,0.0
2013-07-16 00:00:00-04:00,22.997523888020517,23.01836001663173,22.669354389747916,22.810991287231445,79240680,0.0,0.0
2013-07-17 00:00:00-04:00,22.845471319706654,22.990828896135593,22.72888654623892,22.784698486328125,60183756,0.0,0.0
2013-07-18 00:00:00-04:00,22.795615603345485,22.820669629972485,22.40369553288037,22.58948516845703,145234620,0.0,0.0
2013-07-19 00:00:00-04:00,21.99242596724668,22.39774080625174,21.71957114692386,22.2402286529541,294077628,0.0,0.0
2013-07-22 00:00:00-04:00,22.37417464642158,22.638845103982767,22.250148535610194,22.58997917175293,116011872,0.0,0.0
2013-07-23 00:00:00-04:00,22.589979749992857,22.647031913673214,22.313899609154518,22.418825149536133,81746172,0.0,0.0
2013-07-24 00:00:00-04:00,22.50465434608199,22.580060316724463,22.34193172120552,22.396503448486328,83056860,0.0,0.0
2013-07-25 00:00:00-04:00,22.172509143862854,22.246427206372864,21.979276310136743,22.019460678100586,119923956,0.0,0.0
2013-07-26 00:00:00-04:00,22.00185180847048,22.076267101137372,21.878073357054248,21.961172103881836,71036892,0.0,0.0
2013-07-29 00:00:00-04:00,21.95000974197807,22.196074969775527,21.850540426402496,21.8847713470459,75600324,0.0,0.0
2013-07-30 00:00:00-04:00,21.963900825552017,22.21567184799145,21.85004604851086,22.099336624145508,70153776,0.0,0.0
2013-07-31 00:00:00-04:00,22.150683846188166,22.237996711373892,21.981762009333057,22.02070426940918,86853060,0.0,0.0
2013-08-01 00:00:00-04:00,22.200539091603513,22.437429318266982,22.200539091603513,22.429243087768555,85450464,0.0,0.0
2013-08-02 00:00:00-04:00,22.409894846690207,22.49820215392976,22.344906007572273,22.48753547668457,68487444,0.0,0.0
2013-08-05 00:00:00-04:00,22.45826344451736,22.46148878123417,22.304719645305315,22.448589324951172,52335612,0.0,0.0
2013-08-06 00:00:00-04:00,22.440900050618623,22.565421489643782,22.2186467509569,22.239482879638672,60183756,0.0,0.0
2013-08-07 00:00:00-04:00,22.20152999795639,22.286116628788328,22.05393964632084,22.09263801574707,55112832,0.0,0.0
2013-08-08 00:00:00-04:00,22.21269731168143,22.221378875984247,21.9596841610897,22.142498016357422,59460480,0.0,0.0
2013-08-09 00:00:00-04:00,22.09040396002701,22.213437516001893,22.076513837007397,22.086685180664062,52895052,0.0,0.0
2013-08-12 00:00:00-04:00,21.99962179582116,22.002102242869277,21.869394544625536,21.96514320373535,55024920,0.0,0.0
2013-08-13 00:00:00-04:00,21.997881915566932,22.039306507479576,21.734204018188258,21.859468460083008,56735208,0.0,0.0
2013-08-14 00:00:00-04:00,21.788030367126073,21.83416818461322,21.509965129534205,21.575698852539062,83204712,0.0,0.0
2013-08-15 00:00:00-04:00,21.442496828241623,21.454403728249318,21.28275190665539,21.323928833007812,74693232,0.0,0.0
2013-08-16 00:00:00-04:00,21.364112957470585,21.39288575981068,21.246535629766196,21.255714416503906,66936996,0.0,0.0
2013-08-19 00:00:00-04:00,21.27555776758696,21.630021522218847,21.269108984634098,21.472509384155273,72363564,0.0,0.0
2013-08-20 00:00:00-04:00,21.53948234164921,21.632750531266947,21.42016946429357,21.46680450439453,49270680,0.0,0.0
2013-08-21 00:00:00-04:00,21.596536212475176,21.751815575681956,21.493593895421018,21.563793182373047,70221708,0.0,0.0
2013-08-22 00:00:00-04:00,21.64738745651695,21.698238508286348,21.586616507783802,21.672441482543945,34761204,0.0,0.0
2013-08-23 00:00:00-04:00,21.774633897501463,21.778849900003365,21.574209297846043,21.58561897277832,43040916,0.0,0.0
2013-08-26 00:00:00-04:00,21.58041131882849,21.701955083946736,21.482429904107182,21.490863800048828,42057900,0.0,0.0
2013-08-27 00:00:00-04:00,21.322938804982893,21.424886685605202,21.03222362058833,21.08803367614746,69294636,0.0,0.0
2013-08-28 00:00:00-04:00,21.090516963161146,21.218509542140065,21.028999230112476,21.04834747314453,53142804,0.0,0.0
2013-08-29 00:00:00-04:00,21.061245762213314,21.3417915146099,21.049340750434695,21.21900749206543,59080860,0.0,0.0
2013-08-30 00:00:00-04:00,21.227190573399632,21.283745520391925,20.97417931141068,21.007417678833008,74389536,0.0,0.0
2013-09-03 00:00:00-04:00,21.192463320505944,21.485906610444065,21.18229197596736,21.34178924560547,81822096,0.0,0.0
2013-09-04 00:00:00-04:00,21.341041205756643,21.667229370865233,21.212553321832353,21.6208438873291,81566352,0.0,0.0
2013-09-05 00:00:00-04:00,21.667234074128285,21.82548924075508,21.620351356768786,21.81755256652832,51600348,0.0,0.0
2013-09-06 00:00:00-04:00,21.888985052427493,21.9222253033705,21.673180540745584,21.818044662475586,62401536,0.0,0.0
2013-09-09 00:00:00-04:00,21.9209865092294,22.070314322807487,21.888493034114294,22.02814483642578,49334616,0.0,0.0
2013-09-10 00:00:00-04:00,22.07701170954615,22.126125310527346,21.927683902420892,22.04352378845215,51452496,0.0,0.0
2013-09-11 00:00:00-04:00,22.04029882172836,22.249405001888853,21.97927643395721,22.230056762695312,64359576,0.0,0.0
2013-09-12 00:00:00-04:00,22.26007179454938,22.27247591891852,22.076764510509868,22.15241813659668,43776180,0.0,0.0
2013-09-13 00:00:00-04:00,22.188140529960766,22.21740866957312,21.94852217075344,22.053447723388672,52962984,0.0,0.0
2013-09-16 00:00:00-04:00,22.230304144635195,22.250147716647657,21.94926312802231,22.02094841003418,53406540,0.0,0.0
2013-09-17 00:00:00-04:00,22.012270147122756,22.03657928271588,21.853270099485698,21.980024337768555,50325624,0.0,0.0
2013-09-18 00:00:00-04:00,21.985975199891357,22.423040474800377,21.90461390520449,22.406917572021484,77310612,0.0,0.0
2013-09-19 00:00:00-04:00,22.473147533947643,22.473147533947643,22.210462180546063,22.28462791442871,63852084,0.0,0.0
2013-09-20 00:00:00-04:00,22.284626594208586,22.427008384555815,22.21591709086127,22.40170669555664,173638188,0.0,0.0
2013-09-23 00:00:00-04:00,22.229063348319006,22.364001903226114,21.957446901063783,21.989694595336914,71024904,0.0,0.0
2013-09-24 00:00:00-04:00,21.989694994833272,22.078992958793798,21.863188443048404,21.99812889099121,59412528,0.0,0.0
2013-09-25 00:00:00-04:00,21.990936724448446,21.990936724448446,21.719322144237324,21.759754180908203,65894040,0.0,0.0
2013-09-26 00:00:00-04:00,21.786294964354614,21.896678625416524,21.704438331377574,21.783071517944336,50345604,0.0,0.0
2013-09-27 00:00:00-04:00,21.69997226660861,21.766948108178212,21.61290896620434,21.73891830444336,50301648,0.0,0.0
2013-09-30 00:00:00-04:00,21.557595471411155,21.849303227501814,21.53849489485466,21.727014541625977,68827104,0.0,0.0
2013-10-01 00:00:00-04:00,21.834667943898875,22.01872202750619,21.82970704988035,22.00210189819336,67324608,0.0,0.0
2013-10-02 00:00:00-04:00,21.896180302163266,22.060638450114308,21.774386970334117,22.026655197143555,59752188,0.0,0.0
2013-10-03 00:00:00-04:00,22.02690229106997,22.178213311796323,21.632501836678255,21.731473922729492,84595320,0.0,0.0
2013-10-04 00:00:00-04:00,21.70443995813869,21.766700688425882,21.580415721300053,21.638708114624023,54265680,0.0,0.0
2013-10-07 00:00:00-04:00,21.517160039570403,21.679385409703364,21.434310852791157,21.474742889404297,51692256,0.0,0.0
2013-10-08 00:00:00-04:00,21.46432597421588,21.480696544138667,21.124742993687903,21.17534637451172,77670252,0.0,0.0
2013-10-09 00:00:00-04:00,21.240088581807225,21.398096067503566,20.91018159590205,21.22966957092285,105945948,0.0,0.0
2013-10-10 00:00:00-04:00,21.42761496947572,21.551391529236003,21.33757210691725,21.53675651550293,90121788,0.0,0.0
2013-10-11 00:00:00-04:00,21.481939862283497,21.666736947189463,21.46383184273048,21.629777908325195,56299644,0.0,0.0
2013-10-14 00:00:00-04:00,21.497567637122827,21.735448559411562,21.46606482519428,21.731975555419922,49694256,0.0,0.0
2013-10-15 00:00:00-04:00,21.723290901361437,21.968115906231095,21.679633526963187,21.87832260131836,63612324,0.0,0.0
2013-10-16 00:00:00-04:00,21.974068220704638,22.28313904784711,21.927930401990402,22.275697708129883,80223696,0.0,0.0
2013-10-17 00:00:00-04:00,22.150683726785864,22.247670712470708,21.970597989272726,22.0465030670166,170093736,0.0,0.0
2013-10-18 00:00:00-04:00,24.2241373744257,25.188560400066656,24.160141092346525,25.088098526000977,462193344,0.0,0.0
2013-10-21 00:00:00-04:00,25.08934024197704,25.276371987033816,24.79391183366183,24.886932373046875,144986868,0.0,0.0
2013-10-22 00:00:00-04:00,24.929097427208443,25.127536938996442,24.700642998696807,24.97870635986328,88255656,0.0,0.0
2013-10-23 00:00:00-04:00,24.829879411145537,25.667051004784156,24.82070062361064,25.58420181274414,106421472,0.0,0.0
2013-10-24 00:00:00-04:00,25.595611929825097,25.81141647745688,25.42023942206868,25.4388427734375,83600316,0.0,0.0
2013-10-25 00:00:00-04:00,25.519959242500875,25.519959242500875,25.071484193242632,25.182113647460938,81138780,0.0,0.0
2013-10-28 00:00:00-04:00,25.182111620167884,25.38625693947876,25.12729223066299,25.17715072631836,46301652,0.0,0.0
2013-10-29 00:00:00-04:00,25.278845954405412,25.72136932011671,25.139939063434422,25.70400619506836,64135800,0.0,0.0
2013-10-30 00:00:00-04:00,25.733527404285862,25.735512517939338,25.45000590995884,25.559642791748047,52911036,0.0,0.0
2013-10-31 00:00:00-04:00,25.52268462783876,25.834980827878418,25.39965106056582,25.563613891601562,65534400,0.0,0.0
2013-11-01 00:00:00-04:00,25.59362646407603,25.69805477974349,25.427678534536838,25.475801467895508,51280668,0.0,0.0
2013-11-04 00:00:00-05:00,25.58643042586011,25.608011445507582,25.351527218660948,25.45273208618164,45506448,0.0,0.0
2013-11-05 00:00:00-05:00,25.309856270683593,25.590152421155192,25.237176535135806,25.338878631591797,47208744,0.0,0.0
2013-11-06 00:00:00-05:00,25.44008318461205,25.474809438176113,25.18632706093927,25.369386672973633,36479484,0.0,0.0
2013-11-07 00:00:00-05:00,25.36591612624096,25.39865915753993,24.994582662213407,25.002273559570312,67116816,0.0,0.0
2013-11-08 00:00:00-05:00,25.022116697089537,25.263965921629556,25.01591558035141,25.20269775390625,51580368,0.0,0.0
2013-11-11 00:00:00-05:00,25.040972774180375,25.200220497108354,25.003516511873304,25.067760467529297,44459496,0.0,0.0
2013-11-12 00:00:00-05:00,24.996073716065798,25.24065107057836,24.92909976012987,25.097278594970703,48675276,0.0,0.0
2013-11-13 00:00:00-05:00,24.97250931552932,25.61992106790913,24.96630819840572,25.61049461364746,63112824,0.0,0.0
2013-11-14 00:00:00-05:00,25.64646350919688,25.7910762103015,25.557908529921665,25.678956985473633,46621332,0.0,0.0
2013-11-15 00:00:00-05:00,25.670026645975277,25.7476672774188,25.556914869156067,25.637531280517578,51000948,0.0,0.0
2013-11-18 00:00:00-05:00,25.69185766731111,26.014075675458418,25.53037716336008,25.587677001953125,70317612,0.0,0.0
2013-11-19 00:00:00-05:00,25.591890585048507,25.667050769415894,25.376830933373405,25.43016242980957,45218736,0.0,0.0
2013-11-20 00:00:00-05:00,25.54798500425573,25.632569750268456,25.310104112831823,25.35847282409668,38509452,0.0,0.0
2013-11-21 00:00:00-05:00,25.47480832827329,25.75535402013481,25.450003862522514,25.65018081665039,43628328,0.0,0.0
2013-11-22 00:00:00-05:00,25.634059076262464,25.702273255785464,25.52987841711735,25.596107482910156,50117832,0.0,0.0
2013-11-25 00:00:00-05:00,25.726826380115046,26.124452165768027,25.673744446558025,25.944366455078125,64455480,0.0,0.0
2013-11-26 00:00:00-05:00,26.010599649704794,26.33058484024397,25.870202961721024,26.253936767578125,91360548,0.0,0.0
2013-11-27 00:00:00-05:00,26.343730059078432,26.49181574310014,26.293376237862084,26.370519638061523,44899056,0.0,0.0
2013-11-29 00:00:00-05:00,26.346959357924955,26.45758880319776,26.279735843235553,26.2832088470459,47664288,0.0,0.0
2013-12-02 00:00:00-05:00,26.38044486706578,26.450889936420804,26.064180328218562,26.15645408630371,54873072,0.0,0.0
2013-12-03 00:00:00-05:00,26.068890357305882,26.378706074388376,26.02101698226568,26.126190185546875,66976956,0.0,0.0
2013-12-04 00:00:00-05:00,26.0793119683483,26.392103518954006,26.045328710131848,26.24823570251465,47616336,0.0,0.0
2013-12-05 00:00:00-05:00,26.223919210230036,26.284941596704055,26.072362417798793,26.227394104003906,45302652,0.0,0.0
2013-12-06 00:00:00-05:00,26.536217155591316,26.541425715064555,26.29535861899203,26.53820037841797,57094848,0.0,0.0
2013-12-09 00:00:00-05:00,26.565987615331547,26.846781015931864,26.492315316045293,26.743343353271484,59244696,0.0,0.0
2013-12-10 00:00:00-05:00,26.693979946524866,27.09482921605162,26.68157582219288,26.905071258544922,74081844,0.0,0.0
2013-12-11 00:00:00-05:00,26.973036075992578,27.070272614223818,26.669671008308594,26.722257614135742,68403528,0.0,0.0
2013-12-12 00:00:00-05:00,26.778812014204778,26.86240609351994,26.516623880644392,26.540435791015625,63796140,0.0,0.0
2013-12-13 00:00:00-05:00,26.67537726707295,26.69745173123151,26.241040064915133,26.312973022460938,86409504,0.0,0.0
2013-12-16 00:00:00-05:00,26.392598251813826,26.657764060690933,26.343235092520953,26.615346908569336,64015920,0.0,0.0
2013-12-17 00:00:00-05:00,26.611375150319446,26.8083267572958,26.50124105948383,26.537952423095703,61366572,0.0,0.0
2013-12-18 00:00:00-05:00,26.587313902229837,26.912261842026073,26.269561525882256,26.90730094909668,88323588,0.0,0.0
2013-12-19 00:00:00-05:00,26.80857752897249,27.086892348965875,26.766657601088614,26.943767547607422,66561372,0.0,0.0
2013-12-20 00:00:00-05:00,26.995362684983697,27.314602998346647,26.98791945390368,27.300960540771484,130333536,0.0,0.0
2013-12-23 00:00:00-05:00,27.480053335970048,27.67750030409551,27.412584048729958,27.660137176513672,68795136,0.0,0.0
2013-12-24 00:00:00-05:00,27.656908139786538,27.66360647959417,27.48649844266534,27.579269409179688,29338632,0.0,0.0
2013-12-26 00:00:00-05:00,27.633098313309894,27.756874869967724,27.50113552646528,27.71867561340332,53458488,0.0,0.0
2013-12-27 00:00:00-05:00,27.781680078473258,27.78862419446238,27.606555258415373,27.74199104309082,62725212,0.0,0.0
2013-12-30 00:00:00-05:00,27.79011791041221,27.794086247337162,27.50932451509666,27.52023696899414,49394556,0.0,0.0
2013-12-31 00:00:00-05:00,27.58919475976519,27.80648719186295,27.440859504554457,27.799293518066406,54261684,0.0,0.0
2014-01-02 00:00:00-05:00,27.669067692440365,27.72587219544156,27.490471733560288,27.611024856567383,72783144,0.0,0.0
2014-01-03 00:00:00-05:00,27.657657290113594,27.7055306705073,27.40787137703418,27.40960693359375,66601332,0.0,0.0
2014-01-06 00:00:00-05:00,27.608297369411897,27.753405407678596,27.445327088033604,27.715206146240234,70701228,0.0,0.0
2014-01-07 00:00:00-05:00,27.905706996818097,28.27009446129408,27.810455571384455,28.2495059967041,102001896,0.0,0.0
2014-01-08 00:00:00-05:00,28.426610804845314,28.459353833076978,28.111338869694084,28.308290481567383,89610300,0.0,0.0
2014-01-09 00:00:00-05:00,28.36311303064938,28.382461271792664,27.91959893664465,28.035686492919922,83296620,0.0,0.0
2014-01-10 00:00:00-05:00,28.2549641976951,28.2549641976951,27.83749290197712,28.034198760986328,85654260,0.0,0.0
2014-01-13 00:00:00-05:00,27.942168320772243,28.449183323099184,27.711481117192054,27.855600357055664,96659244,0.0,0.0
2014-01-14 00:00:00-05:00,28.226929490828223,28.55063721625881,27.982352169074154,28.510948181152344,99204696,0.0,0.0
2014-01-15 00:00:00-05:00,28.59999857539233,28.64985706333141,28.371791821878663,28.491600036621094,77929992,0.0,0.0
2014-01-16 00:00:00-05:00,28.503509649447167,28.7225376372579,28.476224734900295,28.68012237548828,67288644,0.0,0.0
2014-01-17 00:00:00-05:00,28.695749661369373,28.78951320160385,28.381967454770802,28.538982391357422,107943948,0.0,0.0
2014-01-21 00:00:00-05:00,28.79695212969703,28.873104868566248,28.55808057431848,28.865663528442383,79116804,0.0,0.0
2014-01-22 00:00:00-05:00,28.937844553820927,28.96959502628575,28.745606162659328,28.898405075073242,62793144,0.0,0.0
2014-01-23 00:00:00-05:00,28.773886740651445,28.835650245297327,28.634233045675106,28.7763671875,77886036,0.0,0.0
2014-01-24 00:00:00-05:00,28.550887404211057,28.613893020405396,27.856097631918576,27.876686096191406,155544300,0.0,0.0
2014-01-27 00:00:00-05:00,27.932992987818956,27.942914774689342,26.845785967081195,27.316089630126953,173969856,0.0,0.0
2014-01-28 00:00:00-05:00,27.541571373521712,27.924314554100913,27.532144918704564,27.856348037719727,88319592,0.0,0.0
2014-01-29 00:00:00-05:00,27.759855515321767,27.825092025505995,27.271196128916,27.457233428955078,95100804,0.0,0.0
2014-01-30 00:00:00-05:00,28.40180736229662,28.587596971580997,27.96151674809913,28.163429260253906,203452344,0.0,0.0
2014-01-31 00:00:00-05:00,29.055422521387225,29.432212220833073,28.553863701253118,29.294048309326172,222429348,0.0,0.0
2014-02-03 00:00:00-05:00,29.250140858839682,29.312649247319584,28.079589374989016,28.11481285095215,182581236,0.0,0.0
2014-02-04 00:00:00-05:00,28.22792169399914,28.64985660930482,28.20361445263428,28.232139587402344,112363524,0.0,0.0
2014-02-05 00:00:00-05:00,28.361622313538565,28.5449314718353,27.980616650802514,28.35715675354004,95684220,0.0,0.0
2014-02-06 00:00:00-05:00,28.553862130213336,28.77785289161131,28.46505949296202,28.772891998291016,77786136,0.0,0.0
2014-02-07 00:00:00-05:00,28.963150516548946,29.217897333476742,28.787778001909896,29.20648765563965,105342552,0.0,0.0
2014-02-10 00:00:00-05:00,29.066582335428958,29.329517238338745,28.997625163460164,29.094614028930664,77730192,0.0,0.0
2014-02-11 00:00:00-05:00,29.27420298865484,29.564420918300417,29.076754141785802,29.52250099182129,81949968,0.0,0.0
2014-02-12 00:00:00-05:00,29.493228169346256,29.518032633481482,29.304213237117036,29.435928344726562,68911020,0.0,0.0
2014-02-13 00:00:00-05:00,29.288592014639487,29.76361083984375,29.261554764756916,29.76361083984375,73382544,0.0,0.0
2014-02-14 00:00:00-05:00,29.657192494535103,29.87498214270095,29.587490429823536,29.835540771484375,87380532,0.0,0.0
2014-02-18 00:00:00-05:00,29.80106175131092,30.085328123116067,29.766085940894552,30.035964965820312,84271644,0.0,0.0
2014-02-19 00:00:00-05:00,29.89755565856343,29.994792200050814,29.70407513244589,29.824132919311523,84059856,0.0,0.0
2014-02-20 00:00:00-05:00,29.84397480270163,29.936993444920063,29.771544624411955,29.8680362701416,67963968,0.0,0.0
2014-02-21 00:00:00-05:00,29.959814868415695,30.01091358342017,29.836533641243435,29.860097885131836,74417508,0.0,0.0
2014-02-24 00:00:00-05:00,29.899041241584793,30.26615680010264,29.892592458387135,30.076398849487305,66905028,0.0,0.0
2014-02-25 00:00:00-05:00,30.161480323023284,30.37381186054075,30.0245566361462,30.262189865112305,57490452,0.0,0.0
2014-02-26 00:00:00-05:00,30.36140886147077,30.482457307824593,30.107405068312755,30.26640510559082,79208712,0.0,0.0
2014-02-27 00:00:00-05:00,30.22225296748806,30.367115217472865,30.188022045986358,30.24259376525879,50349600,0.0,0.0
2014-02-28 00:00:00-05:00,30.270624470744817,30.366123564375393,29.92037668132612,30.15428924560547,92451456,0.0,0.0
2014-03-03 00:00:00-05:00,29.93352280401523,29.96056005170009,29.571118568544797,29.832813262939453,84107808,0.0,0.0
2014-03-04 00:00:00-05:00,30.13816188774217,30.16296635395653,30.001735432978894,30.135929107666016,58649292,0.0,0.0
2014-03-05 00:00:00-05:00,30.139402714940836,30.33858901061979,30.049112187410294,30.219026565551758,49362588,0.0,0.0
2014-03-06 00:00:00-05:00,30.318744856177126,30.414741171431242,30.227461767918612,30.25251579284668,50673276,0.0,0.0
2014-03-07 00:00:00-05:00,30.43086439658184,30.43557762362717,30.049858692614208,30.13295555114746,60543396,0.0,0.0
2014-03-10 00:00:00-04:00,30.155277046584956,30.20364764580451,29.867537679032914,30.053081512451172,48535416,0.0,0.0
2014-03-11 00:00:00-04:00,30.107652495789495,30.121294952596045,29.68274176827715,29.765838623046875,68451480,0.0,0.0
2014-03-12 00:00:00-04:00,29.67678828405623,29.960806992313362,29.37391855907763,29.94716453552246,78493428,0.0,0.0
2014-03-13 00:00:00-04:00,29.963288578019704,30.026541861584562,29.388059356707465,29.494720458984375,93730176,0.0,0.0
2014-03-14 00:00:00-04:00,29.319347810540716,29.539617911814865,29.08469225234397,29.091388702392578,91664244,0.0,0.0
2014-03-17 00:00:00-04:00,29.25138252202759,29.69340871382992,29.223103160780653,29.570127487182617,86397516,0.0,0.0
2014-03-18 00:00:00-04:00,29.633877036161433,30.052091330803307,29.59394033033113,30.045392990112305,72527400,0.0,0.0
2014-03-19 00:00:00-04:00,30.058787842616148,30.063501069648876,29.627428313438024,29.74748420715332,64451484,0.0,0.0
2014-03-20 00:00:00-04:00,29.764847315043447,30.00446565977416,29.650992538398008,29.695642471313477,67320612,0.0,0.0
2014-03-21 00:00:00-04:00,29.9226104064299,30.00496237821549,29.330761026980145,29.345396041870117,128211660,0.0,0.0
2014-03-24 00:00:00-04:00,29.373918012659754,29.391528805708994,28.425372151204453,28.722536087036133,121362516,0.0,0.0
2014-03-25 00:00:00-04:00,28.922715177326477,29.017966604140177,28.451420827494125,28.742136001586914,96311592,0.0,0.0
2014-03-26 00:00:00-04:00,28.823741604160958,29.060879492788217,28.06694067921026,28.078598022460938,103096800,0.0,0.0
2014-03-27 00:00:00-04:00,28.050817861686085,28.077855110725213,27.3376723702658,27.639799118041992,152735112,0.0,0.0
2014-03-28 00:00:00-04:00,27.756875270474644,28.108860486572905,27.72636501997569,27.785402297973633,90265644,0.0,0.0
2014-03-31 00:00:00-04:00,28.0396549165767,28.15375735954529,27.604325161256618,27.6455020904541,77614308,0.0,0.0
2014-04-01 00:00:00-04:00,27.788375815870804,28.215766954619642,27.73206854628066,28.15102767944336,87152760,0.0,0.0
2014-04-02 00:00:00-04:00,28.324914630801832,28.396849480281976,27.88090329962861,28.156240463256836,83360556,0.0,0.0
2014-04-03 00:00:00-04:00,28.41751582081989,29.156463965325734,28.05175958277787,28.3238468170166,80366000,0.0,1.998
2014-04-04 00:00:00-04:00,28.673247293734136,28.73123340704559,26.985216349079916,27.02288246154785,107274000,0.0,0.0
2014-04-07 00:00:00-04:00,27.000082980236144,27.25085953583833,26.2933504257822,26.79391098022461,79232000,0.0,0.0
2014-04-08 00:00:00-04:00,27.012971573935626,27.747953303640035,26.995625461382506,27.630495071411133,69650000,0.0,0.0
2014-04-09 00:00:00-04:00,28.04333397648029,28.14047220516956,27.524930050414063,28.102806091308594,60632000,0.0,0.0
2014-04-10 00:00:00-04:00,28.150383059360237,28.160790726172603,27.03527103938975,27.094247817993164,65890000,0.0,0.0
2014-04-11 00:00:00-04:00,26.66059213987928,27.138851352729603,26.435588033846702,26.65167236328125,63494000,0.0,0.0
2014-04-14 00:00:00-04:00,26.944081921955284,27.407967062905104,26.788460354614482,27.020404815673828,50824000,0.0,0.0
2014-04-15 00:00:00-04:00,27.307855740511403,27.40152663975115,26.298803532528257,27.193866729736328,79956000,0.0,0.0
2014-04-16 00:00:00-04:00,27.639912613643514,27.952144536295094,27.411934589744998,27.947187423706055,91644000,0.0,0.0
2014-04-17 00:00:00-04:00,27.57151665583406,27.60521821267974,26.732951743021967,26.928220748901367,112294000,0.0,0.0
2014-04-21 00:00:00-04:00,26.960932193881032,26.960932193881032,26.46532683657134,26.73146629333496,48502000,0.0,0.0
2014-04-22 00:00:00-04:00,26.564448992034603,27.159175857053054,26.564448992034603,27.035274505615234,46622000,0.0,0.0
2014-04-23 00:00:00-04:00,26.944575674108055,27.0005785630126,26.17440455605994,26.6392822265625,39114000,0.0,0.0
2014-04-24 00:00:00-04:00,26.8464442232807,26.886588889854863,26.316642009688746,26.487131118774414,41348000,0.0,0.0
2014-04-25 00:00:00-04:00,26.379094132217975,26.458390921345238,25.895382395132472,25.925119400024414,47400000,0.0,0.0
2014-04-28 00:00:00-04:00,26.058931838177546,26.063887060129936,25.325434210647458,25.919170379638672,75056000,0.0,0.0
2014-04-29 00:00:00-04:00,25.964270085143234,26.651675257803817,25.920160858689155,26.58080291748047,50704000,0.0,0.0
2014-04-30 00:00:00-04:00,26.52083339229714,26.581296169751923,26.221983055515626,26.50893783569336,40770000,0.0,0.0
2014-05-01 00:00:00-04:00,26.4777167064395,26.758230285626745,26.408827589758513,26.689836502075195,40086000,0.0,0.0
2014-05-02 00:00:00-04:00,26.834058454044477,26.881636903728715,26.42914818917232,26.458885192871094,35616000,0.0,0.0
2014-05-05 00:00:00-04:00,26.27897979903969,26.550571723903666,26.1471493377208,26.5312442779541,24568000,0.0,0.0
2014-05-06 00:00:00-04:00,26.436085520299148,26.49258563588747,25.883486598254304,25.898849487304688,36700000,0.0,0.0
2014-05-07 00:00:00-04:00,25.932553059050107,25.991034511658782,25.329897086344296,25.672359466552734,61486000,0.0,0.0
2014-05-08 00:00:00-04:00,25.559357284761234,26.13574727956379,25.496911285665448,25.7799015045166,49040000,0.0,0.0
2014-05-09 00:00:00-04:00,25.704575172059524,26.135751345211524,25.48799547386921,26.099571228027344,45224000,0.0,0.0
2014-05-12 00:00:00-04:00,26.358275166215954,26.700739415991322,26.14367870562977,26.684879302978516,38968000,0.0,0.0
2014-05-13 00:00:00-04:00,26.741873919602728,26.9604349289878,26.658612582694126,26.839012145996094,40240000,0.0,0.0
2014-05-14 00:00:00-04:00,26.852887511582413,26.852887511582413,26.42121607213036,26.485645294189453,25618000,0.0,0.0
2014-05-15 00:00:00-04:00,26.422706179967598,26.465329409439907,26.034646678603362,26.223472595214844,36658000,0.0,0.0
2014-05-16 00:00:00-04:00,26.247258143011546,26.30871347692482,25.948407807760425,26.182830810546875,38154000,0.0,0.0
2014-05-19 00:00:00-04:00,26.2115755909922,26.730474823103464,26.05199136647355,26.704702377319336,39530000,0.0,0.0
2014-05-20 00:00:00-04:00,26.762685514612453,27.077394040195784,26.592693642174915,26.782014846801758,48506000,0.0,0.0
2014-05-21 00:00:00-04:00,26.906415480163474,27.2459039421935,26.8672614769522,27.243427276611328,31294000,0.0,0.0
2014-05-22 00:00:00-04:00,27.367330182204984,27.652798992106646,27.307856174311432,27.528400421142578,42994000,0.0,0.0
2014-05-23 00:00:00-04:00,27.661221325047684,28.001702337378234,27.46496165138451,27.942230224609375,53450000,0.0,0.0
2014-05-27 00:00:00-04:00,28.139477913368637,28.490861892700195,27.95957370210622,28.490861892700195,43716000,0.0,0.0
2014-05-28 00:00:00-04:00,28.475999315847933,28.62914044394867,28.247028732832597,28.271808624267578,31632000,0.0,0.0
2014-05-29 00:00:00-04:00,28.417518531830694,28.421978420841732,28.17268972002891,28.27726173400879,28222000,0.0,0.0
2014-05-30 00:00:00-04:00,28.33078823617269,28.377374131117538,28.040857635983286,28.331283569335938,37434000,0.0,0.0
2014-06-02 00:00:00-04:00,28.237116842895652,28.26982773694929,27.590351646157636,27.968994140625,33210000,0.0,0.0
2014-06-03 00:00:00-04:00,27.798501372769028,27.872842924056577,27.38367884401267,27.481809616088867,40626000,0.0,0.0
2014-06-04 00:00:00-04:00,27.333624101163295,27.683522083112837,27.18692421944369,27.444639205932617,34582000,0.0,0.0
2014-06-05 00:00:00-04:00,27.61066966007904,28.001703017583342,27.508576210619626,27.998233795166016,35868000,0.0,0.0
2014-06-06 00:00:00-04:00,28.158314192284642,28.190032525968046,27.733083959700064,28.052749633789062,34804000,0.0,0.0
2014-06-09 00:00:00-04:00,28.08843614697491,28.348629742656005,28.01260857997756,28.285688400268555,30594000,0.0,0.0
2014-06-10 00:00:00-04:00,28.189040017912284,28.34862613397464,28.057704903879515,28.165252685546875,29676000,0.0,0.0
2014-06-11 00:00:00-04:00,28.04729661048187,28.19845638869357,27.936281499585714,28.12560272216797,22580000,0.0,0.0
2014-06-12 00:00:00-04:00,28.10082427430748,28.10082427430748,27.61265269248862,27.7291202545166,30930000,0.0,0.0
2014-06-13 00:00:00-04:00,27.757864400107493,27.78611351206495,27.44266049883035,27.7712459564209,27066000,0.0,0.0
2014-06-16 00:00:00-04:00,27.61760806054493,27.65428350771964,27.258294929077227,27.372283935546875,39436000,0.0,0.0
2014-06-17 00:00:00-04:00,27.37525767237405,27.443651453991805,27.132907438019323,27.28902244567871,29552000,0.0,0.0
2014-06-18 00:00:00-04:00,27.39706419424299,27.823285114090655,27.336601413074945,27.786611557006836,41212000,0.0,0.0
2014-06-19 00:00:00-04:00,27.81089545411238,28.00170268479767,27.588863331457823,28.00120735168457,52548000,0.0,0.0
2014-06-20 00:00:00-04:00,28.07356668143186,28.08942490394955,27.722677985337707,28.077035903930664,63212000,0.0,0.0
2014-06-23 00:00:00-04:00,27.969488595587976,28.469553833905582,27.927360704012337,28.462120056152344,34456000,0.0,0.0
2014-06-24 00:00:00-04:00,28.458648520776443,28.856618389456443,28.207871977049532,28.37538719177246,56886000,0.0,0.0
2014-06-25 00:00:00-04:00,28.42544446649606,29.106901819008982,28.411072244167727,29.039003372192383,42294000,0.0,0.0
2014-06-26 00:00:00-04:00,29.20602467895969,29.22089223511014,28.72528686386098,28.981515884399414,40248000,0.0,0.0
2014-06-27 00:00:00-04:00,29.01521358953493,29.135645701726386,28.874958700678626,29.027109146118164,40426000,0.0,0.0
2014-06-30 00:00:00-04:00,29.080140026087932,29.127223141202823,28.908164902280078,28.976558685302734,29578000,0.0,0.0
2014-07-01 00:00:00-04:00,29.12424804205141,29.42210771901488,29.05684681866424,29.314559936523438,32864000,0.0,0.0
2014-07-02 00:00:00-04:00,29.352725975448806,29.44639498670267,29.19660906610782,29.279375076293945,23916000,0.0,0.0
2014-07-03 00:00:00-04:00,29.32496826356699,29.45134815981616,29.191156479990706,29.393362045288086,17978000,0.0,0.0
2014-07-07 00:00:00-04:00,29.414673573209008,29.520731573889528,29.138619899827315,29.27838134765625,26734000,0.0,0.0
2014-07-08 00:00:00-04:00,29.060813281227396,29.140110066676687,28.447749666054133,28.665815353393555,42504000,0.0,0.0
2014-07-09 00:00:00-04:00,28.69307153462549,28.948307983552564,28.596428644072212,28.911632537841797,27456000,0.0,0.0
2014-07-10 00:00:00-04:00,28.398185858471034,29.00530353976441,28.353581301847786,28.747093200683594,28724000,0.0,0.0
2014-07-11 00:00:00-04:00,28.794669728446415,29.152994070975915,28.773854394747705,29.074687957763672,30232000,0.0,0.0
2014-07-14 00:00:00-04:00,29.270453032231423,29.481580263715813,29.076670022014824,29.45184326171875,39032000,0.0,0.0
2014-07-15 00:00:00-04:00,29.495953472812804,29.503387250914592,29.0082772110231,29.392372131347656,33476000,0.0,0.0
2014-07-16 00:00:00-04:00,29.58218641368974,29.58763885885436,29.25310563605836,29.271442413330078,28816000,0.0,0.0
2014-07-17 00:00:00-04:00,29.189667102909084,29.21593488140364,28.588994435014047,28.785749435424805,58706000,0.0,0.0
2014-07-18 00:00:00-04:00,29.885499679345365,30.068377809344852,29.286312950199612,29.989578247070312,97432000,0.0,0.0
2014-07-21 00:00:00-04:00,29.803225560098774,29.942491670585728,29.461258564473155,29.659006118774414,44758000,0.0,0.0
2014-07-22 00:00:00-04:00,29.721453979275392,30.176914668884304,29.699646088134973,29.913251876831055,37632000,0.0,0.0
2014-07-23 00:00:00-04:00,29.837920143137914,30.085722810986578,29.80322603030153,29.993539810180664,22120000,0.0,0.0
2014-07-24 00:00:00-04:00,30.010395773845,30.177909135783416,29.785885066011154,29.885501861572266,27100000,0.0,0.0
2014-07-25 00:00:00-04:00,29.699150894297205,29.785881454397636,29.525689774096346,29.641164779663086,27200000,0.0,0.0
2014-07-28 00:00:00-04:00,29.62481424191647,29.790841601103036,29.36908053362103,29.687755584716797,27162000,0.0,0.0
2014-07-29 00:00:00-04:00,29.62233349146035,29.661485605226698,29.34826302334249,29.436481475830078,27332000,0.0,0.0
2014-07-30 00:00:00-04:00,29.528665055201103,29.659504846486648,29.374531372223665,29.510326385498047,24302000,0.0,0.0
2014-07-31 00:00:00-04:00,29.189172517294168,29.339341633405613,28.63013050173427,28.722808837890625,46190000,0.0,0.0
2014-08-01 00:00:00-04:00,28.673245397799864,28.915100278338215,28.26437063302062,28.427921295166016,44266000,0.0,0.0
2014-08-04 00:00:00-04:00,28.5721457177408,28.934432744703624,28.36151381325471,28.857614517211914,30388000,0.0,0.0
2014-08-05 00:00:00-04:00,28.714382675416477,28.755022677169872,28.264867881180518,28.40512466430664,32876000,0.0,0.0
2014-08-06 00:00:00-04:00,28.22472709462937,28.677709252573514,28.123127083077073,28.472034454345703,26456000,0.0,0.0
2014-08-07 00:00:00-04:00,28.549345159541687,28.66135282760819,28.221255047150876,28.339208602905273,23260000,0.0,0.0
2014-08-08 00:00:00-04:00,28.349618897874606,28.723306157551058,28.200937661375338,28.643016815185547,29866000,0.0,0.0
2014-08-11 00:00:00-04:00,28.695550502861188,28.729747392986692,28.512175162257847,28.60881805419922,24068000,0.0,0.0
2014-08-12 00:00:00-04:00,28.49730956902097,28.541914129187166,28.24504698827517,28.354576110839844,27890000,0.0,0.0
2014-08-13 00:00:00-04:00,28.569169247758413,29.048914462278134,28.507218582000565,28.971105575561523,37988000,0.0,0.0
2014-08-14 00:00:00-04:00,29.07666964455618,29.13168186865675,28.790705523971287,28.975566864013672,25458000,0.0,0.0
2014-08-15 00:00:00-04:00,29.116815108047145,29.214448668929702,28.782777198893086,28.928979873657227,34468000,0.0,0.0
2014-08-18 00:00:00-04:00,29.096989212401343,29.490996442900578,29.069730767309633,29.374528884887695,29320000,0.0,0.0
2014-08-19 00:00:00-04:00,29.517757833116164,29.627782280309198,29.460764277114357,29.593090057373047,20864000,0.0,0.0
2014-08-20 00:00:00-04:00,29.58516154556923,29.58714476859903,29.389397203274992,29.508838653564453,19346000,0.0,0.0
2014-08-21 00:00:00-04:00,29.483561681596633,29.500907792386794,29.29523112831471,29.36065101623535,22640000,0.0,0.0
2014-08-22 00:00:00-04:00,29.402778258977673,29.488022817288496,29.23080314304728,29.366600036621094,17544000,0.0,0.0
2014-08-25 00:00:00-04:00,29.47711807668748,29.51726085208138,29.20403830635609,29.268962860107422,25912000,0.0,0.0
2014-08-26 00:00:00-04:00,29.339836157774315,29.342314713808502,29.11433482327114,29.147541046142578,29434000,0.0,0.0
2014-08-27 00:00:00-04:00,29.132174947173755,29.209490389145113,28.789712629674455,28.893789291381836,27292000,0.0,0.0
2014-08-28 00:00:00-04:00,28.746099716536346,28.978539492812672,28.64003982837955,28.760969161987305,28116000,0.0,0.0
2014-08-29 00:00:00-04:00,28.861578565197473,28.88883701136049,28.657885109236187,28.86207389831543,24122000,0.0,0.0
2014-09-02 00:00:00-04:00,28.89131488686213,29.206025363711202,28.86405833014208,29.172819137573242,31660000,0.0,0.0
2014-09-03 00:00:00-04:00,29.32645569035425,29.463243251636186,29.067254680854656,29.21692657470703,31580000,0.0,0.0
2014-09-04 00:00:00-04:00,29.346280489457303,29.63719983445246,29.270452930683042,29.39633560180664,32616000,0.0,0.0
2014-09-05 00:00:00-04:00,29.49496377873315,29.661981796717466,29.416657658349955,29.626298904418945,35982000,0.0,0.0
2014-09-08 00:00:00-04:00,29.693698324017866,29.91077332138611,29.63818887873678,29.817102432250977,31984000,0.0,0.0
2014-09-09 00:00:00-04:00,29.74969979106996,29.766055234964707,29.264502153143276,29.338346481323242,31424000,0.0,0.0
2014-09-10 00:00:00-04:00,29.326954033034006,29.425084825506175,29.09897600122496,29.410215377807617,23202000,0.0,0.0
2014-09-11 00:00:00-04:00,29.24071645785247,29.337359352525738,29.0444567792043,29.29572868347168,30028000,0.0,0.0
2014-09-12 00:00:00-04:00,29.260046150196818,29.314065819651947,28.907669567710062,28.987958908081055,37030000,0.0,0.0
2014-09-15 00:00:00-04:00,28.85612633206438,28.939387670519977,28.596925315633854,28.826391220092773,30908000,0.0,0.0
2014-09-16 00:00:00-04:00,28.792192611324207,29.248148613144537,28.792192611324207,29.18025016784668,31592000,0.0,0.0
2014-09-17 00:00:00-04:00,29.216434327821137,29.541550596178567,29.097985422542596,29.403772354125977,34390000,0.0,0.0
2014-09-18 00:00:00-04:00,29.490998266967896,29.61539494341945,29.390388924221217,29.601022720336914,29890000,0.0,0.0
2014-09-19 00:00:00-04:00,29.711045647720223,30.003948211669922,29.625305756173347,30.003948211669922,83832000,0.0,0.0
2014-09-22 00:00:00-04:00,29.86022374070508,29.924652968596394,29.395346036681413,29.601022720336914,35644000,0.0,0.0
2014-09-23 00:00:00-04:00,29.488521305695286,29.57029665045138,29.252612273143164,29.2992000579834,28074000,0.0,0.0
2014-09-24 00:00:00-04:00,29.318529620475363,29.74177668079232,29.25558638808201,29.658018112182617,35160000,0.0,0.0
2014-09-25 00:00:00-04:00,29.587142975424946,29.640667306972876,28.980025317377105,29.00530242919922,33420000,0.0,0.0
2014-09-26 00:00:00-04:00,29.03900699560808,29.219408468630093,28.992916433668846,29.136642456054688,25782000,0.0,0.0
2014-09-29 00:00:00-04:00,28.835805563806545,29.20651891202636,28.82292123123419,29.132177352905273,22874000,0.0,0.0
2014-09-30 00:00:00-04:00,29.11631960113076,29.290276054217447,28.96813370418919,29.161914825439453,31430000,0.0,0.0
2014-10-01 00:00:00-04:00,29.082120860419895,29.177277749084865,28.64697830765435,28.72677230834961,28954000,0.0,0.0
2014-10-02 00:00:00-04:00,28.645991454643216,28.905689710117166,28.450227096736043,28.788726806640625,30726000,0.0,0.0
2014-10-03 00:00:00-04:00,28.948309653003125,29.15596766827684,28.918572650123973,29.05486488342285,24290000,0.0,0.0
2014-10-06 00:00:00-04:00,29.238237421610844,29.35966209494261,29.01273796793715,29.130691528320312,25722000,0.0,0.0
2014-10-07 00:00:00-04:00,28.987958169109397,29.035039392437273,28.45270347595215,28.45270347595215,30914000,0.0,0.0
2014-10-08 00:00:00-04:00,28.486900580773913,28.9775507198571,28.132542672153946,28.93046760559082,44158000,0.0,0.0
2014-10-09 00:00:00-04:00,28.82490276479866,28.870497988689447,28.201431514268656,28.289649963378906,48234000,0.0,0.0
2014-10-10 00:00:00-04:00,28.12412002064337,28.50870839856986,27.5065946127058,27.51551628112793,59574000,0.0,0.0
2014-10-13 00:00:00-04:00,27.512537680894848,27.797511110862022,26.98224015304618,26.998098373413086,55116000,0.0,0.0
2014-10-14 00:00:00-04:00,27.26523382469037,27.686002300290014,26.985712804071515,27.193370819091797,52198000,0.0,0.0
2014-10-15 00:00:00-04:00,26.86577215552191,26.956962592864443,26.188774757057143,26.798866271972656,76720000,0.0,0.0
2014-10-16 00:00:00-04:00,26.118405531752053,26.811756639473472,26.016805515040033,26.61004638671875,76100000,0.0,0.0
2014-10-17 00:00:00-04:00,26.78499130950722,26.9336744329489,25.692677785077105,25.91867446899414,119930000,0.0,0.0
2014-10-20 00:00:00-04:00,25.793778907068397,26.423695136836134,25.728856241259436,26.38503646850586,54964000,0.0,0.0
2014-10-21 00:00:00-04:00,26.627388210257852,26.70172787556218,26.276994878225526,26.665054321289062,49190000,0.0,0.0
2014-10-22 00:00:00-04:00,26.814725631967466,27.29595873079349,26.774085632704615,26.896005630493164,59474000,0.0,0.0
2014-10-23 00:00:00-04:00,27.17305046721393,27.625043829795015,27.03527223647785,27.439191818237305,43026000,0.0,0.0
2014-10-24 00:00:00-04:00,27.505106212507194,27.506096878717226,27.018420640400162,27.203777313232422,43508000,0.0,0.0
2014-10-27 00:00:00-04:00,27.147278704515283,27.456536710248695,27.11952492635339,27.25234603881836,31934000,0.0,0.0
2014-10-28 00:00:00-04:00,27.343042079208104,27.714248849059093,27.2796035237962,27.701364517211914,34774000,0.0,0.0
2014-10-29 00:00:00-04:00,27.796026289988596,28.00021696972256,27.554666720550827,27.677082061767578,41066000,0.0,0.0
2014-10-30 00:00:00-04:00,27.66717226731088,27.877804187499517,27.363861999745716,27.767284393310547,32250000,0.0,0.0
2014-10-31 00:00:00-04:00,28.165254438042158,28.186565106227384,27.99228675514666,28.14394187927246,46810000,0.0,0.0
2014-11-03 00:00:00-05:00,27.928848826288515,28.10825772240772,27.834682599072348,27.94074249267578,30834000,0.0,0.0
2014-11-04 00:00:00-05:00,27.811390163276336,27.991294389684082,27.669647382149492,27.961557388305664,27726000,0.0,0.0
2014-11-05 00:00:00-05:00,28.09041478074305,28.095865335244305,27.463969677035085,27.553178787231445,32906000,0.0,0.0
2014-11-06 00:00:00-05:00,27.53087452478535,27.59530374429074,27.287036425495256,27.34204864501953,33014000,0.0,0.0
2014-11-07 00:00:00-05:00,27.535833469088985,27.535833469088985,27.22608013048569,27.348493576049805,31782000,0.0,0.0
2014-11-10 00:00:00-05:00,27.37724163380254,27.785123887763937,27.33858296274331,27.666179656982422,26090000,0.0,0.0
2014-11-11 00:00:00-05:00,27.68055005577141,27.877800391344746,27.56755172056699,27.817832946777344,21966000,0.0,0.0
2014-11-12 00:00:00-05:00,27.810893661654486,27.815848883050506,27.530875442880127,27.66716766357422,21882000,0.0,0.0
2014-11-13 00:00:00-05:00,27.794044735080185,27.794540068194348,27.460997495674764,27.577465057373047,30220000,0.0,0.0
2014-11-14 00:00:00-05:00,27.65478051916798,27.65478051916798,27.382693264599684,27.51551628112793,28502000,0.0,0.0
2014-11-17 00:00:00-05:00,27.51551637186656,27.51551637186656,26.98274019513641,27.091773986816406,33612000,0.0,0.0
2014-11-18 00:00:00-05:00,27.155702609467607,27.3965668312125,26.951018499585413,26.9862060546875,36440000,0.0,0.0
2014-11-19 00:00:00-05:00,26.998101234979604,27.170076355431515,26.722544775763797,27.119525909423828,30346000,0.0,0.0
2014-11-20 00:00:00-05:00,26.866273446637678,27.02932691540959,26.837033665223956,26.949039459228516,35016000,0.0,0.0
2014-11-21 00:00:00-05:00,27.309834279592895,27.309834279592895,27.010488635397223,27.054597854614258,50120000,0.0,0.0
2014-11-24 00:00:00-05:00,27.088301981122555,27.31727065142479,26.968365200713805,27.13340187072754,33076000,0.0,0.0
2014-11-25 00:00:00-05:00,27.120022613678035,27.382197529680884,27.105155057110498,27.220134735107422,38072000,0.0,0.0
2014-11-26 00:00:00-05:00,27.220133568266196,27.25234723630979,27.0218906664694,27.14579200744629,29604000,0.0,0.0
2014-11-28 00:00:00-05:00,27.1096138833177,27.238470446549254,26.984721875643118,27.21269989013672,24202000,0.0,0.0
2014-12-01 00:00:00-05:00,27.014952850997783,27.19832820113651,26.694296490697372,26.745344161987305,39888000,0.0,0.0
2014-12-02 00:00:00-05:00,26.735431394207417,26.854377514245293,26.49803637783937,26.69281005859375,41480000,0.0,0.0
2014-12-03 00:00:00-05:00,26.63878990684088,26.832571041006897,26.52529622632887,26.61252212524414,32476000,0.0,0.0
2014-12-04 00:00:00-05:00,26.645727535624623,26.896008781095087,26.509435300322767,26.89055633544922,32598000,0.0,0.0
2014-12-05 00:00:00-05:00,26.5991380655245,26.673479623806887,26.131288387551994,26.171926498413086,61402000,0.0,0.0
2014-12-08 00:00:00-05:00,26.22842772336387,26.45640573889884,26.118403271171463,26.303264617919922,64566000,0.0,0.0
2014-12-09 00:00:00-05:00,26.062894919177513,26.596661717894964,25.940479580275184,26.56989860534668,43322000,0.0,0.0
2014-12-10 00:00:00-05:00,26.55949021205493,26.730969992217165,26.142686318271913,26.169944763183594,46222000,0.0,0.0
2014-12-11 00:00:00-05:00,26.26757784485204,26.615987953515184,26.22545184550736,26.371654510498047,41426000,0.0,0.0
2014-12-12 00:00:00-05:00,26.140210547709856,26.378100909083265,25.843838734935225,25.846317291259766,47314000,0.0,0.0
2014-12-15 00:00:00-05:00,25.95782504887403,26.037617160848807,25.543499710087247,25.565305709838867,52352000,0.0,0.0
2014-12-16 00:00:00-05:00,25.454295345454838,25.552424253225208,24.641007404509182,24.6890811920166,86998000,0.0,0.0
2014-12-17 00:00:00-05:00,24.773327613655034,25.22978082530127,24.73615683645133,25.099931716918945,72788000,0.0,0.0
2014-12-18 00:00:00-05:00,25.572741225463467,25.58562744918537,25.105384964239686,25.504844665527344,77534000,0.0,0.0
2014-12-19 00:00:00-05:00,25.622302507418173,25.811623742402706,25.21937548034972,25.773462295532227,97442000,0.0,0.0
2014-12-22 00:00:00-05:00,25.801714700294905,26.414283042040847,25.80072214333859,26.38107681274414,66390000,0.0,0.0
2014-12-23 00:00:00-05:00,26.49060348493542,26.876679746312202,26.45145137046085,26.701730728149414,57544000,0.0,0.0
2014-12-24 00:00:00-05:00,26.704205571499497,26.777059235196695,26.51983957756091,26.610536575317383,14754000,0.0,0.0
2014-12-26 00:00:00-05:00,26.61053954851775,26.923762127513992,26.539171876059445,26.838022232055664,22270000,0.0,0.0
2014-12-29 00:00:00-05:00,26.787469877133653,26.95746366856184,26.621937865008046,26.629371643066406,44300000,0.0,0.0
2014-12-30 00:00:00-05:00,26.51290270525125,26.65563804268226,26.445996815607206,26.528762817382812,20972000,0.0,0.0
2014-12-31 00:00:00-05:00,26.650683880988332,26.68339477507347,26.276998498876903,26.29979705810547,24648000,0.0,0.0
2015-01-02 00:00:00-05:00,26.395939382391216,26.55453482936228,26.162013603133126,26.244781494140625,26480000,0.0,0.0
2015-01-05 00:00:00-05:00,26.12583574501147,26.16746641234832,25.659967402967474,25.744714736938477,41182000,0.0,0.0
2015-01-06 00:00:00-05:00,25.796258116180052,25.831445672575708,25.055328646524007,25.109350204467773,54456000,0.0,0.0
2015-01-07 00:00:00-05:00,25.322953462192583,25.349714681356012,24.961161819295388,25.03550148010254,46918000,0.0,0.0
2015-01-08 00:00:00-05:00,24.85510481517705,25.151971940893755,24.533455909070756,25.122732162475586,73054000,0.0,0.0
2015-01-09 00:00:00-05:00,25.185675009581548,25.206490345136892,24.713363513265204,24.81595230102539,42000000,0.0,0.0
2015-01-12 00:00:00-05:00,24.742602769923597,24.794145774577387,24.32976339955976,24.63456153869629,57138000,0.0,0.0
2015-01-13 00:00:00-05:00,24.90763967375932,25.206490036792026,24.644474093088196,24.869478225708008,60958000,0.0,0.0
2015-01-14 00:00:00-05:00,24.801083623360086,25.189638426748395,24.689077839172885,25.074161529541016,52800000,0.0,0.0
2015-01-15 00:00:00-05:00,25.220860710975504,25.263482045234877,24.8798843651474,24.979005813598633,51068000,0.0,0.0
2015-01-16 00:00:00-05:00,24.936382815574586,25.31799916670313,24.933408926318027,25.29867172241211,49658000,0.0,0.0
2015-01-20 00:00:00-05:00,25.41315449636776,25.553906605480144,25.244648610014988,25.272897720336914,46796000,0.0,0.0
2015-01-21 00:00:00-05:00,25.317501831447743,25.863164147556414,25.255551166824418,25.79080581665039,46356000,0.0,0.0
2015-01-22 00:00:00-05:00,25.92016177385231,26.705200537838397,25.866142101657765,26.628877639770508,56068000,0.0,0.0
2015-01-23 00:00:00-05:00,26.665058472649633,27.03081474965578,26.552060121963816,26.85933494567871,45966000,0.0,0.0
2015-01-26 00:00:00-05:00,26.83702974983726,26.83702974983726,26.36967352389086,26.600130081176758,30932000,0.0,0.0
2015-01-27 00:00:00-05:00,26.33646881268687,26.40486259510123,25.814100334107508,25.830455780029297,39148000,0.0,0.0
2015-01-28 00:00:00-05:00,26.019280996974253,26.05347788728196,25.392340528778753,25.396305084228516,35822000,0.0,0.0
2015-01-29 00:00:00-05:00,25.419599601712203,25.533093275569083,24.952738682816666,25.435955047607422,79018000,0.0,0.0
2015-01-30 00:00:00-05:00,25.721920021898733,26.916328914102955,25.681280017677523,26.641267776489258,121108000,0.0,0.0
2015-02-02 00:00:00-05:00,26.481183128814905,26.589226238310506,25.856721255967102,26.376115798950195,75378000,0.0,0.0
2015-02-03 00:00:00-05:00,26.26411088232547,26.636310245242328,26.108986536682703,26.430635452270508,47062000,0.0,0.0
2015-02-04 00:00:00-05:00,26.422702674265885,26.60161623215957,26.020766335374578,26.07379722595215,33896000,0.0,0.0
2015-02-05 00:00:00-05:00,26.164495035906885,26.301282607769842,26.051001356029268,26.2586612701416,33176000,0.0,0.0
2015-02-06 00:00:00-05:00,26.317141077988286,26.7735924347286,26.200178182803285,26.459379196166992,42938000,0.0,0.0
2015-02-09 00:00:00-05:00,26.31961608980211,26.459377533620344,26.145659647886607,26.231399536132812,30314000,0.0,0.0
2015-02-10 00:00:00-05:00,26.373635439257612,26.812245286660506,26.225944897271003,26.770614624023438,47430000,0.0,0.0
2015-02-11 00:00:00-05:00,26.749308391985274,26.85933284449532,26.56444704470312,26.6635684967041,38306000,0.0,0.0
2015-02-12 00:00:00-05:00,26.745840209154945,27.17602570165822,26.614009750502426,27.060550689697266,48590000,0.0,0.0
2015-02-13 00:00:00-05:00,27.134887673552218,27.384178233198636,27.08978778427378,27.315784454345703,47382000,0.0,0.0
2015-02-17 00:00:00-05:00,27.315784443687487,27.406974888399592,26.924255771854156,27.010986328125,39174000,0.0,0.0
2015-02-18 00:00:00-05:00,26.95201191978484,27.13687327210888,26.740389343875744,26.894025802612305,31164000,0.0,0.0
2015-02-19 00:00:00-05:00,26.88510704657396,27.10267740958492,26.79986247885382,27.08235740661621,30834000,0.0,0.0
2015-02-20 00:00:00-05:00,27.138355721258126,27.138355721258126,26.66852284767661,26.851896286010742,38234000,0.0,0.0
2015-02-23 00:00:00-05:00,26.713127835421982,26.727995390219345,26.366203729003978,26.51488494873047,32906000,0.0,0.0
2015-02-24 00:00:00-05:00,26.343902371786925,26.73295250473786,26.316643925671908,26.695783615112305,28406000,0.0,0.0
2015-02-25 00:00:00-05:00,26.685373923290435,27.23698213426257,26.664061366781834,27.125967025756836,40836000,0.0,0.0
2015-02-26 00:00:00-05:00,27.04716683526549,27.76034252064496,27.014951277763025,27.718711853027344,54032000,0.0,0.0
2015-02-27 00:00:00-05:00,27.662210900331228,28.220759455093763,27.60670334519146,27.88424301147461,68328000,0.0,0.0
2015-03-02 00:00:00-05:00,28.100824071990036,28.54637242506507,27.910014951143882,28.49829864501953,50406000,0.0,0.0
2015-03-03 00:00:00-05:00,28.56421128033863,28.787234048504715,28.274282627014827,28.68514060974121,50526000,0.0,0.0
2015-03-04 00:00:00-05:00,28.594938962684267,28.825890841229,28.374394750307307,28.662342071533203,37964000,0.0,0.0
2015-03-05 00:00:00-05:00,28.72627837068374,28.903704043502977,28.657389256847527,28.815982818603516,35918000,0.0,0.0
2015-03-06 00:00:00-05:00,28.844233160541986,28.88288994111933,28.351601675638612,28.393232345581055,37592000,0.0,0.0
2015-03-09 00:00:00-04:00,28.29510057915022,28.519609367304604,28.20242224124893,28.45270347595215,23478000,0.0,0.0
2015-03-10 00:00:00-04:00,28.174172583647778,28.2376111419813,27.744977793088943,27.7464656829834,40080000,0.0,0.0
2015-03-11 00:00:00-04:00,27.74398810435342,27.96106311808979,27.526417757496237,27.540294647216797,40524000,0.0,0.0
2015-03-12 00:00:00-04:00,27.678565596693094,27.845088257609532,27.532362935317188,27.8118839263916,35602000,0.0,0.0
2015-03-13 00:00:00-04:00,27.715737462308397,27.96998324250421,27.274649014316687,27.40697479248047,35428000,0.0,0.0
2015-03-16 00:00:00-04:00,27.60174982430397,27.93975228801004,27.32371480780339,27.835180282592773,36856000,0.0,0.0
2015-03-17 00:00:00-04:00,27.66915193887057,27.785619505199847,27.476858700786728,27.635452270507812,28892000,0.0,0.0
2015-03-18 00:00:00-04:00,27.64139432491917,28.076536860323696,27.43175311271998,28.05919075012207,35324000,0.0,0.0
2015-03-19 00:00:00-04:00,27.97791511238868,28.098842569575453,27.85897087835574,27.935789108276367,24660000,0.0,0.0
2015-03-20 00:00:00-04:00,28.086455317480766,28.10578276415727,27.975935521157275,27.99922752380371,44320000,0.0,0.0
2015-03-23 00:00:00-04:00,28.051265424112948,28.23166689728938,27.90555806894263,28.020042419433594,30234000,0.0,0.0
2015-03-24 00:00:00-04:00,28.177150022999324,28.8382874583842,28.154846796447323,28.62319564819336,79156000,0.0,0.0
2015-03-25 00:00:00-04:00,28.624678829587207,28.748580169878046,28.1008243560791,28.1008243560791,53070000,0.0,0.0
2015-03-26 00:00:00-04:00,27.98435838276919,28.110242953260673,27.670145125562403,27.934301376342773,49842000,0.0,0.0
2015-03-27 00:00:00-04:00,27.844594701499393,27.955611706446064,27.601749138831863,27.632476806640625,34552000,0.0,0.0
2015-03-30 00:00:00-04:00,27.766290767931963,27.860950437875008,27.59481098237255,27.81039810180664,24788000,0.0,0.0
2015-03-31 00:00:00-04:00,27.651802989420585,27.87532109785129,27.489740213804282,27.491228103637695,34932000,0.0,0.0
2015-04-01 00:00:00-04:00,27.49767232716191,27.67955788637858,27.061539092238778,27.23301887512207,38902000,0.0,0.0
2015-04-02 00:00:00-04:00,27.129935329601178,27.15917511000627,26.784497176444784,26.82761573791504,47760000,0.0,0.0
2015-04-06 00:00:00-04:00,26.705199003367664,27.037255581958114,26.54957932668498,26.958454132080078,33718000,0.0,0.0
2015-04-07 00:00:00-04:00,27.009998409913532,27.266225549448393,26.94061395783773,27.003555297851562,27318000,0.0,0.0
2015-04-08 00:00:00-04:00,27.060051639208375,27.33263609705122,27.060051639208375,27.200803756713867,28386000,0.0,0.0
2015-04-09 00:00:00-04:00,27.219140638912105,27.2270697493377,26.859330312524875,27.1601619720459,32366000,0.0,0.0
2015-04-10 00:00:00-04:00,27.236983642901645,27.250860532233496,27.009500968246964,27.185935974121094,26104000,0.0,0.0
2015-04-13 00:00:00-04:00,27.112091708806137,27.42035716412749,27.074920929261612,27.19089126586914,29326000,0.0,0.0
2015-04-14 00:00:00-04:00,27.08830365798358,27.08830365798358,26.55156294738857,26.751787185668945,47206000,0.0,0.0
2015-04-15 00:00:00-04:00,26.66158609041061,26.92078709831587,26.384541747207937,26.814231872558594,46962000,0.0,0.0
2015-04-16 00:00:00-04:00,26.680914309092913,27.02189066329923,26.668525309347334,26.937143325805664,31722000,0.0,0.0
2015-04-17 00:00:00-04:00,26.629367885448,26.75277387743968,26.217521136337183,26.402875900268555,49234000,0.0,0.0
2015-04-20 00:00:00-04:00,26.452939482688286,27.050144925562634,26.433114812005442,26.987201690673828,38508000,0.0,0.0
2015-04-21 00:00:00-04:00,27.07541449729053,27.147772828645195,26.872216391689502,26.90740394592285,29128000,0.0,0.0
2015-04-22 00:00:00-04:00,26.914341167089155,27.307851138097867,26.828105951190295,27.2176513671875,31806000,0.0,0.0
2015-04-23 00:00:00-04:00,27.278614723488467,27.811886195200906,27.262259277790157,27.628015518188477,78184000,0.0,0.0
2015-04-24 00:00:00-04:00,28.74759047259006,28.978047048922004,28.16773119738071,28.430898666381836,92168000,0.0,0.0
2015-04-27 00:00:00-04:00,28.386788946535724,28.523079288730045,27.867889686310665,28.05721092224121,48062000,0.0,0.0
2015-04-28 00:00:00-04:00,27.968001409035093,28.14195975329,27.801478733304794,27.97047996520996,37178000,0.0,0.0
2015-04-29 00:00:00-04:00,27.77917434835811,28.043332464264424,27.704339348380156,27.82278823852539,33622000,0.0,0.0
2015-04-30 00:00:00-04:00,27.68253197332567,27.808911867134874,27.09573617574743,27.19733428955078,47240000,0.0,0.0
2015-05-01 00:00:00-04:00,27.283568897300867,27.31875834350248,26.953495559663324,27.315784454345703,36572000,0.0,0.0
2015-05-04 00:00:00-04:00,27.30735827526502,27.589853169169277,27.12894004951826,27.399045944213867,35260000,0.0,0.0
2015-05-05 00:00:00-04:00,27.266221039894248,27.387645701529028,26.880144837850857,26.91335105895996,28528000,0.0,0.0
2015-05-06 00:00:00-04:00,26.893526287547562,26.957460173612652,26.378096315701264,26.518848419189453,39034000,0.0,0.0
2015-05-07 00:00:00-04:00,26.559493398389893,27.020406570539304,26.438070605042657,26.863794326782227,31844000,0.0,0.0
2015-05-08 00:00:00-04:00,27.202292310885273,27.397064101020007,27.16066164152565,27.206256866455078,28226000,0.0,0.0
2015-05-11 00:00:00-04:00,27.183457565068586,27.425314354054915,27.04022878242837,27.049148559570312,21858000,0.0,0.0
2015-05-12 00:00:00-04:00,26.901952643020685,26.90938831122803,26.51488574885268,26.69974708557129,35282000,0.0,0.0
2015-05-13 00:00:00-04:00,26.785980607620715,26.95299859873402,26.712134388009595,26.737411499023438,24238000,0.0,0.0
2015-05-14 00:00:00-04:00,26.959447864281167,27.242935360949634,26.8865941847536,27.21864891052246,31736000,0.0,0.0
2015-05-15 00:00:00-04:00,27.27762491853992,27.288032586024844,26.886591552283566,27.08433723449707,33440000,0.0,0.0
2015-05-18 00:00:00-04:00,26.95201235062962,27.17602582092695,26.874201563155445,27.093259811401367,26706000,0.0,0.0
2015-05-19 00:00:00-04:00,27.15917001414387,27.426797329413652,27.115558018293104,27.22260856628418,47126000,0.0,0.0
2015-05-20 00:00:00-04:00,27.303890885689178,27.55912735164835,27.015448194076644,27.382692337036133,30840000,0.0,0.0
2015-05-21 00:00:00-04:00,27.26820750754953,27.63545164395248,27.223602948915225,27.595802307128906,34170000,0.0,0.0
2015-05-22 00:00:00-04:00,27.479335452033766,27.66667535936244,27.43770478164617,27.482309341430664,24266000,0.0,0.0
2015-05-26 00:00:00-04:00,27.386158191445507,27.423328968163663,26.90988221001843,27.119028091430664,37474000,0.0,0.0
2015-05-27 00:00:00-04:00,27.192875584275104,27.520470387519477,27.08879890982551,27.46892738342285,34844000,0.0,0.0
2015-05-28 00:00:00-04:00,27.44613237751743,27.543765946042303,27.297946468092004,27.4654598236084,23544000,0.0,0.0
2015-05-29 00:00:00-04:00,27.416884185823022,27.453559627234995,27.012471226547106,27.026348114013672,43446000,0.0,0.0
2015-06-01 00:00:00-04:00,27.195355595650692,27.286546051309376,26.94011911773585,27.219144821166992,33210000,0.0,0.0
2015-06-02 00:00:00-04:00,27.13092468898855,27.693933173798577,27.087310796471247,27.454059600830078,31842000,0.0,0.0
2015-06-03 00:00:00-04:00,27.51105457128175,27.654285256039536,27.36485188762693,27.520471572875977,26710000,0.0,0.0
2015-06-04 00:00:00-04:00,27.366333199277186,27.55367307984904,27.214678095786944,27.34204864501953,26866000,0.0,0.0
2015-06-05 00:00:00-04:00,27.35741786558133,27.423333094984812,27.1284472833847,27.235002517700195,24396000,0.0,0.0
2015-06-08 00:00:00-04:00,27.238965252296495,27.251851475545493,26.908891903617572,26.93515968322754,27336000,0.0,0.0
2015-06-09 00:00:00-04:00,26.93218744627871,27.002564454769487,26.705695421639497,26.869741439819336,30016000,0.0,0.0
2015-06-10 00:00:00-04:00,27.045188462965342,27.495198667247326,27.01594868000196,27.387155532836914,30316000,0.0,0.0
2015-06-11 00:00:00-04:00,27.480819095667282,27.497669872589583,27.217156333369385,27.26027488708496,25872000,0.0,0.0
2015-06-12 00:00:00-04:00,27.1170496607985,27.201301671703717,27.041717427908065,27.132909774780273,25468000,0.0,0.0
2015-06-15 00:00:00-04:00,26.897991580734807,26.96341147913101,26.72353977873465,26.911373138427734,27150000,0.0,0.0
2015-06-16 00:00:00-04:00,26.984723762481376,27.094250998123616,26.84050240947475,27.004051208496094,32526000,0.0,0.0
2015-06-17 00:00:00-04:00,27.031306990289004,27.17701432839109,26.852393428151306,27.08978843688965,24440000,0.0,0.0
2015-06-18 00:00:00-04:00,27.15917531037257,27.617609923347867,27.15917531037257,27.5645809173584,41192000,0.0,0.0
2015-06-19 00:00:00-04:00,27.58142929567892,27.650318409443564,27.3703020658244,27.63098907470703,59290000,0.0,0.0
2015-06-22 00:00:00-04:00,27.72466125776834,28.031936061316575,27.69987947651755,27.738040924072266,34752000,0.0,0.0
2015-06-23 00:00:00-04:00,27.7434892139198,27.99674430943169,27.61264944459259,27.921907424926758,31396000,0.0,0.0
2015-06-24 00:00:00-04:00,27.876810275179828,27.884739386043286,27.595801376204903,27.683027267456055,28924000,0.0,0.0
2015-06-25 00:00:00-04:00,27.7687655265441,27.909517634308088,27.628013418780114,27.652297973632812,26684000,0.0,0.0
2015-06-26 00:00:00-04:00,27.73952634825959,27.75389857013343,27.349980905482017,27.409948348999023,43676000,0.0,0.0
2015-06-29 00:00:00-04:00,27.097224772328406,27.302901466351,26.774585174064594,26.824642181396484,37756000,0.0,0.0
2015-06-30 00:00:00-04:00,27.01495065875698,27.055095326147413,26.73988954645435,26.764671325683594,34510000,0.0,0.0
2015-07-01 00:00:00-04:00,26.944080458033753,27.050635681693773,26.750794678042162,26.926239013671875,30760000,0.0,0.0
2015-07-02 00:00:00-04:00,26.997608287360602,27.15917575490056,26.939622167736946,27.126466751098633,28124000,0.0,0.0
2015-07-06 00:00:00-04:00,26.874199813104312,27.18791960830497,26.866766035219026,27.04121971130371,25614000,0.0,0.0
2015-07-07 00:00:00-04:00,27.1309281183123,27.307858485781328,26.75525948906688,27.259784698486328,33578000,0.0,0.0
2015-07-08 00:00:00-04:00,27.040228669517685,27.173049784548095,26.82216110479443,26.846940994262695,27662000,0.0,0.0
2015-07-09 00:00:00-04:00,27.191389803120202,27.202788136912982,26.99166089696587,26.993146896362305,29766000,0.0,0.0
2015-07-10 00:00:00-04:00,27.442163425290254,27.7187124396398,27.35741608895417,27.56110954284668,43436000,0.0,0.0
2015-07-13 00:00:00-04:00,27.729617194619475,28.390754601305666,27.689472522919232,28.335247039794922,41792000,0.0,0.0
2015-07-14 00:00:00-04:00,28.472527186718814,29.226342864162607,28.45617174161919,28.952272415161133,74832000,0.0,0.0
2015-07-15 00:00:00-04:00,28.93046510365007,29.175789206683543,28.75551610878715,28.941368103027344,41466000,0.0,0.0
2015-07-16 00:00:00-04:00,29.215937370955448,29.959345436930985,29.13763125247441,29.824541091918945,112642000,0.0,0.0
2015-07-17 00:00:00-04:00,33.70116157376959,34.84105531593802,33.60204202278473,34.67353820800781,257162000,0.0,0.0
2015-07-20 00:00:00-04:00,34.14622371557703,34.58334579271048,33.78889187304995,34.3375244140625,102436000,0.0,0.0
2015-07-21 00:00:00-04:00,33.94302053316761,34.969914178196255,33.906842308639256,34.46192169189453,75604000,0.0,0.0
2015-07-22 00:00:00-04:00,34.396005326326325,35.353019208905984,34.277061092014556,34.44953155517578,83100000,0.0,0.0
2015-07-23 00:00:00-04:00,34.288462736774534,34.49761057129449,33.2843655850662,33.43998718261719,76232000,0.0,0.0
2015-07-24 00:00:00-04:00,33.54109030898875,33.5916407631135,32.37195650205334,32.45075607299805,82622000,0.0,0.0
2015-07-27 00:00:00-04:00,32.29215194773297,33.060341641066046,32.29116128166523,32.624210357666016,58382000,0.0,0.0
2015-07-28 00:00:00-04:00,32.797184285541384,32.91315652421472,32.38335422908402,32.69310760498047,34364000,0.0,0.0
2015-07-29 00:00:00-04:00,32.82195426822638,32.874985152450016,32.355093428647585,32.780818939208984,36756000,0.0,0.0
2015-07-30 00:00:00-04:00,32.583077432489894,33.10891318899729,32.29810210792912,32.93594741821289,39606000,0.0,0.0
2015-07-31 00:00:00-04:00,32.942888399858745,32.95775595545315,32.57118438532356,32.58605194091797,34922000,0.0,0.0
2015-08-03 00:00:00-04:00,32.59398016905258,33.04052106374306,32.59398016905258,32.943878173828125,31348000,0.0,0.0
2015-08-04 00:00:00-04:00,32.925043016435225,33.10643701444266,32.73522835610602,32.77338790893555,26188000,0.0,0.0
2015-08-05 00:00:00-04:00,32.99492506612837,33.69670243178206,32.986500622057434,33.368614196777344,36448000,0.0,0.0
2015-08-06 00:00:00-04:00,33.40330741518573,33.440971638654986,32.74613269704463,33.21299362182617,40660000,0.0,0.0
2015-08-07 00:00:00-04:00,33.095537067845505,33.146087517506565,32.653953234823845,32.927528381347656,27544000,0.0,0.0
2015-08-10 00:00:00-04:00,33.0613401653713,33.28585086162707,32.72135634608677,32.865577697753906,34458000,0.0,0.0
2015-08-11 00:00:00-04:00,34.671561901112895,34.890620148578996,33.91526759336305,34.211639404296875,109880000,0.0,0.0
2015-08-12 00:00:00-04:00,34.419296628275205,34.494133524281466,33.72644279084618,34.26962661743164,58498000,0.0,0.0
2015-08-13 00:00:00-04:00,34.15712398961019,34.39650224990166,33.809211048339925,34.023807525634766,36354000,0.0,0.0
2015-08-14 00:00:00-04:00,33.901386385511735,34.308773267731304,33.844888164833215,34.16554260253906,27598000,0.0,0.0
2015-08-17 00:00:00-04:00,34.09962954970426,34.431684213332495,33.85281755086952,34.40046310424805,24680000,0.0,0.0
2015-08-18 00:00:00-04:00,34.24979943405285,34.482235435141625,33.96482409415733,34.133827209472656,27710000,0.0,0.0
2015-08-19 00:00:00-04:00,34.202227541942584,34.702290976839336,34.03818150733419,34.39699935913086,50194000,0.0,0.0
2015-08-20 00:00:00-04:00,34.1521634230982,34.50205762291191,33.467235015314685,33.67538833618164,57798000,0.0,0.0
2015-08-21 00:00:00-04:00,33.25710258472612,33.34879215400673,31.872381746171946,31.918474197387695,91880000,0.0,0.0
2015-08-24 00:00:00-04:00,29.76606058550807,31.10816008055954,29.393859317008232,30.633865356445312,129788000,0.0,0.0
2015-08-25 00:00:00-04:00,32.03939842990028,32.06566242620945,30.314690266857003,30.354339599609375,71430000,0.0,0.0
2015-08-26 00:00:00-04:00,31.872379222676752,32.83286415671421,31.241474194582864,32.69706726074219,87740000,0.0,0.0
2015-08-27 00:00:00-04:00,33.30417909994481,33.40280709495463,32.2688611776306,33.10445022583008,58974000,0.0,0.0
2015-08-28 00:00:00-04:00,32.995417469988176,33.056872800925866,32.40019727493379,32.69458770751953,38836000,0.0,0.0
2015-08-31 00:00:00-04:00,32.42943906396135,32.928515519634715,32.03345239151003,32.10630416870117,38936000,0.0,0.0
2015-09-01 00:00:00-04:00,31.41196591518021,31.938794315914887,30.97831119293217,31.20133399963379,51458000,0.0,0.0
2015-09-02 00:00:00-04:00,31.619623353866338,31.96951950219816,31.254857758307587,31.962085723876953,37630000,0.0,0.0
2015-09-03 00:00:00-04:00,32.11175958291518,32.27630093493464,31.411965394272542,31.572542190551758,34572000,0.0,0.0
2015-09-04 00:00:00-04:00,31.208270066684438,31.446160412175985,31.049676503023406,31.171594619750977,40478000,0.0,0.0
2015-09-08 00:00:00-04:00,31.76830210636511,31.968526334565944,31.366862983754004,31.91103744506836,39092000,0.0,0.0
2015-09-09 00:00:00-04:00,32.30752655233529,32.57911658717651,31.763348254003485,31.88774871826172,40978000,0.0,0.0
2015-09-10 00:00:00-04:00,31.912033634530783,32.45719885641038,31.802999833920985,32.267879486083984,27850000,0.0,0.0
2015-09-11 00:00:00-04:00,32.22476335805224,32.47751941156799,32.08599065781466,32.47702407836914,34892000,0.0,0.0
2015-09-14 00:00:00-04:00,32.49337752829689,32.50774975168234,32.18956816113716,32.33676528930664,29942000,0.0,0.0
2015-09-15 00:00:00-04:00,32.54689828255717,33.14856542556682,32.379880275154804,32.96122741699219,35546000,0.0,0.0
2015-09-16 00:00:00-04:00,32.985014136520796,33.109906139914536,32.818986798433734,32.98352813720703,26252000,0.0,0.0
2015-09-17 00:00:00-04:00,33.081163578851275,33.79978986297361,32.95775756774443,33.288326263427734,47752000,0.0,0.0
2015-09-18 00:00:00-04:00,32.96073178389793,33.19763337822379,32.711443079249946,32.75555419921875,72544000,0.0,0.0
2015-09-21 00:00:00-04:00,32.9830297289744,33.15599549556822,32.610830419017624,33.05588150024414,39094000,0.0,0.0
2015-09-22 00:00:00-04:00,32.58456834738646,32.65147613367,31.968033609625667,32.37294387817383,54362000,0.0,0.0
2015-09-23 00:00:00-04:00,32.358073924541806,32.72383016051654,32.250526141309656,32.377403259277344,29160000,0.0,0.0
2015-09-24 00:00:00-04:00,32.1633044955659,32.54987609391071,31.82629267987598,32.45769119262695,38692000,0.0,0.0
2015-09-25 00:00:00-04:00,32.63957709271896,32.63957709271896,31.70189075261584,31.72617530822754,48480000,0.0,0.0
2015-09-28 00:00:00-04:00,31.671661404856437,31.859993870399475,30.620483188814973,30.93816566467285,47646000,0.0,0.0
2015-09-29 00:00:00-04:00,31.00011469356715,31.45508004817376,30.62989856584358,30.85688591003418,42130000,0.0,0.0
2015-09-30 00:00:00-04:00,31.313831081074586,31.684544414547673,31.181009971092035,31.637958526611328,52954000,0.0,0.0
2015-10-01 00:00:00-04:00,31.616646664670895,31.909055783697774,31.278644213467246,31.817861557006836,42506000,0.0,0.0
2015-10-02 00:00:00-04:00,31.620113655912682,32.561267275203335,31.396595555774525,32.56077194213867,48788000,0.0,0.0
2015-10-05 00:00:00-04:00,32.78925412338459,33.35572995984973,32.505269424270914,33.288822174072266,37960000,0.0,0.0
2015-10-06 00:00:00-04:00,33.173342970119414,33.641689875721674,32.86259895942854,33.28683853149414,42774000,0.0,0.0
2015-10-07 00:00:00-04:00,33.57230568073825,33.638718129263374,32.61628252768684,33.20555877685547,44354000,0.0,0.0
2015-10-08 00:00:00-04:00,33.178305643536,33.29923500295423,32.436878824945424,33.056880950927734,39308000,0.0,0.0
2015-10-09 00:00:00-04:00,33.08115775148646,33.40825527645185,32.82691199589821,33.26700973510742,32124000,0.0,0.0
2015-10-12 00:00:00-04:00,33.16541317419042,33.60104917988779,33.068770283956596,33.52423095703125,26684000,0.0,0.0
2015-10-13 00:00:00-04:00,33.416688744844,34.12044745912008,33.35969140514747,33.858272552490234,42446000,0.0,0.0
2015-10-14 00:00:00-04:00,33.88602265034511,34.198747969753484,33.64664443690105,33.72148132324219,31292000,0.0,0.0
2015-10-15 00:00:00-04:00,33.96135760485421,34.40294140008548,33.91873627043757,34.34644317626953,47156000,0.0,0.0
2015-10-16 00:00:00-04:00,34.464400406426904,34.505040412734076,34.15217036169163,34.46043395996094,36316000,0.0,0.0
2015-10-19 00:00:00-04:00,34.395013642656146,34.704271667654304,34.30629985739765,34.68989944458008,30172000,0.0,0.0
2015-10-20 00:00:00-04:00,34.58779903940569,34.59325148419371,33.38793600556143,33.7011604309082,52434000,0.0,0.0
2015-10-21 00:00:00-04:00,33.86025832547004,33.94401500831403,33.240256201745936,33.29477310180664,31952000,0.0,0.0
2015-10-22 00:00:00-04:00,33.47516881429888,34.10012797866702,33.28981213180175,33.75766372680664,88632000,0.0,0.0
2015-10-23 00:00:00-04:00,37.17337346222999,37.29430280178974,35.58149006711172,35.6503791809082,126726000,0.0,0.0
2015-10-26 00:00:00-04:00,35.68457323415328,36.42451387283504,35.68457323415328,36.23469543457031,48776000,0.0,0.0
2015-10-27 00:00:00-04:00,36.00919352252496,36.47456838648194,35.888763308780476,36.318946838378906,38778000,0.0,0.0
2015-10-28 00:00:00-04:00,36.32787548707229,36.544453281408025,36.04389079410841,36.522151947021484,39604000,0.0,0.0
2015-10-29 00:00:00-04:00,36.507781816485696,37.011316331431395,36.43492624924427,36.91516876220703,36520000,0.0,0.0
2015-10-30 00:00:00-04:00,36.950350894272155,36.9875197815867,36.50281934139583,36.545440673828125,39984000,0.0,0.0
2015-11-02 00:00:00-05:00,36.40370114336064,37.080201385856626,36.251051580222104,37.05839538574219,39914000,0.0,0.0
2015-11-03 00:00:00-05:00,36.94391075877386,37.25465478149302,36.73228629765651,37.11192321777344,36306000,0.0,0.0
2015-11-04 00:00:00-05:00,37.16544058222655,37.66104588481294,37.13074836229224,37.433563232421875,41840000,0.0,0.0
2015-11-05 00:00:00-05:00,37.60703003608926,37.9807191831101,37.540621365667356,37.699214935302734,45486000,0.0,0.0
2015-11-06 00:00:00-05:00,37.63577499594881,37.81567921821528,37.4196887710579,37.745304107666016,33544000,0.0,0.0
2015-11-09 00:00:00-05:00,37.592662801821334,37.82956441203105,37.1263009229002,37.40681076049805,35538000,0.0,0.0
2015-11-10 00:00:00-05:00,37.34287514304313,37.69574518654897,37.091605113135245,37.57977294921875,29798000,0.0,0.0
2015-11-11 00:00:00-05:00,37.78396085814477,38.116015541307995,37.65361640668833,37.92620086669922,41866000,0.0,0.0
2015-11-12 00:00:00-05:00,37.67492488564098,37.953457108021205,37.46082377615813,37.4940299987793,35452000,0.0,0.0
2015-11-13 00:00:00-05:00,37.37063081186931,37.434562822166534,36.648533350875624,36.67827224731445,48188000,0.0,0.0
2015-11-16 00:00:00-05:00,36.68520440328706,37.25514751447282,36.3937859551659,37.19121551513672,50704000,0.0,0.0
2015-11-17 00:00:00-05:00,37.29281742591975,37.41572809996909,36.87551629012614,36.971168518066406,38864000,0.0,0.0
2015-11-18 00:00:00-05:00,37.14908876668584,37.72052164679922,37.041045656192885,37.666500091552734,36266000,0.0,0.0
2015-11-19 00:00:00-05:00,37.65509582624932,37.82608025027238,37.52871784296487,37.663028717041016,28078000,0.0,0.0
2015-11-20 00:00:00-05:00,38.126919028981426,38.62351503610486,37.86920591541211,38.5085334777832,55478000,0.0,0.0
2015-11-23 00:00:00-05:00,38.531827121189934,38.80094044339874,38.33556557185525,38.4936637878418,34648000,0.0,0.0
2015-11-24 00:00:00-05:00,38.308309068385604,38.45847818169952,37.57233483815401,38.143272399902344,47880000,0.0,0.0
2015-11-25 00:00:00-05:00,38.24536919123623,38.310295640761666,37.98963740154698,38.12493896484375,23612000,0.0,0.0
2015-11-27 00:00:00-05:00,38.11998639606735,38.35985999238515,38.012933932142175,38.25925064086914,14434000,0.0,0.0
2015-11-30 00:00:00-05:00,38.25429109375939,38.41090333313386,37.72151681740455,37.80725860595703,33586000,0.0,0.0
2015-12-01 00:00:00-05:00,38.00995700327039,38.9050201483614,37.960892557391354,38.84505081176758,40398000,0.0,0.0
2015-12-02 00:00:00-05:00,38.917413736414346,39.30398533294963,38.48028791000234,38.55066680908203,46876000,0.0,0.0
2015-12-03 00:00:00-05:00,38.68496732278101,38.87924375413743,37.78742760328893,38.0723991394043,41950000,0.0,0.0
2015-12-04 00:00:00-05:00,38.147237522852826,38.777149950338305,37.93908419536366,38.61806106567383,49800000,0.0,0.0
2015-12-07 00:00:00-05:00,38.6601887536702,38.706776533144634,37.99905140758588,38.30979919433594,36626000,0.0,0.0
2015-12-08 00:00:00-05:00,37.88903705478391,38.59031925571409,37.79090813870428,38.41636276245117,31082000,0.0,0.0
2015-12-09 00:00:00-05:00,38.216129344869636,38.46343669002451,37.27001663204008,37.79238510131836,46550000,0.0,0.0
2015-12-10 00:00:00-05:00,37.84392938594175,37.96684005687459,37.41820381678531,37.66798782348633,32458000,0.0,0.0
2015-12-11 00:00:00-05:00,37.12084040444098,37.53913218505111,37.10349240272854,37.19121551513672,43184000,0.0,0.0
2015-12-14 00:00:00-05:00,37.23284717377859,37.87168319457335,36.48943915033752,37.79188919067383,53864000,0.0,0.0
2015-12-15 00:00:00-05:00,38.052089529022815,38.39703048981386,37.5668936512276,37.670475006103516,49386000,0.0,0.0
2015-12-16 00:00:00-05:00,37.99162412078895,38.73156493003619,37.519809810586274,38.48822021484375,53120000,0.0,0.0
2015-12-17 00:00:00-05:00,38.71470547127347,38.73601613793585,38.12691901929806,38.1531867980957,36510000,0.0,0.0
2015-12-18 00:00:00-05:00,38.024330886296674,38.36679513735825,37.49700528629999,37.509891510009766,67794000,0.0,0.0
2015-12-21 00:00:00-05:00,37.81716076052727,37.98071140919186,37.376072367099624,37.705650329589844,34848000,0.0,0.0
2015-12-22 00:00:00-05:00,37.87763394494002,38.178463753419976,37.72548348411266,38.01937484741211,36338000,0.0,0.0
2015-12-23 00:00:00-05:00,38.19581550400989,38.25578485079909,37.549545591367014,38.087772369384766,30594000,0.0,0.0
2015-12-24 00:00:00-05:00,38.08826163783811,38.12196319539318,37.88357940810952,37.955440521240234,10412000,0.0,0.0
2015-12-28 00:00:00-05:00,38.16161000474399,38.7969748815815,38.04910889675069,38.76823043823242,31156000,0.0,0.0
2015-12-29 00:00:00-05:00,39.00364672472533,39.5835078954568,38.96449650098464,39.34908676147461,38430000,0.0,0.0
2015-12-30 00:00:00-05:00,39.34908045336454,39.47298177902375,39.014050028558806,39.167686462402344,28566000,0.0,0.0
2015-12-31 00:00:00-05:00,39.04478021715522,39.070057330670686,38.524396859254466,38.55859375,32752000,0.0,0.0
2016-01-04 00:00:00-05:00,37.77504364540484,37.77504364540484,37.04848444557318,37.63825607299805,67382000,0.0,0.0
2016-01-05 00:00:00-05:00,37.8692051787552,38.12196117527121,37.450418068829,37.7418327331543,45216000,0.0,0.0
2016-01-06 00:00:00-05:00,37.188740590244564,37.949988183144754,37.07128236216746,37.6328010559082,48206000,0.0,0.0
2016-01-07 00:00:00-05:00,36.99645058407354,37.433572665397314,36.44087581089708,36.724361419677734,63132000,0.0,0.0
2016-01-08 00:00:00-05:00,37.0613757078269,37.17635729381657,36.12567235699823,36.224300384521484,47506000,0.0,0.0
2016-01-11 00:00:00-05:00,36.27582942404055,36.43095563587085,35.66177524988717,36.331336975097656,50896000,0.0,0.0
2016-01-12 00:00:00-05:00,36.71196662477227,37.08813243520598,36.497865496106485,36.939449310302734,46816000,0.0,0.0
2016-01-13 00:00:00-05:00,37.137689186627284,37.31908318919751,35.52399985144096,35.66227340698242,51728000,0.0,0.0
2016-01-14 00:00:00-05:00,35.90363184715325,36.66934115745359,34.94017498611325,36.248077392578125,55558000,0.0,0.0
2016-01-15 00:00:00-05:00,35.187483235583336,35.889755900212855,34.76721012583254,35.21226501464844,76676000,0.0,0.0
2016-01-19 00:00:00-05:00,35.69102375766481,35.948740691633965,35.18055078378689,35.63799285888672,48724000,0.0,0.0
2016-01-20 00:00:00-05:00,34.9847774134782,36.02802826653734,34.08674233606714,35.61221694946289,82440000,0.0,0.0
2016-01-21 00:00:00-05:00,35.69200830520495,36.55931763517325,35.242990752178194,36.01415252685547,51938000,0.0,0.0
2016-01-22 00:00:00-05:00,36.77391663401098,37.09903665794988,36.699578854067745,36.945396423339844,47146000,0.0,0.0
2016-01-25 00:00:00-05:00,36.86511860912421,37.29233028224238,36.30310067520797,36.35860824584961,45340000,0.0,0.0
2016-01-26 00:00:00-05:00,36.437402361090456,36.64803236370286,36.02902101646879,36.36702346801758,30940000,0.0,0.0
2016-01-27 00:00:00-05:00,36.47110233263639,36.47110233263639,35.358966020838345,35.56365203857422,42428000,0.0,0.0
2016-01-28 00:00:00-05:00,36.585089539222174,37.227888192584565,36.208923767274506,37.08614730834961,62104000,0.0,0.0
2016-01-29 00:00:00-05:00,37.11885973545307,37.919261308278145,36.88294883872578,37.732913970947266,75808000,0.0,0.0
2016-02-01 00:00:00-05:00,38.224054544631905,38.537774306433036,37.73439701671805,38.199771881103516,111522000,0.0,0.0
2016-02-02 00:00:00-05:00,39.6732108235701,40.161382408654944,38.686953428685136,38.70232009887695,135846000,0.0,0.0
2016-02-03 00:00:00-05:00,38.96845229178406,39.22368871604043,36.48943515238362,37.139671325683594,131114000,0.0,0.0
2016-02-04 00:00:00-05:00,36.90228140141073,36.93449696160292,35.81244639348671,36.18067932128906,104922000,0.0,0.0
2016-02-05 00:00:00-05:00,35.95617100046142,36.01663189098759,34.6993142431125,34.87872314453125,109556000,0.0,0.0
2016-02-08 00:00:00-05:00,34.08178544538615,34.916387645717705,33.80077656412956,34.89854431152344,89410000,0.0,0.0
2016-02-09 00:00:00-05:00,34.34297439705801,35.73116632676861,34.12243015101031,34.74292755126953,84300000,0.0,0.0
2016-02-10 00:00:00-05:00,35.2766986924489,35.84317456954782,34.959511525434124,35.03186798095703,60314000,0.0,0.0
2016-02-11 00:00:00-05:00,34.510983794143755,35.302960920712195,34.255747344927826,35.0075798034668,65004000,0.0,0.0
2016-02-12 00:00:00-05:00,35.297504860203134,35.48533817703264,34.77067467995805,35.033843994140625,46538000,0.0,0.0
2016-02-16 00:00:00-05:00,35.61667880155924,35.82632192970277,35.19690099331598,35.56662368774414,43444000,0.0,0.0
2016-02-17 00:00:00-05:00,36.0305120585616,36.36554255840018,35.515581088982934,36.27682876586914,49154000,0.0,0.0
2016-02-18 00:00:00-05:00,36.37545361593367,36.47655451006453,35.463042434942075,35.5601806640625,47276000,0.0,0.0
2016-02-19 00:00:00-05:00,35.48038639498227,35.88331531266133,35.34260816350773,35.78815841674805,34918000,0.0,0.0
2016-02-22 00:00:00-05:00,36.154903446967474,36.41955878626943,35.85456900001686,36.13210678100586,37516000,0.0,0.0
2016-02-23 00:00:00-05:00,35.985904907349045,36.22379335882899,35.46898888826075,35.54927444458008,41332000,0.0,0.0
2016-02-24 00:00:00-05:00,35.21820999298871,35.74404956379297,34.79248820741006,35.728187561035156,37092000,0.0,0.0
2016-02-25 00:00:00-05:00,35.82879681374895,36.15490370877244,35.34805902450568,36.13557815551758,36146000,0.0,0.0
2016-02-26 00:00:00-05:00,36.35760155332429,36.48447486424647,35.779725648566654,35.924442291259766,42474000,0.0,0.0
2016-02-29 00:00:00-05:00,35.733144889867106,36.20892557094318,35.52697288328393,35.545806884765625,45068000,0.0,0.0
2016-03-01 00:00:00-05:00,35.74801363779594,36.79027392922235,35.61618318536407,36.782344818115234,60112000,0.0,0.0
2016-03-02 00:00:00-05:00,36.81703742240117,36.82942453172639,36.3402622731228,36.649024963378906,36292000,0.0,0.0
2016-03-03 00:00:00-05:00,36.6490213002305,36.72435352074923,36.16084975667321,36.25798797607422,40534000,0.0,0.0
2016-03-04 00:00:00-05:00,36.41708516473931,36.42699560867357,35.96211600549095,36.19009780883789,48516000,0.0,0.0
2016-03-07 00:00:00-05:00,35.93882467011643,36.04092001602453,34.947118553748695,35.326751708984375,61690000,0.0,0.0
2016-03-08 00:00:00-05:00,35.108189154196516,35.7950990205075,34.89062068399552,35.36293029785156,52530000,0.0,0.0
2016-03-09 00:00:00-05:00,35.444208814018566,35.99284508425381,35.31981213693724,35.95170974731445,39544000,0.0,0.0
2016-03-10 00:00:00-05:00,36.06966623739753,36.50332097638642,35.84664531267094,36.2867431640625,44616000,0.0,0.0
2016-03-11 00:00:00-05:00,36.672328110193746,36.91765039787056,36.5112540637581,36.91616439819336,35380000,0.0,0.0
2016-03-14 00:00:00-04:00,36.921108734211984,37.38152647994855,36.85618229241343,37.18229293823242,32824000,0.0,0.0
2016-03-15 00:00:00-04:00,36.97314522681438,37.31957587186863,36.81554234844169,37.198646545410156,29832000,0.0,0.0
2016-03-16 00:00:00-04:00,37.12331900339101,37.616447699373644,36.99694099741152,37.5351676940918,29306000,0.0,0.0
2016-03-17 00:00:00-04:00,37.54953620761174,37.93065530154095,37.535163986288794,37.59067153930664,44564000,0.0,0.0
2016-03-18 00:00:00-04:00,37.74679351633985,37.7720668497483,37.26060324758979,37.43852615356445,56222000,0.0,0.0
2016-03-21 00:00:00-04:00,37.36418692731438,37.83154322264555,37.23334712919507,37.77306365966797,28774000,0.0,0.0
2016-03-22 00:00:00-04:00,37.58869731685704,37.913813586195,37.56094353509855,37.668487548828125,22096000,0.0,0.0
2016-03-23 00:00:00-04:00,37.83203111887832,37.93313578246761,37.469246910490774,37.545074462890625,24678000,0.0,0.0
2016-03-24 00:00:00-04:00,37.22987874248815,37.54508077994394,37.195186515983465,37.4102783203125,31116000,0.0,0.0
2016-03-28 00:00:00-04:00,37.47618893008847,37.581755382538326,37.271506699205716,37.33296203613281,21676000,0.0,0.0
2016-03-29 00:00:00-04:00,37.35278180023132,38.02185204152048,37.08565357421941,37.957916259765625,40062000,0.0,0.0
2016-03-30 00:00:00-04:00,38.07289877678006,38.52390146744234,38.04167766593799,38.079341888427734,40396000,0.0,0.0
2016-03-31 00:00:00-04:00,38.07934687394664,38.116020435010334,37.579279671369484,37.80973815917969,32554000,0.0,0.0
2016-04-01 00:00:00-04:00,37.525257812808825,38.16359474513441,37.428115802807774,38.145259857177734,31674000,0.0,0.0
2016-04-04 00:00:00-04:00,38.13732629724727,38.28254208599755,37.75472116728307,37.91975784301758,26924000,0.0,0.0
2016-04-05 00:00:00-04:00,37.57333636073618,37.80825285145234,37.44794522203657,37.59514236450195,24478000,0.0,0.0
2016-04-06 00:00:00-04:00,37.55895059001251,38.08330411628914,37.48262770609043,38.065956115722656,25312000,0.0,0.0
2016-04-07 00:00:00-04:00,37.929668231923635,38.129892464461776,37.542105990186734,37.67195510864258,25498000,0.0,0.0
2016-04-08 00:00:00-04:00,37.9569232747529,38.01936927222028,37.45636462887176,37.63973617553711,23434000,0.0,0.0
2016-04-11 00:00:00-04:00,37.936106613668265,38.023829719360386,37.53417219935936,37.54408264160156,31774000,0.0,0.0
2016-04-12 00:00:00-04:00,37.58819408465897,37.90983917309986,37.248206548395515,37.880104064941406,27388000,0.0,0.0
2016-04-13 00:00:00-04:00,38.17697269579462,38.44658135582549,37.893487147241345,38.25627136230469,35426000,0.0,0.0
2016-04-14 00:00:00-04:00,38.42725927040718,38.637889282636884,38.32119748343934,38.42874526977539,26992000,0.0,0.0
2016-04-15 00:00:00-04:00,38.43419423596172,38.70330756283231,38.40594134467896,38.6572151184082,31712000,0.0,0.0
2016-04-18 00:00:00-04:00,38.666633110755164,39.08096224604647,38.53876910609168,39.037841796875,33540000,0.0,0.0
2016-04-19 00:00:00-04:00,39.17760216297834,39.19990349495738,38.17499129722178,38.47136306762695,43952000,0.0,0.0
2016-04-20 00:00:00-04:00,38.615587370705235,38.64036915114674,38.22455401609145,38.40544891357422,34262000,0.0,0.0
2016-04-21 00:00:00-04:00,38.52389867825192,38.74047644951721,38.23842801630515,38.6572151184082,77628000,0.0,0.0
2016-04-22 00:00:00-04:00,36.86857471363327,37.364675365743686,36.19752695686942,36.564273834228516,140798000,0.0,0.0
2016-04-25 00:00:00-04:00,36.44434086152567,36.91665042613653,36.43194997166625,36.784324645996094,49442000,0.0,0.0
2016-04-26 00:00:00-04:00,36.89385759485888,36.951841823038585,35.6994467742317,35.949729919433594,55864000,0.0,0.0
2016-04-27 00:00:00-04:00,35.947251627582325,36.03794675510101,35.14238814310158,35.755950927734375,66262000,0.0,0.0
2016-04-28 00:00:00-04:00,35.84664094305175,36.14251740082826,34.850968452731756,34.94314956665039,62590000,0.0,0.0
2016-04-29 00:00:00-04:00,34.896565106078796,35.29255178349334,34.87971243700678,35.08291244506836,58278000,0.0,0.0
2016-05-02 00:00:00-04:00,35.28313772386354,35.456103511833895,35.00758126259808,35.40654373168945,33476000,0.0,0.0
2016-05-03 00:00:00-04:00,35.31187925151295,35.35499591637051,35.05565214659249,35.11066436767578,38620000,0.0,0.0
2016-05-04 00:00:00-04:00,35.02789665021826,35.438255508178365,34.89309043605963,35.25587463378906,34172000,0.0,0.0
2016-05-05 00:00:00-04:00,35.43578182905848,35.562159829605726,35.1607207139638,35.421409606933594,29668000,0.0,0.0
2016-05-06 00:00:00-04:00,35.29701734414304,35.98045610469309,35.28462645285615,35.940311431884766,39952000,0.0,0.0
2016-05-09 00:00:00-04:00,36.015636257808204,36.39180201162871,35.85704271299202,36.136070251464844,38074000,0.0,0.0
2016-05-10 00:00:00-04:00,36.42501523603503,36.67479926638615,36.2589878822856,36.644073486328125,32634000,0.0,0.0
2016-05-11 00:00:00-04:00,36.70057079973156,36.71444768996058,36.075116291978944,36.206451416015625,29834000,0.0,0.0
2016-05-12 00:00:00-04:00,36.2783098372931,36.44533162193915,35.89520938504354,36.08353805541992,27094000,0.0,0.0
2016-05-13 00:00:00-04:00,36.01167979091152,36.24312514648565,35.857544217073524,35.92296600341797,25244000,0.0,0.0
2016-05-16 00:00:00-04:00,35.897689465754084,36.31201484870104,35.68358832902154,36.194061279296875,22538000,0.0,0.0
2016-05-17 00:00:00-04:00,36.23173047141519,36.469123617440545,35.58446992737269,35.6930046081543,33404000,0.0,0.0
2016-05-18 00:00:00-04:00,35.609244797523075,35.95963815434279,35.43677434186829,35.77180480957031,32536000,0.0,0.0
2016-05-19 00:00:00-04:00,35.59933678611422,35.708370579090975,35.20334628683984,35.451148986816406,30598000,0.0,0.0
2016-05-20 00:00:00-04:00,35.5081436446972,36.065200563188185,35.436278749684575,35.768333435058594,34798000,0.0,0.0
2016-05-23 00:00:00-04:00,35.6825923550125,35.857044126838446,35.53192791432116,35.54729080200195,24816000,0.0,0.0
2016-05-24 00:00:00-04:00,35.676152694085864,36.387345186715635,35.66623846927793,36.32936096191406,37884000,0.0,0.0
2016-05-25 00:00:00-04:00,36.42699100225502,36.66934121713391,36.30804678424015,36.58062744140625,32216000,0.0,0.0
2016-05-26 00:00:00-04:00,36.47655159772016,36.72931137520438,36.327872267152486,36.52264404296875,27202000,0.0,0.0
2016-05-27 00:00:00-04:00,36.55139309324433,37.06682315607613,36.52661131110884,37.05146026611328,34802000,0.0,0.0
2016-05-31 00:00:00-04:00,37.108945355955505,37.342871138134186,36.9508471306871,37.113407135009766,42484000,0.0,0.0
2016-06-01 00:00:00-04:00,37.09457721181496,37.23830323069323,36.889891184613965,37.09408187866211,20788000,0.0,0.0
2016-06-02 00:00:00-04:00,36.977120143347165,37.03659415409097,36.52611740283739,36.88642501831055,33916000,0.0,0.0
2016-06-03 00:00:00-04:00,36.74864351332822,36.74864351332822,36.372973040626626,36.4696159362793,24608000,0.0,0.0
2016-06-06 00:00:00-04:00,36.60045118033426,36.60045118033426,36.09444009764339,36.182159423828125,29992000,0.0,0.0
2016-06-07 00:00:00-04:00,36.34125463134832,36.511739965032035,36.21883929516108,36.233211517333984,24314000,0.0,0.0
2016-06-08 00:00:00-04:00,36.65001354237281,36.86361932385866,36.46515598641689,36.82000732421875,32314000,0.0,0.0
2016-06-09 00:00:00-04:00,36.529582434418245,36.86956620870223,36.50133332383964,36.799686431884766,19180000,0.0,0.0
2016-06-10 00:00:00-04:00,36.47407546012849,36.65695168217192,36.20446679145563,36.33728790283203,29050000,0.0,0.0
2016-06-13 00:00:00-04:00,36.170270234252484,36.625235575784615,36.170270234252484,36.27236557006836,23354000,0.0,0.0
2016-06-14 00:00:00-04:00,36.144992442150475,36.476551774894105,36.00572822072335,36.34025955200195,26584000,0.0,0.0
2016-06-15 00:00:00-04:00,36.42302130101448,36.533541065697015,36.24410776632347,36.287723541259766,23234000,0.0,0.0
2016-06-16 00:00:00-04:00,36.078089168946725,36.198523185688515,35.46254887132927,35.894222259521484,45002000,0.0,0.0
2016-06-17 00:00:00-04:00,35.75247351555074,35.75247351555074,34.74788128177371,34.90300750732422,82262000,0.0,0.0
2016-06-20 00:00:00-04:00,35.20333265793084,35.4788890326262,34.96048716469837,34.99617004394531,45654000,0.0,0.0
2016-06-21 00:00:00-04:00,35.19045721583172,35.45461723208789,34.92332898205012,35.13247299194336,30318000,0.0,0.0
2016-06-22 00:00:00-04:00,35.388700762412896,35.39662987357787,34.98379051052334,35.211273193359375,29058000,0.0,0.0
2016-06-23 00:00:00-04:00,35.215243030499835,35.429839510418546,34.7047700563492,35.429344177246094,42500000,0.0,0.0
2016-06-24 00:00:00-04:00,34.205194243838825,34.94017783883471,33.944505340796354,33.95887756347656,95436000,0.0,0.0
2016-06-27 00:00:00-04:00,33.824571511160016,33.866202181164574,33.33739058054538,33.75766372680664,58146000,0.0,0.0
2016-06-28 00:00:00-04:00,34.26466493880656,34.33256338072769,33.94153006393114,34.259212493896484,38246000,0.0,0.0
2016-06-29 00:00:00-04:00,34.407902265070526,34.66759674593767,34.32959425122741,34.4539909362793,43124000,0.0,0.0
2016-06-30 00:00:00-04:00,34.57590634410154,34.879216571077094,34.43961411896773,34.8673210144043,42250000,0.0,0.0
2016-07-01 00:00:00-04:00,34.94513433546539,35.313367235564,34.87723588818272,35.20037078857422,30984000,0.0,0.0
2016-07-05 00:00:00-04:00,34.94067449386487,35.094806284256386,34.6492598019758,34.93472671508789,28440000,0.0,0.0
2016-07-06 00:00:00-04:00,34.684443712146134,35.33666125894129,34.64281304625508,35.136932373046875,28902000,0.0,0.0
2016-07-07 00:00:00-04:00,35.19343440677907,35.19640640559248,34.7255828073127,35.05218505859375,21174000,0.0,0.0
2016-07-08 00:00:00-04:00,35.21573170373295,35.5795065854869,35.094307038399194,35.57355880737305,29946000,0.0,0.0
2016-07-11 00:00:00-04:00,35.65483964245859,36.12615853088788,35.627581197812525,36.04042053222656,28822000,0.0,0.0
2016-07-12 00:00:00-04:00,36.27434527631634,36.456726158764525,36.055287059213185,36.303585052490234,26468000,0.0,0.0
2016-07-13 00:00:00-04:00,36.45276707350309,36.45276707350309,36.13062282737658,36.153419494628906,20436000,0.0,0.0
2016-07-14 00:00:00-04:00,36.37445938869399,36.48349317584354,36.20843204232315,36.466644287109375,21408000,0.0,0.0
2016-07-15 00:00:00-04:00,36.72435517948532,36.72435517948532,36.40914939468756,36.45821762084961,32342000,0.0,0.0
2016-07-18 00:00:00-04:00,36.571218242041624,37.4251461342427,36.50183378855575,37.32899856567383,38698000,0.0,0.0
2016-07-19 00:00:00-04:00,37.16395502993372,37.49700034530785,37.095561255359605,37.33940124511719,30436000,0.0,0.0
2016-07-20 00:00:00-04:00,37.37111690963713,37.697722888389535,37.37111690963713,37.52128601074219,22502000,0.0,0.0
2016-07-21 00:00:00-04:00,37.517324947153064,37.574322287069656,37.24573492896354,37.38896560668945,19062000,0.0,0.0
2016-07-22 00:00:00-04:00,37.53318328327575,37.63874594615947,37.30222950976269,37.63032150268555,20920000,0.0,0.0
2016-07-25 00:00:00-04:00,37.55102756110182,37.6570893515757,37.37211398748853,37.54309844970703,21466000,0.0,0.0
2016-07-26 00:00:00-04:00,37.54309454738367,37.629331659822384,37.3066921048537,37.549537658691406,23792000,0.0,0.0
2016-07-27 00:00:00-04:00,37.614962016401726,37.886552032613274,37.46429756172638,37.763641357421875,32172000,0.0,0.0
2016-07-28 00:00:00-04:00,38.10412364097325,38.11056675261623,37.62090539242534,37.955440521240234,73464000,0.0,0.0
2016-07-29 00:00:00-04:00,39.53493558365979,39.843694475059195,39.15282201975039,39.219234466552734,101810000,0.0,0.0
2016-08-01 00:00:00-04:00,38.98778516590981,40.019635846117126,38.90700049731334,39.69501495361328,60594000,0.0,0.0
2016-08-02 00:00:00-04:00,39.516107220928454,39.76341459412957,39.37733831034851,39.654380798339844,39928000,0.0,0.0
2016-08-03 00:00:00-04:00,39.473481146964616,39.625631597185055,39.302496695090355,39.59490203857422,29206000,0.0,0.0
2016-08-04 00:00:00-04:00,39.56119899614677,39.65833721825531,39.347097884801826,39.51213455200195,21520000,0.0,0.0
2016-08-05 00:00:00-04:00,39.653879873633365,40.00625454641869,39.539888981062546,39.99188232421875,36146000,0.0,0.0
2016-08-08 00:00:00-04:00,39.94579047542505,40.025089146429046,39.732184690456634,39.907630920410156,24426000,0.0,0.0
2016-08-09 00:00:00-04:00,39.870950562966186,40.30906699038392,39.8496398975113,40.01913833618164,32154000,0.0,0.0
2016-08-10 00:00:00-04:00,39.997829017735775,40.18764368094775,39.97007524028606,40.06919479370117,18370000,0.0,0.0
2016-08-11 00:00:00-04:00,40.167325944496035,40.336329065313144,39.9457910454994,40.05482482910156,25646000,0.0,0.0
2016-08-12 00:00:00-04:00,39.90068740973007,40.004764066332065,39.82882252561099,39.997825622558594,17946000,0.0,0.0
2016-08-15 00:00:00-04:00,40.00576017862901,40.21143685461679,39.84815728255682,39.943809509277344,18596000,0.0,0.0
2016-08-16 00:00:00-04:00,39.82188370623302,39.8595517041727,39.49973951626442,39.707401275634766,21158000,0.0,0.0
2016-08-17 00:00:00-04:00,39.648427587107115,39.92745515071366,39.46505224829601,39.91704559326172,21322000,0.0,0.0
2016-08-18 00:00:00-04:00,39.9140751610742,40.044914946997075,39.72921381570619,39.78472137451172,17292000,0.0,0.0
2016-08-19 00:00:00-04:00,39.638022887567416,39.709392455669665,39.49380531421707,39.63108444213867,22416000,0.0,0.0
2016-08-22 00:00:00-04:00,39.574578412862294,39.61373241191116,39.36741575715113,39.49726486206055,17056000,0.0,0.0
2016-08-23 00:00:00-04:00,39.67221780054036,39.697990248322824,39.4496922247707,39.479427337646484,18350000,0.0,0.0
2016-08-24 00:00:00-04:00,39.49281100041702,39.572109680539256,39.19049139949707,39.33124542236328,25672000,0.0,0.0
2016-08-25 00:00:00-04:00,39.25194686604247,39.386753110207785,39.015544386757746,39.217254638671875,24054000,0.0,0.0
2016-08-26 00:00:00-04:00,39.276226412063025,39.61869062709114,39.123580638463466,39.31240463256836,24978000,0.0,0.0
2016-08-29 00:00:00-04:00,39.303978411853706,39.575073058599536,39.16867686442419,39.441261291503906,15474000,0.0,0.0
2016-08-30 00:00:00-04:00,39.2955604744987,39.549310943987535,39.12655734549554,39.247982025146484,23348000,0.0,0.0
2016-08-31 00:00:00-04:00,39.132994853194525,39.230628403602715,39.014050637432526,39.1453857421875,21428000,0.0,0.0
2016-09-01 00:00:00-04:00,39.25095055981818,39.296052339503966,38.97093611526492,39.222206115722656,26070000,0.0,0.0
2016-09-02 00:00:00-04:00,39.41400650257104,39.504701615264096,39.314387831720914,39.49330139160156,26998000,0.0,0.0
2016-09-06 00:00:00-04:00,39.568635584981635,40.18814229736059,39.421937575215,40.04590606689453,39790000,0.0,0.0
2016-09-07 00:00:00-04:00,40.04143874075255,40.1737645092041,39.83279008865159,40.04441452026367,22906000,0.0,0.0
2016-09-08 00:00:00-04:00,39.90713045133358,40.065723991762134,39.69847802427951,39.7891731262207,23554000,0.0,0.0
2016-09-09 00:00:00-04:00,39.58746548560531,39.7351579274899,39.05617727985102,39.07748794555664,37752000,0.0,0.0
2016-09-12 00:00:00-04:00,38.88123097546408,39.656850743766306,38.83067675148479,39.58994674682617,37274000,0.0,0.0
2016-09-13 00:00:00-04:00,39.35156472404743,39.43978318070156,38.871817548900104,39.08938980102539,36180000,0.0,0.0
2016-09-14 00:00:00-04:00,39.03040522123774,39.4665403258251,39.03040522123774,39.17561721801758,25842000,0.0,0.0
2016-09-15 00:00:00-04:00,39.15331494197176,39.829319800381704,39.0864071661914,39.70938491821289,31144000,0.0,0.0
2016-09-16 00:00:00-04:00,39.59986127352179,39.59986127352179,39.332233914655745,39.547821044921875,42612000,0.0,0.0
2016-09-19 00:00:00-04:00,39.70344946713082,39.84618483938841,39.32926870199164,39.41996383666992,22990000,0.0,0.0
2016-09-20 00:00:00-04:00,39.648432357685046,39.78472460014842,39.562195232595236,39.63752746582031,20984000,0.0,0.0
2016-09-21 00:00:00-04:00,39.710873850467394,39.94133230354657,39.45167095268349,39.8977165222168,26970000,0.0,0.0
2016-09-22 00:00:00-04:00,40.144037066542495,40.59305467798148,40.03054527609575,40.43892288208008,35186000,0.0,0.0
2016-09-23 00:00:00-04:00,40.398778023708374,40.4909591446998,40.27933845482215,40.38985824584961,28234000,0.0,0.0
2016-09-26 00:00:00-04:00,40.1351165669417,40.14800279099259,39.670732292642924,39.77976608276367,29454000,0.0,0.0
2016-09-27 00:00:00-04:00,39.73912921617685,40.317005324515556,39.73912921617685,40.18021774291992,27346000,0.0,0.0
2016-09-28 00:00:00-04:00,39.8506351888649,40.15642588025877,39.786207851953975,40.14700698852539,29406000,0.0,0.0
2016-09-29 00:00:00-04:00,40.00675285994037,40.33781689063875,39.69105171878386,39.77927017211914,27000000,0.0,0.0
2016-09-30 00:00:00-04:00,39.826843227920286,40.04936877308175,39.72276656600172,39.849639892578125,33204000,0.0,0.0
2016-10-03 00:00:00-04:00,39.774807035297634,39.8238714822314,39.461586351677724,39.66726303100586,29784000,0.0,0.0
2016-10-04 00:00:00-04:00,39.896230316501224,39.97057187456696,39.63207408904432,39.78670120239258,25174000,0.0,0.0
2016-10-05 00:00:00-04:00,39.945787351078884,40.06968867895516,39.6836124740355,39.70938491821289,24276000,0.0,0.0
2016-10-06 00:00:00-04:00,39.850638581396424,39.99287860523828,39.67371011110008,39.80107879638672,21998000,0.0,0.0
2016-10-07 00:00:00-04:00,39.942324210902484,39.94281954402184,39.490826182027234,39.683616638183594,23262000,0.0,0.0
2016-10-10 00:00:00-04:00,39.843199475461454,40.50978927104781,39.75944280719498,40.35070037841797,29922000,0.0,0.0
2016-10-11 00:00:00-04:00,40.35070446903955,40.63270406059617,40.01369264823169,40.12272644042969,34432000,0.0,0.0
2016-10-12 00:00:00-04:00,40.24117704383245,40.36705973086314,40.0721776837208,40.23176193237305,18158000,0.0,0.0
2016-10-13 00:00:00-04:00,39.94926736316768,39.973550032383905,39.58003996262339,39.85063934326172,27380000,0.0,0.0
2016-10-14 00:00:00-04:00,40.017656968726286,40.14849675617935,39.76341117187792,39.876407623291016,22238000,0.0,0.0
2016-10-17 00:00:00-04:00,39.94529312950807,40.31699712347975,39.838244466449275,39.98741912841797,21128000,0.0,0.0
2016-10-18 00:00:00-04:00,40.35267902685948,41.07626233040071,40.30906702976991,40.71348190307617,45786000,0.0,0.0
2016-10-19 00:00:00-04:00,40.78237229168514,41.125331844676545,40.78237229168514,40.97863006591797,30002000,0.0,0.0
2016-10-20 00:00:00-04:00,41.014316002207444,41.05941778444078,40.66689842563288,40.72042465209961,27878000,0.0,0.0
2016-10-21 00:00:00-04:00,40.639639744733856,40.852254868840504,40.55588307366705,40.84085464477539,32316000,0.0,0.0
2016-10-24 00:00:00-04:00,41.13970145953369,41.528749651753806,41.087661239596805,41.419715881347656,28952000,0.0,0.0
2016-10-25 00:00:00-04:00,41.5565137984551,41.5565137984551,40.90231479392144,41.06338882446289,37814000,0.0,0.0
2016-10-26 00:00:00-04:00,40.992506707961205,41.02175026562118,40.458741829048265,40.74371337890625,35898000,0.0,0.0
2016-10-27 00:00:00-04:00,40.78882200989298,40.96575047897831,40.372511500088656,40.50830841064453,59470000,0.0,0.0
2016-10-28 00:00:00-04:00,41.13227152883113,41.58128909299578,40.49095506814586,40.61783218383789,87098000,0.0,0.0
2016-10-31 00:00:00-04:00,40.760068919652475,40.76998314410577,40.04491378761631,40.139076232910156,44854000,0.0,0.0
2016-11-01 00:00:00-04:00,40.187156927393865,40.340301850315996,39.562197687099165,39.92002487182617,47118000,0.0,0.0
2016-11-02 00:00:00-04:00,39.98346018067606,39.98346018067606,38.90502165235675,39.074520111083984,47014000,0.0,0.0
2016-11-03 00:00:00-04:00,38.88023714275998,39.15282159035013,38.589317808412105,38.76575469970703,43504000,0.0,0.0
2016-11-04 00:00:00-04:00,38.226039857728104,39.077491011276464,38.211172301992065,38.711734771728516,39412000,0.0,0.0
2016-11-07 00:00:00-05:00,39.39814622472811,39.89622820947668,39.29654622677632,39.7490348815918,39852000,0.0,0.0
2016-11-08 00:00:00-05:00,39.74903214356209,40.443371850995696,39.629588819623756,40.242156982421875,35382000,0.0,0.0
2016-11-09 00:00:00-05:00,39.73912111484091,40.22877866177409,39.25392534680473,39.92546844482422,61970000,0.0,0.0
2016-11-10 00:00:00-05:00,40.14403666145616,40.147008660336425,38.07389197576204,38.671592712402344,118192000,0.0,0.0
2016-11-11 00:00:00-05:00,38.49911909517045,38.5229064277716,37.94057240987771,38.24834442138672,71852000,0.0,0.0
2016-11-14 00:00:00-05:00,38.248840854084165,38.24983152032493,36.85271987668482,37.329986572265625,73766000,0.0,0.0
2016-11-15 00:00:00-05:00,37.93709691870936,38.6691084170597,37.92470981131659,38.41733932495117,58878000,0.0,0.0
2016-11-16 00:00:00-05:00,38.18242398817948,38.83067506453903,37.979723111489506,38.65622329711914,35968000,0.0,0.0
2016-11-17 00:00:00-05:00,38.78111892679174,39.09830605066433,38.64978381055553,38.96250915527344,30674000,0.0,0.0
2016-11-18 00:00:00-05:00,39.012564505928886,39.216751382413634,38.426759424297934,38.45748519897461,36126000,0.0,0.0
2016-11-21 00:00:00-05:00,38.56305261254396,38.9818397549944,38.473843494736954,38.895111083984375,32616000,0.0,0.0
2016-11-22 00:00:00-05:00,39.102773073297676,39.339670891165404,38.842579471482374,38.905025482177734,27884000,0.0,0.0
2016-11-23 00:00:00-05:00,39.12904006030394,39.12904006030394,38.29295170680394,38.607662200927734,26260000,0.0,0.0
2016-11-25 00:00:00-05:00,38.786570806756636,38.800943029061486,38.567512578130156,38.668617248535156,12270000,0.0,0.0
2016-11-28 00:00:00-05:00,38.57544368984835,39.63554355069087,38.56305279931008,38.944175720214844,51508000,0.0,0.0
2016-11-29 00:00:00-05:00,39.072533106258426,39.47199089524917,38.92186865716406,39.12506866455078,31240000,0.0,0.0
2016-11-30 00:00:00-05:00,39.108226921636955,39.227666501205285,38.31773564315919,38.453033447265625,45582000,0.0,0.0
2016-12-01 00:00:00-05:00,38.585353055267866,38.58782972059604,37.33692089027786,37.88059997558594,57342000,0.0,0.0
2016-12-02 00:00:00-05:00,37.76017727757142,38.18639823130703,37.61645125538902,37.88705062866211,34376000,0.0,0.0
2016-12-05 00:00:00-05:00,38.161617101875095,38.65722251878257,38.01144796481699,38.56900405883789,33770000,0.0,0.0
2016-12-06 00:00:00-05:00,38.6666299096024,38.91889434740982,38.32615081063354,38.467891693115234,34682000,0.0,0.0
2016-12-07 00:00:00-05:00,38.65473992575676,39.25194148786914,38.3365583627035,39.225677490234375,40588000,0.0,0.0
2016-12-08 00:00:00-05:00,39.29902934303051,39.59887227418373,39.049245310041684,39.409053802490234,32250000,0.0,0.0
2016-12-09 00:00:00-05:00,39.613732610449105,40.14155347598476,39.55178194665078,40.11677169799805,38090000,0.0,0.0
2016-12-12 00:00:00-05:00,39.88731696302968,40.210947245290896,39.87294473843715,40.03996276855469,32572000,0.0,0.0
2016-12-13 00:00:00-05:00,40.26248491109173,40.85275185979928,40.24018357634392,40.408687591552734,42564000,0.0,0.0
2016-12-14 00:00:00-05:00,40.43743494937671,40.85076964828635,40.2818133802911,40.53506851196289,35994000,0.0,0.0
2016-12-15 00:00:00-05:00,40.50879288524886,40.78831574324025,40.24314691449221,40.42404556274414,35394000,0.0,0.0
2016-12-16 00:00:00-05:00,40.555890088482364,40.59999743067849,40.05086574679857,40.136112213134766,51978000,0.0,0.0
2016-12-19 00:00:00-05:00,40.10835247157643,40.45230272271957,39.87145089419559,40.26793670654297,25272000,0.0,0.0
2016-12-20 00:00:00-05:00,40.31105353874846,40.465684443032714,40.19359530642945,40.40174865722656,25438000,0.0,0.0
2016-12-21 00:00:00-05:00,40.42751496734976,40.42751496734976,39.90118389150006,40.2530632019043,29192000,0.0,0.0
2016-12-22 00:00:00-05:00,40.09943319620675,40.197066760539705,39.947278956295136,40.128177642822266,22632000,0.0,0.0
2016-12-23 00:00:00-05:00,40.045409405045106,40.19210740994424,39.90168339880181,40.03499984741211,15310000,0.0,0.0
2016-12-27 00:00:00-05:00,40.07861329342723,40.44139754446835,39.9358817294239,40.14056396484375,19520000,0.0,0.0
2016-12-28 00:00:00-05:00,40.30906990444392,40.30906990444392,39.76935722258876,39.87491989135742,24296000,0.0,0.0
2016-12-29 00:00:00-05:00,39.76390976405509,39.93340445506653,39.556251732206235,39.791168212890625,21148000,0.0,0.0
2016-12-30 00:00:00-05:00,39.80751963918284,39.81148608547194,39.133991347345344,39.27425003051758,34718000,0.0,0.0
2017-01-03 00:00:00-05:00,39.67915479848779,40.215400163981705,39.494297234860426,40.04541015625,39180000,0.0,0.0
2017-01-04 00:00:00-05:00,40.138583272344896,40.314029512552445,39.85212569234741,40.03351593017578,30306000,0.0,0.0
2017-01-05 00:00:00-05:00,40.02013366876819,40.329391692211246,39.94182944194694,40.29370880126953,26810000,0.0,0.0
2017-01-06 00:00:00-05:00,40.39134357450403,41.08370587083206,40.218377778999574,40.89785385131836,40342000,0.0,0.0
2017-01-09 00:00:00-05:00,40.95533110899734,41.156545961058,40.71991937406462,40.99547576904297,28178000,0.0,0.0
2017-01-10 00:00:00-05:00,40.99003938267125,41.10601163006796,40.795267564482984,40.937503814697266,23948000,0.0,0.0
2017-01-11 00:00:00-05:00,40.967732442570274,41.13028867503638,40.71249597903308,41.1283073425293,26508000,0.0,0.0
2017-01-12 00:00:00-05:00,41.054956395324226,41.1540797380877,40.68969547940006,41.11195373535156,26990000,0.0,0.0
2017-01-13 00:00:00-05:00,41.18479954349188,41.365694418692534,41.11145243977034,41.181827545166016,25804000,0.0,0.0
2017-01-17 00:00:00-05:00,41.13524393666642,41.14416371371589,40.798232148348184,41.009361267089844,28818000,0.0,0.0
2017-01-18 00:00:00-05:00,41.12533622299769,41.125831556135054,40.84184685932916,41.08667755126953,20554000,0.0,0.0
2017-01-19 00:00:00-05:00,41.085680381991025,41.28392325945875,40.83589639821261,40.8562126159668,21410000,0.0,0.0
2017-01-20 00:00:00-05:00,41.090141366416965,41.0975789251788,40.8676158093793,41.04454803466797,26124000,0.0,0.0
2017-01-23 00:00:00-05:00,41.21503792479932,41.90541505595806,41.07081658690556,41.85040283203125,49148000,0.0,0.0
2017-01-24 00:00:00-05:00,41.976786686129884,42.20179272541414,41.74385153490285,42.10316848754883,33768000,0.0,0.0
2017-01-25 00:00:00-05:00,42.302392951398055,42.56208738147055,42.11356518034943,42.54523849487305,33108000,0.0,0.0
2017-01-26 00:00:00-05:00,42.574976074738686,42.67161896467169,42.15222629321086,42.47238540649414,69866000,0.0,0.0
2017-01-27 00:00:00-05:00,42.57250452723299,42.96898657770264,41.725019748745005,41.88014221191406,75050000,0.0,0.0
2017-01-30 00:00:00-05:00,41.485137350243214,41.49356179325452,40.690679856229195,40.82945251464844,70338000,0.0,0.0
2017-01-31 00:00:00-05:00,40.61485858940405,40.79179082585236,40.312539010984466,40.64905548095703,40404000,0.0,0.0
2017-02-01 00:00:00-05:00,40.83787846618756,40.83787846618756,40.25554071210372,40.40372848510742,45020000,0.0,0.0
2017-02-02 00:00:00-05:00,40.391836386188395,40.86563574026151,40.245633714111534,40.553401947021484,33784000,0.0,0.0
2017-02-03 00:00:00-05:00,40.794766956644644,40.94344630033324,40.60742516059685,40.64608383178711,30562000,0.0,0.0
2017-02-06 00:00:00-05:00,40.68524032904905,40.75809211538138,40.35665294730483,40.719932556152344,27018000,0.0,0.0
2017-02-07 00:00:00-05:00,40.91222267401646,41.23040045799427,40.8026935602112,41.09708023071289,33332000,0.0,0.0
2017-02-08 00:00:00-05:00,41.161510906122565,41.34587690892009,40.89289290319513,41.129295349121094,26044000,0.0,0.0
2017-02-09 00:00:00-05:00,41.22098393250447,41.23337482305369,40.96178480307231,41.13821792602539,23884000,0.0,0.0
2017-02-10 00:00:00-05:00,41.28144413099598,41.48959745745707,41.16051858088604,41.3756103515625,28302000,0.0,0.0
2017-02-13 00:00:00-05:00,41.51685777422816,41.71708578052589,41.44499666345865,41.579307556152344,25914000,0.0,0.0
2017-02-14 00:00:00-05:00,41.61944943967063,41.72996922167475,41.424182322004725,41.6323356628418,27266000,0.0,0.0
2017-02-15 00:00:00-05:00,41.571866423626524,41.71856819347439,41.44350710147008,41.498023986816406,27144000,0.0,0.0
2017-02-16 00:00:00-05:00,41.556510154089004,41.76416817205984,41.49505481502457,41.738399505615234,20102000,0.0,0.0
2017-02-17 00:00:00-05:00,41.69577280236272,41.97480037379348,41.619945242974794,41.95547103881836,29224000,0.0,0.0
2017-02-21 00:00:00-05:00,42.02684576320654,42.23549446514243,41.95547619308204,42.09028244018555,25206000,0.0,0.0
2017-02-22 00:00:00-05:00,42.027332624205016,42.31428550287542,41.96339684576994,42.19385528564453,24488000,0.0,0.0
2017-02-23 00:00:00-05:00,42.179984207550014,42.256307104556726,41.75475393767762,42.17601776123047,27734000,0.0,0.0
2017-02-24 00:00:00-05:00,42.00998470796554,42.04517226224547,41.77754493531882,42.017913818359375,26924000,0.0,0.0
2017-02-27 00:00:00-05:00,41.87618160158633,42.15966720796952,41.78003402847185,42.110107421875,20206000,0.0,0.0
2017-02-28 00:00:00-05:00,41.9951179586377,42.06846884823217,41.70221351451448,41.875179290771484,27662000,0.0,0.0
2017-03-01 00:00:00-05:00,42.19485334665738,42.52294539628039,42.07789044045722,42.460994720458984,36374000,0.0,0.0
2017-03-02 00:00:00-05:00,42.43917765645255,42.44810121418315,42.06301566759092,42.1190185546875,25018000,0.0,0.0
2017-03-03 00:00:00-05:00,42.07391406473972,42.16708961364861,41.864274751447134,42.08085250854492,20100000,0.0,0.0
2017-03-06 00:00:00-05:00,41.97082609023668,42.07391207635196,41.68882657277794,41.991146087646484,20958000,0.0,0.0
2017-03-07 00:00:00-05:00,41.99065833838675,42.29149190852137,41.90442500295243,42.183448791503906,20774000,0.0,0.0
2017-03-08 00:00:00-05:00,42.28107798953255,42.46990575827969,42.188401552038954,42.30685043334961,20576000,0.0,0.0
2017-03-09 00:00:00-05:00,42.30933792551901,42.657250850313126,42.25878369558707,42.515010833740234,26954000,0.0,0.0
2017-03-10 00:00:00-05:00,42.75587230943153,42.831699868243035,42.50361163394986,42.69194030761719,26732000,0.0,0.0
2017-03-13 00:00:00-04:00,42.66319280501073,42.97542279504392,42.66269747193541,42.84904479980469,23332000,0.0,0.0
2017-03-14 00:00:00-04:00,42.80791793381227,42.99773641191834,42.62850901468363,42.91497039794922,21234000,0.0,0.0
2017-03-15 00:00:00-04:00,43.01556716801301,43.111714720328585,42.68648451215611,43.03786849975586,26658000,0.0,0.0
2017-03-16 00:00:00-04:00,43.14393593278652,43.25197905533206,42.994757472865295,43.11766815185547,22090000,0.0,0.0
2017-03-17 00:00:00-04:00,43.30004152612913,43.3367188588941,43.03687599178794,43.2351188659668,37366000,0.0,0.0
2017-03-20 00:00:00-04:00,43.09189275232527,43.13451408619213,42.85350897006519,43.01408386230469,30844000,0.0,0.0
2017-03-21 00:00:00-04:00,43.12064047188316,43.28964360204581,42.011971468197636,42.13339614868164,50760000,0.0,0.0
2017-03-22 00:00:00-04:00,42.1006846270906,42.391607766535,41.97777394901964,42.116546630859375,27334000,0.0,0.0
2017-03-23 00:00:00-04:00,41.699739620342264,41.714607176249935,41.28392826337118,41.613502502441406,65754000,0.0,0.0
2017-03-24 00:00:00-04:00,41.72996406417665,41.829087391254454,41.09063656507423,41.38998031616211,42114000,0.0,0.0
2017-03-27 00:00:00-04:00,41.040586106484,41.69924685439289,40.8527527512607,41.5570068359375,38692000,0.0,0.0
2017-03-28 00:00:00-04:00,41.61549107218499,41.8984813345581,41.24774968422958,41.662078857421875,30384000,0.0,0.0
2017-03-29 00:00:00-04:00,41.76714415832058,42.20525686407022,41.6992457070174,42.12001419067383,29146000,0.0,0.0
2017-03-30 00:00:00-04:00,42.22458646541576,42.22557713169372,41.96637799675448,42.100685119628906,18988000,0.0,0.0
2017-03-31 00:00:00-04:00,41.96934794210027,42.10464950580158,41.89054838399907,42.01742172241211,28820000,0.0,0.0
2017-04-03 00:00:00-04:00,42.064508882734316,42.57250518070368,42.00404420640008,42.460994720458984,39388000,0.0,0.0
2017-04-04 00:00:00-04:00,42.02733413909203,42.27513680788109,42.0030476928391,42.25382614135742,26970000,0.0,0.0
2017-04-05 00:00:00-04:00,42.359889324830746,42.65130402851697,42.00354816627238,42.07243728637695,37104000,0.0,0.0
2017-04-06 00:00:00-04:00,42.10167739213512,42.30438208878113,41.829096689706155,41.88361358642578,30672000,0.0,0.0
2017-04-07 00:00:00-04:00,41.87865797127684,41.922269977744456,41.49704346176193,41.73493194580078,22232000,0.0,0.0
2017-04-10 00:00:00-04:00,41.70717403821957,41.96489094846952,41.67000514788011,41.71510314941406,20924000,0.0,0.0
2017-04-11 00:00:00-04:00,41.71510059658797,41.860312598342034,41.363221258622275,41.624900817871094,19486000,0.0,0.0
2017-04-12 00:00:00-04:00,41.554522007281776,41.8152108771312,41.51140534473111,41.70320510864258,22716000,0.0,0.0
2017-04-13 00:00:00-04:00,41.68239184329021,41.81571207639956,41.52429739175912,41.6397705078125,21474000,0.0,0.0
2017-04-17 00:00:00-04:00,41.69924557699476,42.40598008693828,41.68189757378667,42.38070297241211,20982000,0.0,0.0
2017-04-18 00:00:00-04:00,42.25233097956599,42.49269984017101,42.18839898813749,42.324195861816406,18724000,0.0,0.0
2017-04-19 00:00:00-04:00,42.49270868244238,42.63197291631311,42.301404220210685,42.4490966796875,21606000,0.0,0.0
2017-04-20 00:00:00-04:00,42.60916967142538,42.81682765734338,42.498154567972065,42.62602233886719,23776000,0.0,0.0
2017-04-21 00:00:00-04:00,42.65278859097566,42.74299215834196,42.50956169089735,42.57002258300781,23458000,0.0,0.0
2017-04-24 00:00:00-04:00,43.040349892982505,43.611287441402276,42.924873004815744,43.560237884521484,33930000,0.0,0.0
2017-04-25 00:00:00-04:00,43.72527331676111,44.22038329669791,43.57758465769824,44.05138397216797,40760000,0.0,0.0
2017-04-26 00:00:00-04:00,44.17776410670597,44.25706277559072,43.868506104159046,44.066253662109375,26466000,0.0,0.0
2017-04-27 00:00:00-04:00,44.108874854270034,44.276388187176515,43.96911529915087,44.180240631103516,46846000,0.0,0.0
2017-04-28 00:00:00-04:00,46.041743850667366,46.38370901612631,45.7552824685737,45.8197135925293,76918000,0.0,0.0
2017-05-01 00:00:00-04:00,45.80137176571286,46.37974315493096,45.63534441672078,46.23106002807617,46556000,0.0,0.0
2017-05-02 00:00:00-04:00,46.25336102579873,46.735089474021684,46.140856133815674,46.44268035888672,35026000,0.0,0.0
2017-05-03 00:00:00-04:00,46.391149463051164,47.09242784211271,46.34951878705951,47.005699157714844,36496000,0.0,0.0
2017-05-04 00:00:00-04:00,47.096883191610345,47.53549501041145,46.95216651180298,47.316436767578125,38752000,0.0,0.0
2017-05-05 00:00:00-04:00,47.41555441527387,47.50080086615173,46.988342838162104,47.09638595581055,32310000,0.0,0.0
2017-05-08 00:00:00-04:00,46.95612676412164,47.627174513038064,46.95364631760763,47.513187408447266,37534000,0.0,0.0
2017-05-09 00:00:00-04:00,47.6440344231459,47.687151093723344,47.300579495621484,47.415061950683594,33758000,0.0,0.0
2017-05-10 00:00:00-04:00,47.39077766389666,47.415060330649936,47.07458119479416,47.322383880615234,22920000,0.0,0.0
2017-05-11 00:00:00-04:00,47.14644214957609,47.478500621135034,47.013621029653855,47.374420166015625,20622000,0.0,0.0
2017-05-12 00:00:00-04:00,47.47155682649474,47.477996156404416,47.18460016990346,47.33724594116211,24298000,0.0,0.0
2017-05-15 00:00:00-04:00,47.34468362851508,47.711925865625524,47.22226828908867,47.53945541381836,26754000,0.0,0.0
2017-05-16 00:00:00-04:00,47.7540554415305,47.87051922078462,47.59546187985211,47.80658721923828,22030000,0.0,0.0
2017-05-17 00:00:00-04:00,47.56324184890123,47.62717384443515,46.58987078891105,46.6944465637207,48982000,0.0,0.0
2017-05-18 00:00:00-04:00,46.7455023750018,47.2896769064054,46.64985013710831,47.107295989990234,36010000,0.0,0.0
2017-05-19 00:00:00-04:00,47.22227027476678,47.556310082819124,47.18163027095271,47.312965393066406,27206000,0.0,0.0
2017-05-22 00:00:00-04:00,47.42943374835091,47.81699979043075,47.407627746685776,47.77982711791992,27748000,0.0,0.0
2017-05-23 00:00:00-04:00,48.071735260134865,48.2972328096382,47.801132150861164,48.100975036621094,30908000,0.0,0.0
2017-05-24 00:00:00-04:00,48.334414382518816,48.476155293329164,48.15451013038614,48.45088195800781,22660000,0.0,0.0
2017-05-25 00:00:00-04:00,48.51976586231771,49.35139235833887,48.461282523692184,49.15711212158203,39082000,0.0,0.0
2017-05-26 00:00:00-04:00,49.164048445636034,49.38162067313246,48.93408910951656,49.226993560791016,32728000,0.0,0.0
2017-05-30 00:00:00-04:00,49.18883053640427,49.442580987516145,49.13233231350549,49.3707160949707,30324000,0.0,0.0
2017-05-31 00:00:00-04:00,49.37270489662494,49.54071357856738,48.65258882391832,48.920711517333984,34482000,0.0,0.0
2017-06-01 00:00:00-04:00,49.11250460506934,49.220547713164144,48.633252843968585,48.98017883300781,26128000,0.0,0.0
2017-06-02 00:00:00-04:00,48.995054126903604,49.386087508009595,48.91972189541356,49.36824417114258,34710000,0.0,0.0
2017-06-05 00:00:00-04:00,49.455959590462506,49.927278461135025,49.33503025992757,49.75282669067383,27578000,0.0,0.0
2017-06-06 00:00:00-04:00,49.7245796151397,49.987249838305026,49.30282050256548,49.395992279052734,31042000,0.0,0.0
2017-06-07 00:00:00-04:00,49.51543291241337,49.75431580885932,49.35584868643712,49.6348762512207,27482000,0.0,0.0
2017-06-08 00:00:00-04:00,49.77017885483475,49.838077308184594,49.39302614394868,49.77265930175781,33758000,0.0,0.0
2017-06-09 00:00:00-04:00,49.83261955580087,49.83311488886133,47.24952192534461,48.07966232299805,72958000,0.0,0.0
2017-06-12 00:00:00-04:00,47.51467885518779,47.974601334339155,46.4283112185291,47.66781997680664,84042000,0.0,0.0
2017-06-13 00:00:00-04:00,48.17482218698075,48.465741520541656,47.677727071292765,48.0984992980957,40108000,0.0,0.0
2017-06-14 00:00:00-04:00,48.34630551286104,48.554458861456006,47.55382922648001,47.97113037109375,30110000,0.0,0.0
2017-06-15 00:00:00-04:00,46.98438207951829,47.6118179142151,46.605244267306134,47.5870361328125,48552000,0.0,0.0
2017-06-16 00:00:00-04:00,47.474528480380336,47.57563314344855,47.018077169126904,47.50971603393555,51184000,0.0,0.0
2017-06-19 00:00:00-04:00,48.056372402283216,48.53463354571621,47.98451128807248,48.332427978515625,29376000,0.0,0.0
2017-06-20 00:00:00-04:00,48.33687939476241,48.60847315475654,47.98450475421315,48.023658752441406,25946000,0.0,0.0
2017-06-21 00:00:00-04:00,48.11287528216437,48.547025317543245,48.04646283107705,48.499446868896484,23232000,0.0,0.0
2017-06-22 00:00:00-04:00,48.41420061654638,48.59410863498552,48.23776749236839,48.40181350708008,20190000,0.0,0.0
2017-06-23 00:00:00-04:00,48.34629826890119,48.897411117558946,48.29475338201866,48.87114334106445,31280000,0.0,0.0
2017-06-26 00:00:00-04:00,49.06493273333544,49.262680308890175,48.09007552690407,48.177303314208984,30358000,0.0,0.0
2017-06-27 00:00:00-04:00,47.65741581960673,47.935944292584104,46.93829040675244,46.987850189208984,48872000,0.0,0.0
2017-06-28 00:00:00-04:00,47.11521665475445,47.73868597420335,46.39658666647233,47.62816619873047,54912000,0.0,0.0
2017-06-29 00:00:00-04:00,47.14941905217096,47.164781941774216,46.071475834382085,46.47886276245117,64134000,0.0,0.0
2017-06-30 00:00:00-04:00,46.784650589899336,46.83470570190707,46.07196834020589,46.075439453125,45754000,0.0,0.0
2017-07-03 00:00:00-04:00,46.250876562668225,46.30143078311547,45.363247299392924,45.56892395019531,33896000,0.0,0.0
2017-07-05 00:00:00-04:00,45.80384270965106,46.4030293592858,45.52779093999773,46.20330047607422,41882000,0.0,0.0
2017-07-06 00:00:00-04:00,45.84350161742939,46.39560527204689,45.588265127134,45.9768180847168,40298000,0.0,0.0
2017-07-07 00:00:00-04:00,46.140366684742816,46.81786144499741,46.08089267547793,46.627052307128906,33266000,0.0,0.0
2017-07-10 00:00:00-04:00,46.68354639151031,47.23763508563493,46.68354639151031,47.1320686340332,29030000,0.0,0.0
2017-07-11 00:00:00-04:00,47.10827925362049,47.3248570304761,46.84065191907557,47.25745391845703,29224000,0.0,0.0
2017-07-12 00:00:00-04:00,47.62073282407467,48.05537815227755,47.43141349447233,47.95774459838867,32042000,0.0,0.0
2017-07-13 00:00:00-04:00,48.113362698897,48.50489133367571,47.81600027965837,48.016719818115234,30492000,0.0,0.0
2017-07-14 00:00:00-04:00,48.27196213247838,48.44740458220838,48.08115301286966,48.41618347167969,21592000,0.0,0.0
2017-07-17 00:00:00-04:00,48.38694581423202,48.735354063417695,48.113370679440635,48.369102478027344,33210000,0.0,0.0
2017-07-18 00:00:00-04:00,48.24023677588157,49.10705071820422,48.17481878196186,48.91376495361328,28266000,0.0,0.0
2017-07-19 00:00:00-04:00,49.06542572469646,49.34246818180392,48.91674260498172,49.202213287353516,28242000,0.0,0.0
2017-07-20 00:00:00-04:00,49.41185716730162,49.495118512014514,48.79829819261832,49.1734733581543,28368000,0.0,0.0
2017-07-21 00:00:00-04:00,49.01537543208591,49.31819036553997,48.775997173896364,49.2552490234375,29266000,0.0,0.0
2017-07-24 00:00:00-04:00,49.26812745973305,49.86731411964657,49.078309015938686,49.476776123046875,79690000,0.0,0.0
2017-07-25 00:00:00-04:00,48.10841603548102,48.407264518768876,47.76644709944486,48.02565002441406,118672000,0.0,0.0
2017-07-26 00:00:00-04:00,48.211496080939156,48.26948030235561,47.58951274204777,47.841278076171875,44432000,0.0,0.0
2017-07-27 00:00:00-04:00,48.03307940046941,48.0499320697332,46.44119599951269,47.206905364990234,74358000,0.0,0.0
2017-07-28 00:00:00-04:00,46.98288807434725,47.66682201919209,46.850063193545665,47.49534225463867,36276000,0.0,0.0
2017-07-31 00:00:00-04:00,47.57812346433728,47.637102146680185,46.67265057794331,46.8594970703125,45670000,0.0,0.0
2017-08-01 00:00:00-04:00,46.97396848928554,47.30503249084778,46.83272293468783,46.912017822265625,28052000,0.0,0.0
2017-08-02 00:00:00-04:00,47.00173151236813,47.03791352221425,46.216197353781034,46.965553283691406,40788000,0.0,0.0
2017-08-03 00:00:00-04:00,47.03789975284161,47.082502413851856,46.55914335012263,46.60176467895508,22478000,0.0,0.0
2017-08-04 00:00:00-04:00,46.78266137073735,46.960584250992916,46.57698849540803,46.87385559082031,25092000,0.0,0.0
2017-08-07 00:00:00-04:00,46.95959888030009,47.0309684423769,46.760365312332446,46.87187576293945,28916000,0.0,0.0
2017-08-08 00:00:00-04:00,46.79951659083578,47.2059128141903,46.70981214621997,46.794559478759766,30102000,0.0,0.0
2017-08-09 00:00:00-04:00,46.510089040402065,46.77325462871727,46.285578343814414,46.59087371826172,28018000,0.0,0.0
2017-08-10 00:00:00-04:00,46.33910194132853,46.40352927799407,45.68391234009637,45.773616790771484,54148000,0.0,0.0
2017-08-11 00:00:00-04:00,45.77956388319256,46.25782124152637,45.65615787607751,46.095760345458984,32334000,0.0,0.0
2017-08-14 00:00:00-04:00,46.54081295674267,46.63844652021004,46.31382560348332,46.53387451171875,23012000,0.0,0.0
2017-08-15 00:00:00-04:00,46.63795531609033,46.73906000160527,46.42038683542428,46.49175262451172,22130000,0.0,0.0
2017-08-16 00:00:00-04:00,46.64885298211903,47.07755054575072,46.58888364654658,46.798526763916016,26906000,0.0,0.0
2017-08-17 00:00:00-04:00,46.73310292794221,46.77572425964751,45.97433205723299,45.97532272338867,33914000,0.0,0.0
2017-08-18 00:00:00-04:00,45.94162305923549,46.141847284811,45.76667594634429,45.901973724365234,26748000,0.0,0.0
2017-08-21 00:00:00-04:00,45.88165471483993,46.0045615955936,45.52630428424928,45.6388053894043,26024000,0.0,0.0
2017-08-22 00:00:00-04:00,45.94063313200406,46.684041157520184,45.90147912960223,46.606727600097656,35502000,0.0,0.0
2017-08-23 00:00:00-04:00,46.43822036629247,46.85601683106976,46.3509963645414,46.71477127075195,22690000,0.0,0.0
2017-08-24 00:00:00-04:00,46.77076837860706,46.8996230328526,46.12796598185854,46.43276596069336,25892000,0.0,0.0
2017-08-25 00:00:00-04:00,46.54775082330902,46.62308305137097,46.09625656923257,46.11608123779297,23746000,0.0,0.0
2017-08-28 00:00:00-04:00,46.18447490777051,46.3316682504805,45.89850888547771,45.99862289428711,20988000,0.0,0.0
2017-08-29 00:00:00-04:00,45.593216694946776,46.49719963613234,45.56149646952126,46.37627029418945,23172000,0.0,0.0
2017-08-30 00:00:00-04:00,46.37230687366373,46.87732733846916,46.292017535755654,46.766807556152344,22406000,0.0,0.0
2017-08-31 00:00:00-04:00,46.89913526742773,47.43934709229802,46.89665860177395,47.34220886230469,33866000,0.0,0.0
2017-09-01 00:00:00-04:00,47.452727063600626,47.495348398435155,47.096385933708824,47.18113327026367,20858000,0.0,0.0
2017-09-05 00:00:00-04:00,46.92688833685799,47.15139902026593,46.368836965392624,46.660255432128906,29148000,0.0,0.0
2017-09-06 00:00:00-04:00,46.77870513271865,46.809926244696065,46.224121083581174,46.68701934814453,27830000,0.0,0.0
2017-09-07 00:00:00-04:00,46.797533967855586,47.10728729361272,46.4644848628017,47.07705307006836,22332000,0.0,0.0
2017-09-08 00:00:00-04:00,47.06764593291586,47.117205717197905,46.58740341808576,46.65678787231445,19998000,0.0,0.0
2017-09-11 00:00:00-04:00,46.943739154607016,47.215329161023206,46.63646247771097,46.74995803833008,26748000,0.0,0.0
2017-09-12 00:00:00-04:00,46.92986257429225,46.98784679715842,46.463001668046026,46.916481018066406,25696000,0.0,0.0
2017-09-13 00:00:00-04:00,46.8594898034371,47.2237600572142,46.821821798411804,47.10431671142578,21908000,0.0,0.0
2017-09-14 00:00:00-04:00,46.88426882051995,46.98487816597808,46.50562633537142,46.59334945678711,28548000,0.0,0.0
2017-09-15 00:00:00-04:00,46.591362067009804,46.67363273199346,46.153245631201095,46.35346984863281,39886000,0.0,0.0
2017-09-18 00:00:00-04:00,46.3395959130257,46.43128169350393,45.86331989401225,46.07890701293945,29474000,0.0,0.0
2017-09-19 00:00:00-04:00,46.26030517194039,46.48481208814709,45.92577001565454,46.4312858581543,24854000,0.0,0.0
2017-09-20 00:00:00-04:00,46.4743963315667,47.08250272392113,46.462996109132696,46.9605827331543,40080000,0.0,0.0
2017-09-21 00:00:00-04:00,46.9898306837938,47.221276017276935,46.55617601288195,46.961082458496094,27414000,0.0,0.0
2017-09-22 00:00:00-04:00,46.72418763974419,47.082510110205874,46.62853541017346,46.748470306396484,21496000,0.0,0.0
2017-09-25 00:00:00-04:00,46.55964815986738,46.57451571656359,45.819212074576235,46.30342102050781,37468000,0.0,0.0
2017-09-26 00:00:00-04:00,46.42286013317062,46.789111725893534,46.34505123726663,46.45953369140625,33454000,0.0,0.0
2017-09-27 00:00:00-04:00,46.72269779250654,47.84722489200517,46.68354379180947,47.57315444946289,46692000,0.0,0.0
2017-09-28 00:00:00-04:00,47.39226582319821,47.88440010420826,47.35757359684891,47.816505432128906,28018000,0.0,0.0
2017-09-29 00:00:00-04:00,47.87547066867867,48.36166085381155,47.87547066867867,48.258079528808594,40622000,0.0,0.0
2017-10-02 00:00:00-04:00,48.35373932776026,48.457320669009164,47.67475860691902,47.948333740234375,30782000,0.0,0.0
2017-10-03 00:00:00-04:00,47.95278825279981,48.1946469236786,47.71242314353376,48.17680358886719,21666000,0.0,0.0
2017-10-04 00:00:00-04:00,48.16094315500886,48.29178292744231,47.85614316495423,47.91413116455078,21156000,0.0,0.0
2017-10-05 00:00:00-04:00,48.21199609436879,48.8919675018557,48.087104081371635,48.82654571533203,35618000,0.0,0.0
2017-10-06 00:00:00-04:00,48.56932587767139,49.27606036995151,48.49547964964476,49.245330810546875,31060000,0.0,0.0
2017-10-09 00:00:00-04:00,49.31273310628624,49.58333245194883,49.139271987271755,49.17941665649414,25910000,0.0,0.0
2017-10-10 00:00:00-04:00,49.32760615942358,49.43515395578279,48.62434271349154,48.955902099609375,23268000,0.0,0.0
2017-10-11 00:00:00-04:00,49.01735125378274,49.935710176474416,48.962834362733496,49.840553283691406,36300000,0.0,0.0
2017-10-12 00:00:00-04:00,49.75084883624707,50.13246329242307,49.61505194173031,49.840553283691406,30614000,0.0,0.0
2017-10-13 00:00:00-04:00,50.01202829737445,50.29204272250722,49.91042830273104,49.9505729675293,26552000,0.0,0.0
2017-10-16 00:00:00-04:00,50.03780267082565,50.155260899103,49.635868206247544,50.02392578125,21420000,0.0,0.0
2017-10-17 00:00:00-04:00,49.92927212825659,50.28214217537349,49.86038300779944,50.10570526123047,20260000,0.0,0.0
2017-10-18 00:00:00-04:00,50.10818363359183,50.36886876642242,49.82419893752055,50.19194030761719,25596000,0.0,0.0
2017-10-19 00:00:00-04:00,49.79595093410311,49.923323395125706,49.42672733753675,49.651729583740234,34284000,0.0,0.0
2017-10-20 00:00:00-04:00,49.90993843259693,49.9892333235861,49.67303686351847,49.81180953979492,32120000,0.0,0.0
2017-10-23 00:00:00-04:00,49.817258529534215,49.84749275548873,48.722961802318444,48.84389114379883,32786000,0.0,0.0
2017-10-24 00:00:00-04:00,48.891469005822216,49.02825656773262,48.42460809612858,48.99009323120117,28902000,0.0,0.0
2017-10-25 00:00:00-04:00,48.8800655878684,49.2844804686767,48.45632515467068,49.13728713989258,30574000,0.0,0.0
2017-10-26 00:00:00-04:00,49.48471385119402,49.88318102769427,49.08822800737379,49.135311126708984,47396000,0.0,0.0
2017-10-27 00:00:00-04:00,51.096415488228466,52.713575987038055,50.891234147373915,51.2292366027832,103682000,0.0,0.0
2017-10-30 00:00:00-04:00,51.0057158074981,51.53452733400578,50.66721804929297,51.20247268676758,46804000,0.0,0.0
2017-10-31 00:00:00-04:00,51.19603578787521,51.592517811723035,50.86397731917697,51.19801712036133,30326000,0.0,0.0
2017-11-01 00:00:00-04:00,51.360574627106196,51.932502858469036,51.24559306864931,51.67181396484375,43262000,0.0,0.0
2017-11-02 00:00:00-04:00,51.54246634408866,51.81653682643452,50.980943821831424,51.690155029296875,26694000,0.0,0.0
2017-11-03 00:00:00-04:00,51.67924907152025,52.07127308823468,51.426489282121246,52.03806686401367,27770000,0.0,0.0
2017-11-06 00:00:00-05:00,51.99396284188696,52.16692863755034,51.64207969052231,51.67578125,18294000,0.0,0.0
2017-11-07 00:00:00-05:00,52.021212234328715,52.20756334943177,51.691638013595565,52.15700912475586,26104000,0.0,0.0
2017-11-08 00:00:00-05:00,52.04103957054593,52.667484716600114,51.89236023094733,52.44942092895508,24276000,0.0,0.0
2017-11-09 00:00:00-05:00,51.93944833259218,52.082179907325276,51.33728579494859,51.92557144165039,35892000,0.0,0.0
2017-11-10 00:00:00-05:00,51.73475744873855,51.87154501267032,51.603422330273105,51.748634338378906,19442000,0.0,0.0
2017-11-13 00:00:00-05:00,51.582603769294714,51.97611376695885,51.50628088104678,51.6024284362793,18814000,0.0,0.0
2017-11-14 00:00:00-05:00,51.429960607855584,51.65694795179312,51.014145475460474,51.624237060546875,21012000,0.0,0.0
2017-11-15 00:00:00-05:00,51.29514479919773,51.524608765846295,51.085006382652,51.36502456665039,18106000,0.0,0.0
2017-11-16 00:00:00-05:00,51.48100576143099,52.12578956238235,51.443836872626704,51.96273422241211,23768000,0.0,0.0
2017-11-17 00:00:00-05:00,52.028646470825684,52.08811668735012,51.232207628176056,51.339256286621094,26712000,0.0,0.0
2017-11-20 00:00:00-05:00,51.3447175403317,51.478533112806375,51.18017618820376,51.2783088684082,17526000,0.0,0.0
2017-11-21 00:00:00-05:00,51.544944638082846,52.05789805901603,51.50034196556826,52.053436279296875,22206000,0.0,0.0
2017-11-22 00:00:00-05:00,52.09604858168285,52.30767302575227,51.90226747222542,52.13371658325195,14538000,0.0,0.0
2017-11-24 00:00:00-05:00,52.25613547853203,52.53763971864151,52.133720136841156,52.361698150634766,16492000,0.0,0.0
2017-11-27 00:00:00-05:00,52.46329245402228,53.18043264232378,52.27496001615197,53.1293830871582,35430000,0.0,0.0
2017-11-28 00:00:00-05:00,53.227517395810125,53.525375168035886,52.26356518870659,52.69721984863281,36424000,0.0,0.0
2017-11-29 00:00:00-05:00,52.344853318059606,52.47321645757829,51.03001215046834,51.413116455078125,55866000,0.0,0.0
2017-11-30 00:00:00-05:00,51.53998825225896,51.74814160733097,51.0508259772552,51.35314178466797,45092000,0.0,0.0
2017-12-01 00:00:00-05:00,51.06767587995481,51.406173700528456,50.398114017266984,50.80302429199219,37762000,0.0,0.0
2017-12-04 00:00:00-05:00,50.93832335072599,51.113769601535004,50.01748765348417,50.14882278442383,38778000,0.0,0.0
2017-12-05 00:00:00-05:00,50.10520892961027,51.37841929980439,49.67552065892422,50.531925201416016,38998000,0.0,0.0
2017-12-06 00:00:00-05:00,50.37927360709186,51.52213938592594,50.31930427272085,51.18215560913086,28710000,0.0,0.0
2017-12-07 00:00:00-05:00,51.34818732784854,51.985038270016375,51.312999769631546,51.76945114135742,30866000,0.0,0.0
2017-12-08 00:00:00-05:00,52.12826561142024,52.35673894921775,51.83337982649781,52.007835388183594,31170000,0.0,0.0
2017-12-11 00:00:00-05:00,52.09357861326066,52.33592886450991,51.74715168298317,52.136199951171875,23254000,0.0,0.0
2017-12-12 00:00:00-05:00,52.03856009825964,52.65806676609606,51.78431431978478,51.97760009765625,33882000,0.0,0.0
2017-12-13 00:00:00-05:00,52.14164928372909,52.31015329271311,51.869064820762155,52.107452392578125,27680000,0.0,0.0
2017-12-14 00:00:00-05:00,52.310650254125115,52.885055154028365,52.216979361863125,52.40877914428711,30962000,0.0,0.0
2017-12-15 00:00:00-05:00,52.72150409703904,53.289964995580945,52.53862787409119,53.12889099121094,63760000,0.0,0.0
2017-12-18 00:00:00-05:00,53.34943528692706,53.84702574165754,53.04811017368036,53.77764129638672,30292000,0.0,0.0
2017-12-19 00:00:00-05:00,53.67504780978362,53.771690694991904,53.14226982729202,53.514469146728516,26350000,0.0,0.0
2017-12-20 00:00:00-05:00,53.570976669893696,53.58633955901612,52.960389739453646,53.20621109008789,28728000,0.0,0.0
2017-12-21 00:00:00-05:00,53.296905426770145,53.40246809776301,52.98021363262275,53.0718994140625,25640000,0.0,0.0
2017-12-22 00:00:00-05:00,53.0297762731444,53.11501894752111,52.91281337186269,52.9732780456543,17788000,0.0,0.0
2017-12-26 00:00:00-05:00,52.962374066642845,52.973278958283096,52.46676867237419,52.824100494384766,18376000,0.0,0.0
2017-12-27 00:00:00-05:00,52.86126589960301,52.94403189831807,52.45387523609356,52.54407501220703,22324000,0.0,0.0
2017-12-28 00:00:00-05:00,52.64568034324291,52.77404346668098,52.20607786020906,52.33345031738281,19884000,0.0,0.0
2017-12-29 00:00:00-05:00,52.31064687749115,52.43752020393838,52.172369546973925,52.207061767578125,23606000,0.0,0.0
2018-01-02 00:00:00-05:00,52.18823228434739,53.32614091737454,52.18823228434739,53.18885803222656,31766000,0.0,0.0
2018-01-03 00:00:00-05:00,53.22454611875664,54.32330464034864,53.19976811908015,54.096317291259766,31318000,0.0,0.0
2018-01-04 00:00:00-05:00,54.37236318538446,54.718790059476795,54.232108303310795,54.30644607543945,26052000,0.0,0.0
2018-01-05 00:00:00-05:00,54.687572433295145,55.18962089008967,54.60579709757864,55.02656555175781,30250000,0.0,0.0
2018-01-08 00:00:00-05:00,55.06175536990907,55.466170286027186,55.01219558957566,55.22084426879883,24644000,0.0,0.0
2018-01-09 00:00:00-05:00,55.43048898324234,55.43048898324234,54.92298804577905,55.15047073364258,26808000,0.0,0.0
2018-01-10 00:00:00-05:00,54.86350914916023,55.149970485161695,54.713839150969285,55.01913070678711,20734000,0.0,0.0
2018-01-11 00:00:00-05:00,55.12668627336609,55.252568957438264,54.83774823109242,55.113800048828125,22424000,0.0,0.0
2018-01-12 00:00:00-05:00,55.017148724300554,56.06782960361412,54.91356739186002,56.03561782836914,38586000,0.0,0.0
2018-01-16 00:00:00-05:00,56.51436955500882,56.93910443488251,55.83786934969371,56.03809356689453,36462000,0.0,0.0
2018-01-17 00:00:00-05:00,56.31860984509447,56.465307847683086,55.68076449476652,56.45440673828125,27830000,0.0,0.0
2018-01-18 00:00:00-05:00,56.46679541498418,56.52825075179581,55.72883982129823,56.29928207397461,27498000,0.0,0.0
2018-01-19 00:00:00-05:00,56.40137921915933,56.686350797479946,56.12730875089229,56.6724739074707,30552000,0.0,0.0
2018-01-22 00:00:00-05:00,56.68833248096029,57.83119828621252,56.58920914320012,57.69639205932617,29550000,0.0,0.0
2018-01-23 00:00:00-05:00,58.01655340402417,58.40758676246016,57.84953539447559,58.2916145324707,39138000,0.0,0.0
2018-01-24 00:00:00-05:00,58.72824042068428,58.83083108608133,57.85696465501584,58.04975509643555,37128000,0.0,0.0
2018-01-25 00:00:00-05:00,58.516623445102816,58.72923858041652,58.07702095094122,58.587493896484375,29984000,0.0,0.0
2018-01-26 00:00:00-05:00,58.8546236197648,58.856109619140625,57.88819466183439,58.856109619140625,42170000,0.0,0.0
2018-01-29 00:00:00-05:00,58.877910188524204,59.373515480410205,58.682639313822754,58.80257797241211,31494000,0.0,0.0
2018-01-30 00:00:00-05:00,58.368433664699566,58.87444478078804,58.20934099291107,58.3510856628418,37338000,0.0,0.0
2018-01-31 00:00:00-05:00,58.67025692580681,58.7946573810183,58.08990422464767,58.59145736694336,36022000,0.0,0.0
2018-02-01 00:00:00-05:00,58.282692471951954,58.85065804242788,57.954105130048816,58.56023025512695,73514000,0.0,0.0
2018-02-02 00:00:00-05:00,55.87553800351339,56.06783312556541,55.07017929193355,55.4681510925293,117842000,0.0,0.0
2018-02-05 00:00:00-05:00,54.54682144708613,55.259503727550815,52.372603943799035,52.652618408203125,83550000,0.0,0.0
2018-02-06 00:00:00-05:00,51.24460223505075,53.891132935122144,51.047845342146786,53.744930267333984,76630000,0.0,0.0
2018-02-07 00:00:00-05:00,53.7716965065341,53.849010066822935,52.26753239751377,52.30668640136719,51942000,0.0,0.0
2018-02-08 00:00:00-05:00,52.527721313355016,52.728936197976516,49.79346758363525,49.94264602661133,66792000,0.0,0.0
2018-02-09 00:00:00-05:00,50.8431587285648,52.12380272998983,49.411850282128746,51.85369873046875,98360000,0.0,0.0
2018-02-12 00:00:00-05:00,52.36913270687961,52.810221185082895,51.815047776924764,52.26456069946289,56240000,0.0,0.0
2018-02-13 00:00:00-05:00,52.038566352151555,52.59463642076135,51.885920556337666,52.24374771118164,31586000,0.0,0.0
2018-02-14 00:00:00-05:00,52.25266052614215,53.300864735687355,52.02864897493751,53.16358184814453,41304000,0.0,0.0
2018-02-15 00:00:00-05:00,53.696366307379144,54.22418725497885,52.89249355221588,54.0883903503418,37396000,0.0,0.0
2018-02-16 00:00:00-05:00,54.18850034754381,54.928441093507054,54.09780522751951,54.29357147216797,39948000,0.0,0.0
2018-02-20 00:00:00-05:00,54.1577707285977,55.323928544569256,54.02098316796261,54.69451141357422,33754000,0.0,0.0
2018-02-21 00:00:00-05:00,54.967589158941095,56.310679154233284,54.888785823988364,55.19804382324219,41486000,0.0,0.0
2018-02-22 00:00:00-05:00,55.466667452553175,55.77840214888827,54.77182849516846,55.007240295410156,28010000,0.0,0.0
2018-02-23 00:00:00-05:00,55.441396124111364,55.95385422984399,54.9348895789925,55.90875244140625,25292000,0.0,0.0
2018-02-26 00:00:00-05:00,56.095588696095604,56.707166305802616,55.97069668563071,56.68238830566406,30912000,0.0,0.0
2018-02-27 00:00:00-05:00,56.682387700814786,56.70964614749459,55.3487127083516,55.384395599365234,42964000,0.0,0.0
2018-02-28 00:00:00-05:00,55.606922706395785,55.88694095900497,54.66527549946076,54.71086883544922,49292000,0.0,0.0
2018-03-01 00:00:00-05:00,54.989400209360795,55.07513821541549,52.8954644654591,53.09965515136719,55338000,0.0,0.0
2018-03-02 00:00:00-05:00,52.43405422890185,53.86685253316526,52.04401532071384,53.730560302734375,50162000,0.0,0.0
2018-03-05 00:00:00-05:00,53.43269668645087,54.57506328848854,53.142268921536555,54.25688552856445,28648000,0.0,0.0
2018-03-06 00:00:00-05:00,54.62066174363081,54.79561262940941,54.24400064252996,54.561187744140625,23382000,0.0,0.0
2018-03-07 00:00:00-05:00,54.16074299539671,55.31947082051519,54.01652165628858,55.26197814941406,30748000,0.0,0.0
2018-03-08 00:00:00-05:00,55.36902689491043,56.07476687336261,55.36902689491043,55.97267532348633,33862000,0.0,0.0
2018-03-09 00:00:00-05:00,56.47422954756245,57.53978183323075,56.216021089643974,57.53185272216797,42662000,0.0,0.0
2018-03-12 00:00:00-04:00,57.74049905681797,58.39023995967436,57.45057038524554,57.784114837646484,44306000,0.0,0.0
2018-03-13 00:00:00-04:00,58.07652175924303,58.38231244180919,56.22989723150085,56.49454879760742,43140000,0.0,0.0
2018-03-14 00:00:00-04:00,56.78646078580621,57.478323904745245,56.61547633845562,56.93960189819336,41870000,0.0,0.0
2018-03-15 00:00:00-04:00,56.97330782386672,57.61412521487739,56.28392131753864,57.02484893798828,33382000,0.0,0.0
2018-03-16 00:00:00-04:00,57.25976482754346,57.33212127129546,56.07080658724937,56.22246170043945,58656000,0.0,0.0
2018-03-19 00:00:00-04:00,55.396797623953425,55.47658786635138,53.96747011427021,54.52007293701172,63656000,0.0,0.0
2018-03-20 00:00:00-04:00,54.43729202115942,54.79165182688679,53.64531485171296,54.30843734741211,54598000,0.0,0.0
2018-03-21 00:00:00-04:00,54.14835258058929,54.947763451317684,53.882706585087355,54.21922302246094,44898000,0.0,0.0
2018-03-22 00:00:00-04:00,53.525873763821735,53.71965488321748,52.02071902766322,52.194679260253906,69312000,0.0,0.0
2018-03-23 00:00:00-04:00,52.106463143806025,52.8701912128409,50.793108135802136,50.87636947631836,49880000,0.0,0.0
2018-03-26 00:00:00-04:00,52.068294752408676,52.49798675141057,50.0848827665195,52.24126052856445,65984000,0.0,0.0
2018-03-27 00:00:00-04:00,52.727451363889806,52.75917158759347,49.442580015524115,49.904483795166016,60816000,0.0,0.0
2018-03-28 00:00:00-04:00,49.65519223441491,50.79904861709477,48.76756294838486,49.81725311279297,77698000,0.0,0.0
2018-03-29 00:00:00-04:00,50.11611248693816,51.94192176063902,49.760762009410854,51.401214599609375,69338000,0.0,0.0
2018-04-02 00:00:00-04:00,50.92939411853054,51.51966098902449,49.27556017332155,50.18648147583008,65068000,0.0,0.0
2018-04-03 00:00:00-04:00,50.36094077773483,50.79955260775842,49.42424689068042,50.486328125,51322000,0.0,0.0
2018-04-04 00:00:00-04:00,49.47281853502198,51.18315482422608,49.38757585533278,51.03298568725586,50724000,0.0,0.0
2018-04-05 00:00:00-04:00,51.85965337781014,51.875511601121715,50.74999367460357,51.17819595336914,35836000,0.0,0.0
2018-04-06 00:00:00-04:00,50.70538364441479,51.344715018516325,49.8702898150022,50.05366516113281,40134000,0.0,0.0
2018-04-09 00:00:00-04:00,50.553729117408686,51.77044120931999,50.512098447787814,50.556209564208984,33220000,0.0,0.0
2018-04-10 00:00:00-04:00,51.06024117228247,51.60292967696163,50.32426686883661,51.36949920654297,36620000,0.0,0.0
2018-04-11 00:00:00-04:00,51.14647098841187,51.33827077452912,50.512096740674785,50.802520751953125,34060000,0.0,0.0
2018-04-12 00:00:00-04:00,51.12020294036423,51.77340735685457,50.85158495069181,51.40864181518555,32896000,0.0,0.0
2018-04-13 00:00:00-04:00,51.88443007962059,52.18625053198667,51.05478493722999,51.34669494628906,25410000,0.0,0.0
2018-04-16 00:00:00-04:00,51.81801362076366,52.1094282741596,51.24162364386321,51.845272064208984,29776000,0.0,0.0
2018-04-17 00:00:00-04:00,52.593643460641715,53.773182885291824,52.38994810994456,53.49365997314453,54584000,0.0,0.0
2018-04-18 00:00:00-04:00,53.4763144158446,53.62449842197895,53.055545949331936,53.296905517578125,31126000,0.0,0.0
2018-04-19 00:00:00-04:00,52.981203453718166,54.3931826149773,52.981203453718166,53.99372482299805,39884000,0.0,0.0
2018-04-20 00:00:00-04:00,53.7370007944744,54.25639346296965,53.13384767816928,53.392555236816406,42434000,0.0,0.0
2018-04-23 00:00:00-04:00,53.67306743548572,53.92186456234119,52.86523206167622,53.218597412109375,69590000,0.0,0.0
2018-04-24 00:00:00-04:00,52.49451504367931,52.75668992749769,50.19788242101329,50.68258285522461,128220000,0.0,0.0
2018-04-25 00:00:00-04:00,51.03496260478963,51.348187076453996,50.4035603301651,50.69993591308594,57860000,0.0,0.0
2018-04-26 00:00:00-04:00,51.20692984168208,52.13867022073189,50.5740416651636,51.70699691772461,50926000,0.0,0.0
2018-04-27 00:00:00-04:00,51.817523142474215,52.12281471272985,50.92791243030771,51.11921310424805,40746000,0.0,0.0
2018-04-30 00:00:00-04:00,51.26641156108306,51.462174019328494,50.467495943333255,50.48137283325195,34492000,0.0,0.0
2018-05-01 00:00:00-04:00,50.36837272953787,51.62869683090459,50.08637315111999,51.58012771606445,35326000,0.0,0.0
2018-05-02 00:00:00-04:00,51.24559839757205,51.740213124323994,50.7083623330023,50.851593017578125,34698000,0.0,0.0
2018-05-03 00:00:00-04:00,50.817890670453565,51.081551585996564,49.9515719123334,50.86397933959961,39282000,0.0,0.0
2018-05-04 00:00:00-04:00,50.532414403823864,52.13173528663893,50.45510084945613,52.08811950683594,36892000,0.0,0.0
2018-05-07 00:00:00-04:00,52.23135253889775,52.78197011656023,52.05194364303157,52.50740432739258,34400000,0.0,0.0
2018-05-08 00:00:00-04:00,52.76313909076934,52.79337331797081,52.11984503023743,52.464290618896484,26030000,0.0,0.0
2018-05-09 00:00:00-04:00,52.73737242404815,54.21923151118274,52.63874440851168,53.96894836425781,47160000,0.0,0.0
2018-05-10 00:00:00-04:00,54.26878046664591,54.9829486432107,54.21327291492137,54.78767776489258,36414000,0.0,0.0
2018-05-11 00:00:00-04:00,54.53690396529915,54.96312483334611,54.37880575079995,54.68409729003906,30504000,0.0,0.0
2018-05-14 00:00:00-04:00,54.79264321755783,55.41611638442286,54.75448366052248,54.843692779541016,39338000,0.0,0.0
2018-05-15 00:00:00-04:00,54.362942025571506,54.47296645347892,53.464903270286136,53.766727447509766,35738000,0.0,0.0
2018-05-16 00:00:00-04:00,53.77764812955901,54.23806597350253,53.60616832698126,53.728084564208984,25628000,0.0,0.0
2018-05-17 00:00:00-04:00,53.59773618456304,54.07054107077223,53.3479484045542,53.58782196044922,25738000,0.0,0.0
2018-05-18 00:00:00-04:00,52.83152899932591,53.21463323157747,52.76611099952149,53.01192855834961,35482000,0.0,0.0
2018-05-21 00:00:00-04:00,53.475815468104265,54.18453123601435,53.42625569170418,53.72411346435547,25180000,0.0,0.0
2018-05-22 00:00:00-04:00,54.011072928465694,54.11019248640515,53.141778448804516,53.292938232421875,22226000,0.0,0.0
2018-05-23 00:00:00-04:00,53.0297723497328,53.921863490513566,52.879107900126776,53.82075881958008,23740000,0.0,0.0
2018-05-24 00:00:00-04:00,53.86734752980763,53.878248639472716,53.14376416142113,53.79548263549805,20604000,0.0,0.0
2018-05-25 00:00:00-04:00,53.85000400380554,53.99967780222848,53.65424153498603,53.72758865356445,22224000,0.0,0.0
2018-05-29 00:00:00-04:00,53.3271387004589,53.59179406340652,52.68681663341842,52.93412399291992,36076000,0.0,0.0
2018-05-30 00:00:00-04:00,53.202238719500656,53.475318486115796,52.85878384569728,53.399986267089844,28686000,0.0,0.0
2018-05-31 00:00:00-04:00,53.62449894945762,55.012195483121005,53.42625982850758,54.5165901184082,79368000,0.0,0.0
2018-06-01 00:00:00-04:00,55.15443210997763,56.40781766770814,55.1118069960426,56.25120544433594,63202000,0.0,0.0
2018-06-04 00:00:00-04:00,56.424667581739484,57.38416182537443,56.35032602400644,57.14527893066406,44754000,0.0,0.0
2018-06-05 00:00:00-04:00,57.22556935872468,57.5447378144486,56.868732899731924,57.045166015625,32964000,0.0,0.0
2018-06-06 00:00:00-04:00,57.13189511501453,57.22804266881495,56.3166260211979,56.84345245361328,34934000,0.0,0.0
2018-06-07 00:00:00-04:00,56.72599615163148,56.78992815157707,55.81110836035895,56.22246170043945,36108000,0.0,0.0
2018-06-08 00:00:00-04:00,56.06338044794622,56.43855183609698,55.667885275401936,56.13772201538086,27284000,0.0,0.0
2018-06-11 00:00:00-04:00,56.14911653699386,56.882614179444104,56.072793639516924,56.543617248535156,24796000,0.0,0.0
2018-06-12 00:00:00-04:00,56.54956816385201,56.9326724530943,56.54956816385201,56.9049186706543,26092000,0.0,0.0
2018-06-13 00:00:00-04:00,57.10761497725214,57.274141439602225,56.666526492908304,56.70865249633789,34302000,0.0,0.0
2018-06-14 00:00:00-04:00,57.104141656931496,57.78708498011049,57.02434765664887,57.495670318603516,35422000,0.0,0.0
2018-06-15 00:00:00-04:00,57.486256119697735,57.68400368958751,57.17749721277033,57.454044342041016,44438000,0.0,0.0
2018-06-18 00:00:00-04:00,57.127935793270495,58.6861215150779,57.0441791183522,58.65886306762695,33038000,0.0,0.0
2018-06-19 00:00:00-04:00,57.991277490301755,58.62069461126461,57.57001370560989,58.416507720947266,47282000,0.0,0.0
2018-06-20 00:00:00-04:00,58.644976434937455,59.546482602452585,58.582035105919516,58.683135986328125,51686000,0.0,0.0
2018-06-21 00:00:00-04:00,58.754515452893465,58.99339458739678,57.662695333764326,57.95807647705078,44966000,0.0,0.0
2018-06-22 00:00:00-04:00,58.05967159828559,58.23362804592787,57.47287202628179,57.95063781738281,34220000,0.0,0.0
2018-06-25 00:00:00-04:00,57.24242026145047,57.291484709113526,55.50284435321936,56.46332931518555,57682000,0.0,0.0
2018-06-26 00:00:00-04:00,56.704188739949835,56.839486514085834,55.953842303393166,56.13325119018555,34688000,0.0,0.0
2018-06-27 00:00:00-04:00,56.30076298923112,56.80677786070999,55.344244580689065,55.35614013671875,34538000,0.0,0.0
2018-06-28 00:00:00-04:00,55.13063733888299,56.20164193798204,54.8174166940904,55.843814849853516,29726000,0.0,0.0
2018-06-29 00:00:00-04:00,56.117891548666634,56.56641379159462,55.85571664765586,55.963260650634766,31562000,0.0,0.0
2018-07-02 00:00:00-04:00,55.27734313265763,56.64719625524921,54.843688462348,56.603580474853516,23216000,0.0,0.0
2018-07-03 00:00:00-04:00,56.96587445439247,56.99015712164091,55.23175095141119,55.32343673706055,16448000,0.0,0.0
2018-07-05 00:00:00-04:00,55.73577780214064,56.704191846101395,55.6624269088357,56.56294250488281,28594000,0.0,0.0
2018-07-06 00:00:00-04:00,56.586739860499165,57.301898860306935,56.362229157820224,57.24639129638672,21820000,0.0,0.0
2018-07-09 00:00:00-04:00,57.490217893443116,57.883232554498356,57.35293500621075,57.851016998291016,21584000,0.0,0.0
2018-07-10 00:00:00-04:00,57.98533504385423,58.159291506507245,57.617098334981705,57.844085693359375,21334000,0.0,0.0
2018-07-11 00:00:00-04:00,57.273146874534554,58.50324054059404,57.26075976503344,58.058189392089844,33252000,0.0,0.0
2018-07-12 00:00:00-04:00,58.22668977309405,59.57126580776698,58.1394619918808,59.53508758544922,44148000,0.0,0.0
2018-07-13 00:00:00-04:00,59.611410644851,59.990053100425364,59.239211300794615,59.69169998168945,32612000,0.0,0.0
2018-07-16 00:00:00-04:00,59.661472444281785,59.90432181443456,59.1455470377507,59.2996826171875,26784000,0.0,0.0
2018-07-17 00:00:00-04:00,58.61723039144601,60.40239962833497,58.580553053225884,60.12089538574219,40162000,0.0,0.0
2018-07-18 00:00:00-04:00,59.89539182160768,60.542652288045545,59.69863870575832,60.11246871948242,38948000,0.0,0.0
2018-07-19 00:00:00-04:00,59.80222023017883,60.289401137992186,59.360141103344006,59.42803955078125,38338000,0.0,0.0
2018-07-20 00:00:00-04:00,59.43497589637291,60.00640878633238,59.303637004105916,59.36757278442383,37938000,0.0,0.0
2018-07-23 00:00:00-04:00,59.25755009544405,60.22100701488412,59.07665142062006,60.01780700683594,65446000,0.0,0.0
2018-07-24 00:00:00-04:00,62.99144230931588,63.18968521524455,61.66024775633295,62.354591369628906,107600000,0.0,0.0
2018-07-25 00:00:00-04:00,62.08051884708287,63.35025801938801,61.90358661511062,63.236270904541016,51104000,0.0,0.0
2018-07-26 00:00:00-04:00,62.80211840629285,63.804233973271586,62.59495573788185,63.71006774902344,54686000,0.0,0.0
2018-07-27 00:00:00-04:00,63.889473556958684,64.00445132795068,61.67758452821494,62.093894958496094,48362000,0.0,0.0
2018-07-30 00:00:00-04:00,61.705344418372555,62.09390111054303,60.67052168990716,60.96144104003906,43896000,0.0,0.0
2018-07-31 00:00:00-04:00,61.044199888814674,61.515027197623475,60.27502326805951,60.82167434692383,39382000,0.0,0.0
2018-08-01 00:00:00-04:00,61.410953346210704,61.74746600627616,60.70868068711773,61.107643127441406,36994000,0.0,0.0
2018-08-02 00:00:00-04:00,60.389515030194794,61.67363026870209,60.36770902862689,61.511070251464844,34704000,0.0,0.0
2018-08-03 00:00:00-04:00,61.71178542440933,61.77819787182049,60.93071318293383,61.36387252807617,21264000,0.0,0.0
2018-08-06 00:00:00-04:00,61.53486289500372,61.576988899772495,60.98573127122129,61.33959197998047,22114000,0.0,0.0
2018-08-07 00:00:00-04:00,62.05028241208842,62.74760175742546,62.03987663590284,62.2401008605957,42506000,0.0,0.0
2018-08-08 00:00:00-04:00,62.28371464888826,63.027122680520485,62.05573663959463,62.51219177246094,34344000,0.0,0.0
2018-08-09 00:00:00-04:00,62.58157843163508,63.03902046572219,62.451233976820184,62.66731643676758,27326000,0.0,0.0
2018-08-10 00:00:00-04:00,62.40562662149499,62.505740614413284,61.80991111912341,62.07505798339844,26602000,0.0,0.0
2018-08-13 00:00:00-04:00,62.01014356794544,62.74215137879093,61.80347622502818,61.88326644897461,27500000,0.0,0.0
2018-08-14 00:00:00-04:00,62.07457254828527,62.47551635459979,61.432269168947464,62.354095458984375,28080000,0.0,0.0
2018-08-15 00:00:00-04:00,61.66718927171645,62.04880376516526,60.77311670858595,61.069488525390625,37052000,0.0,0.0
2018-08-16 00:00:00-04:00,61.55369350929004,61.6384446336868,60.44551981049334,60.66507339477539,32176000,0.0,0.0
2018-08-17 00:00:00-04:00,60.56496006972168,60.80830097644284,59.67088755499353,60.2581787109375,33092000,0.0,0.0
2018-08-20 00:00:00-04:00,60.49656147030582,60.75675502616927,59.903817915973555,60.56049346923828,22218000,0.0,0.0
2018-08-21 00:00:00-04:00,60.613524255803895,61.096243364971755,60.21753381099704,60.335487365722656,23082000,0.0,0.0
2018-08-22 00:00:00-04:00,60.17739289788937,60.78748449084421,60.12783311785306,60.55058670043945,22296000,0.0,0.0
2018-08-23 00:00:00-04:00,60.45790275071416,61.215682970911885,60.4316349723723,60.521339416503906,24666000,0.0,0.0
2018-08-24 00:00:00-04:00,60.76121308703782,61.32620286432679,60.5342257537105,61.29399108886719,24454000,0.0,0.0
2018-08-27 00:00:00-04:00,61.66024554727935,62.34071224621682,61.48876576119388,62.26141357421875,28580000,0.0,0.0
2018-08-28 00:00:00-04:00,62.243070048540154,62.27578093724527,61.60225273560665,61.7454833984375,27330000,0.0,0.0
2018-08-29 00:00:00-04:00,62.19847374399886,62.80162689915618,62.08943995794666,62.67673110961914,36926000,0.0,0.0
2018-08-30 00:00:00-04:00,62.614779615086384,62.91660385525779,61.812396681776775,62.170719146728516,30104000,0.0,0.0
2018-08-31 00:00:00-04:00,62.06019474297571,62.07704363006448,60.748821207637796,61.04866409301758,42308000,0.0,0.0
2018-09-04 00:00:00-04:00,60.5887396177174,60.85389027267088,59.797753212772236,60.033164978027344,41458000,0.0,0.0
2018-09-05 00:00:00-04:00,59.92958889988555,60.20960713363354,58.25047772595047,59.42803955078125,53988000,0.0,0.0
2018-09-06 00:00:00-04:00,59.401772852100315,59.422588186507085,57.669135421665715,58.67918014526367,46854000,0.0,0.0
2018-09-07 00:00:00-04:00,58.0849456475674,58.905175679976615,57.94964786713791,58.36199188232422,32658000,0.0,0.0
2018-09-10 00:00:00-04:00,58.68958681588538,58.81150682548309,58.01605854552151,58.236602783203125,27670000,0.0,0.0
2018-09-11 00:00:00-04:00,58.040337408839854,59.023618905949505,57.78510097997163,58.97653579711914,29254000,0.0,0.0
2018-09-12 00:00:00-04:00,58.580554595879704,59.01123730597883,57.79551585287817,58.065128326416016,35716000,0.0,0.0
2018-09-13 00:00:00-04:00,58.4665683293055,58.87098326434867,57.94717182481978,58.587493896484375,40068000,0.0,0.0
2018-09-14 00:00:00-04:00,58.87791693472183,58.87791693472183,58.160277576654984,58.381317138671875,24176000,0.0,0.0
2018-09-17 00:00:00-04:00,58.37091550269428,58.57163507815702,57.41390162752247,57.4818000793457,34096000,0.0,0.0
2018-09-18 00:00:00-04:00,57.62205372169056,58.54735113102218,57.56109371632407,57.84259796142578,32314000,0.0,0.0
2018-09-19 00:00:00-04:00,57.93428697185783,58.29657210634794,57.4218289338848,58.197452545166016,25962000,0.0,0.0
2018-09-20 00:00:00-04:00,58.51463968083364,59.1752817274835,58.29558144257327,59.054847717285156,29244000,0.0,0.0
2018-09-21 00:00:00-04:00,59.22087626404792,59.3031469383466,58.08792460764033,58.09089660644531,91222000,0.0,0.0
2018-09-24 00:00:00-04:00,57.46098076733555,58.738649029218344,57.068956754362944,58.459625244140625,31150000,0.0,0.0
2018-09-25 00:00:00-04:00,58.69206449767602,59.31701984307357,58.18852626069421,59.16982650756836,33152000,0.0,0.0
2018-09-26 00:00:00-04:00,59.159918286069484,59.83146143635009,58.749060259885425,59.178253173828125,37650000,0.0,0.0
2018-09-27 00:00:00-04:00,59.47264059918955,60.30822971739005,59.37599770946262,59.837406158447266,36274000,0.0,0.0
2018-09-28 00:00:00-04:00,59.67534431659836,59.89143055329956,59.365095632347476,59.82353210449219,35612000,0.0,0.0
2018-10-01 00:00:00-04:00,60.11692822550655,60.67200377685793,59.6307380038181,59.895389556884766,33164000,0.0,0.0
2018-10-02 00:00:00-04:00,59.80321024799633,60.68786760635078,59.455792684854295,59.85128402709961,40180000,0.0,0.0
2018-10-03 00:00:00-04:00,60.067370827905684,60.175413950732555,59.57919922380104,60.0440788269043,26246000,0.0,0.0
2018-10-04 00:00:00-04:00,59.721935083474726,59.7650517538794,57.68103397695857,58.33622360229492,46576000,0.0,0.0
2018-10-05 00:00:00-04:00,58.283187051995725,58.58054949886521,57.20871504110831,57.87827682495117,31852000,0.0,0.0
2018-10-08 00:00:00-04:00,57.49021518559159,58.27624447067923,56.271026593154595,57.28800964355469,46190000,0.0,0.0
2018-10-09 00:00:00-04:00,57.059538480767145,57.56703939265589,56.705677800090115,56.7552375793457,33690000,0.0,0.0
2018-10-10 00:00:00-04:00,56.320588638181995,56.351318194933405,54.095817128337245,54.12803268432617,58980000,0.0,0.0
2018-10-11 00:00:00-04:00,53.477797997161574,55.31253068053545,53.32168110589757,54.057655334472656,67696000,0.0,0.0
2018-10-12 00:00:00-04:00,55.48996233371312,55.79674371459265,54.27027815115651,55.534568786621094,49370000,0.0,0.0
2018-10-15 00:00:00-04:00,55.408677799683794,55.5970064651996,54.42836824178441,54.637516021728516,30074000,0.0,0.0
2018-10-16 00:00:00-04:00,55.184669329646496,56.31911080517514,55.09893132049518,56.15605545043945,38378000,0.0,0.0
2018-10-17 00:00:00-04:00,56.49900558528583,56.845927791324584,55.21043252992528,55.88396072387695,35652000,0.0,0.0
2018-10-18 00:00:00-04:00,56.00341102889499,56.11987860211233,53.83959915144038,54.41301345825195,46152000,0.0,0.0
2018-10-19 00:00:00-04:00,54.70045983586106,55.554882985612466,54.369395821046425,54.773311614990234,41286000,0.0,0.0
2018-10-22 00:00:00-04:00,55.136591608320536,55.59155696560373,54.516589575483515,55.08009338378906,27116000,0.0,0.0
2018-10-23 00:00:00-04:00,54.084915522979806,55.40868002337412,53.47631372196218,55.25553512573242,37686000,0.0,0.0
2018-10-24 00:00:00-04:00,55.259990539758455,55.34027986823497,52.289330760147436,52.39142608642578,49286000,0.0,0.0
2018-10-25 00:00:00-04:00,53.54024537331576,55.399756102645775,53.304833588221236,54.69451141357422,72956000,0.0,0.0
2018-10-26 00:00:00-04:00,51.95579712615013,55.35911755170512,51.65347755213339,53.71123123168945,106438000,0.0,0.0
2018-10-29 00:00:00-04:00,54.345113230013254,54.95421419171303,49.91737560307921,51.281776428222656,81290000,0.0,0.0
2018-10-30 00:00:00-04:00,50.55223663950661,52.08315988988406,50.252892879333544,52.0142707824707,59768000,0.0,0.0
2018-10-31 00:00:00-04:00,52.940564118102536,54.913075103966314,52.940564118102536,54.04972839355469,70916000,0.0,0.0
2018-11-01 00:00:00-04:00,54.09036865507806,54.51163245458862,53.41733572962472,53.82175064086914,40132000,0.0,0.0
2018-11-02 00:00:00-04:00,53.97142331655281,54.41746888733465,52.91380016975293,53.10361862182617,43438000,0.0,0.0
2018-11-05 00:00:00-05:00,53.155153509424146,53.19579350631694,51.24558789435177,52.32253646850586,45358000,0.0,0.0
2018-11-06 00:00:00-05:00,52.287354317475426,53.516457231001695,52.21747453889714,53.008460998535156,28660000,0.0,0.0
2018-11-07 00:00:00-05:00,53.69834990476017,55.00872921295353,53.55462388259988,54.92497253417969,43388000,0.0,0.0
2018-11-08 00:00:00-05:00,54.878381222529,54.92397455457627,53.74145942123748,54.25044631958008,33694000,0.0,0.0
2018-11-09 00:00:00-05:00,53.72461159561041,53.939208047606066,52.74529644823808,53.377689361572266,34860000,0.0,0.0
2018-11-12 00:00:00-05:00,53.18490466787691,53.232978452738934,51.56031020813881,52.0068473815918,34002000,0.0,0.0
2018-11-13 00:00:00-05:00,52.2769508618454,52.86473734212154,51.56278259363126,51.93795394897461,25750000,0.0,0.0
2018-11-14 00:00:00-05:00,52.53416671302797,52.82112338828887,51.597968244023455,52.26554870605469,34666000,0.0,0.0
2018-11-15 00:00:00-05:00,52.11092309230952,53.469376054780525,51.606889506378266,53.08181381225586,41584000,0.0,0.0
2018-11-16 00:00:00-05:00,52.7933663223199,53.15069808752869,52.281403671972924,52.94403076171875,35366000,0.0,0.0
2018-11-19 00:00:00-05:00,52.70217568640388,52.930652807571775,50.69398562461438,50.91948318481445,45684000,0.0,0.0
2018-11-20 00:00:00-05:00,49.92182962513011,51.41162146001286,49.670064284425,51.06965255737305,54458000,0.0,0.0
2018-11-21 00:00:00-05:00,51.806119620338215,52.271989838240096,51.51619095744244,51.712947845458984,29698000,0.0,0.0
2018-11-23 00:00:00-05:00,51.22081878411088,51.691646196144085,50.97400674343391,51.05231475830078,14178000,0.0,0.0
2018-11-26 00:00:00-05:00,51.74120147294629,52.3854861863496,51.53155834412097,52.33295440673828,31558000,0.0,0.0
2018-11-27 00:00:00-05:00,52.104977734935865,52.86920114576592,51.81554437238424,52.15156173706055,33048000,0.0,0.0
2018-11-28 00:00:00-05:00,52.408282980563826,54.16272632477953,51.68915764114635,54.10969543457031,46042000,0.0,0.0
2018-11-29 00:00:00-05:00,53.7003250046818,54.524022368221154,53.62449744650469,54.24797058105469,31004000,0.0,0.0
2018-11-30 00:00:00-05:00,54.30001497294839,54.994850158691406,53.68298490261027,54.994850158691406,59668000,0.0,0.0
2018-12-03 00:00:00-05:00,56.1104575760452,56.25120780292768,55.09793241741592,55.32740020751953,57532000,0.0,0.0
2018-12-04 00:00:00-05:00,55.1603890404055,55.22233971747323,52.5728328278975,52.65658950805664,45630000,0.0,0.0
2018-12-06 00:00:00-05:00,51.79076340299534,53.49663782573573,51.665871388846796,53.43022537231445,47436000,0.0,0.0
2018-12-07 00:00:00-05:00,53.140293289083,53.774667544723464,51.511732533849006,51.86906433105469,42682000,0.0,0.0
2018-12-10 00:00:00-05:00,51.68865850726927,52.51433711831464,51.19602898692248,52.19615936279297,33652000,0.0,0.0
2018-12-11 00:00:00-05:00,52.87812264713939,53.04960244821269,52.04352409160802,52.61594772338867,33852000,0.0,0.0
2018-12-12 00:00:00-05:00,53.38066510723212,54.10672518413741,53.12740996802285,53.214637756347656,28960000,0.0,0.0
2018-12-13 00:00:00-05:00,53.31077808318347,53.94267562195796,52.78147120856661,53.2052116394043,24986000,0.0,0.0
2018-12-14 00:00:00-05:00,52.5351587781306,53.11501614131917,52.00733786023985,52.12331008911133,36358000,0.0,0.0
2018-12-17 00:00:00-05:00,51.89037036597208,52.652117006551954,50.38472420005986,50.83176040649414,49932000,0.0,0.0
2018-12-18 00:00:00-05:00,51.24559804419074,52.51880841115297,51.07114246659336,51.71196365356445,43640000,0.0,0.0
2018-12-19 00:00:00-05:00,51.90425167522263,53.312763523901886,50.523497386753405,51.31795120239258,58264000,0.0,0.0
2018-12-20 00:00:00-05:00,50.8491066408457,51.91168686932925,49.950080861645134,50.72917175292969,53674000,0.0,0.0
2018-12-21 00:00:00-05:00,51.14845208991037,51.42747585544502,48.6282995178154,49.12687683105469,104656000,0.0,0.0
2018-12-24 00:00:00-05:00,48.783429431664416,50.161211813035855,48.453356059911194,48.800777435302734,36360000,0.0,0.0
2018-12-26 00:00:00-05:00,49.460922238893126,51.96174576294101,49.19626688339329,51.932010650634766,46318000,0.0,0.0
2018-12-27 00:00:00-05:00,50.85901627589332,52.20408749168788,49.90745124437876,52.182281494140625,45996000,0.0,0.0
2018-12-28 00:00:00-05:00,52.50938838379632,52.74380951627864,51.64207897069144,51.8740234375,34398000,0.0,0.0
2018-12-31 00:00:00-05:00,52.42661795589531,52.68235351628536,51.19801417036053,51.78877639770508,33110000,0.0,0.0
2019-01-02 00:00:00-05:00,50.908587439587016,52.57332655771862,50.81343053702723,52.270511627197266,31868000,0.0,0.0
2019-01-03 00:00:00-05:00,52.07177318338617,52.844421063604834,50.66920899508802,50.822845458984375,41960000,0.0,0.0
2019-01-04 00:00:00-05:00,51.66982980650256,53.525377872894474,51.38733490786459,53.429725646972656,46022000,0.0,0.0
2019-01-07 00:00:00-05:00,53.573449036903185,53.65918703417119,52.66500438271906,53.32316970825195,47446000,0.0,0.0
2019-01-08 00:00:00-05:00,53.822744092306515,54.187014353029106,52.94800088966492,53.79152297973633,35414000,0.0,0.0
2019-01-09 00:00:00-05:00,53.92136614202723,54.10226102894677,53.246348142659265,53.60715103149414,26998000,0.0,0.0
2019-01-10 00:00:00-05:00,53.27460912456101,53.51596871519092,52.76611749422026,53.46739959716797,26598000,0.0,0.0
2019-01-11 00:00:00-05:00,53.024823987765174,53.196799132768355,52.35724341191339,52.75571060180664,30864000,0.0,0.0
2019-01-14 00:00:00-05:00,52.20409079934666,52.45734590533918,51.966697695349396,52.11339569091797,28490000,0.0,0.0
2019-01-15 00:00:00-05:00,52.43554412141433,53.93524643013607,52.258611888034565,53.848018646240234,37518000,0.0,0.0
2019-01-16 00:00:00-05:00,54.02098291892573,54.63355115915483,53.922358694920945,53.99669647216797,38280000,0.0,0.0
2019-01-17 00:00:00-05:00,53.92137221845554,54.5512847285975,53.68694730126995,54.47298049926758,24896000,0.0,0.0
2019-01-18 00:00:00-05:00,54.94231563947383,55.40868122487252,54.48090716644396,54.87838363647461,44892000,0.0,0.0
2019-01-22 00:00:00-05:00,54.31834766794679,54.46554479169045,53.07388180032208,53.457481384277344,39632000,0.0,0.0
2019-01-23 00:00:00-05:00,53.86536315507689,54.167187396746016,52.90934376478967,53.74394226074219,25194000,0.0,0.0
2019-01-24 00:00:00-05:00,53.64976752294887,53.921856609574924,53.03075624871682,53.72361373901367,29114000,0.0,0.0
2019-01-25 00:00:00-05:00,54.23062014724432,54.68310881048512,54.11018992785401,54.59142303466797,23260000,0.0,0.0
2019-01-28 00:00:00-05:00,54.024455162568955,54.18800205710422,53.258246677265326,53.51844024658203,29334000,0.0,0.0
2019-01-29 00:00:00-05:00,53.57691983324791,53.759799844010175,52.83252112922512,53.032745361328125,19704000,0.0,0.0
2019-01-30 00:00:00-05:00,53.39454127483169,54.4928044913876,53.35885838319014,54.41697692871094,29452000,0.0,0.0
2019-01-31 00:00:00-05:00,55.123212843141104,55.88793158900815,54.77678591933822,55.799713134765625,40232000,0.0,0.0
2019-02-01 00:00:00-05:00,55.62129291519569,56.2214740701124,55.22282955760962,55.43940734863281,33116000,0.0,0.0
2019-02-04 00:00:00-05:00,55.45873526005803,56.6149826428997,55.38439370064637,56.56938552856445,78408000,0.0,0.0
2019-02-05 00:00:00-05:00,55.98506590270298,57.13189816525388,55.68621744950641,57.0872917175293,82296000,0.0,0.0
2019-02-06 00:00:00-05:00,56.95843868754115,57.19285981317814,55.42652081207824,55.651031494140625,48256000,0.0,0.0
2019-02-07 00:00:00-05:00,55.10239086379588,55.1108153073411,54.198903324088725,54.80949020385742,38298000,0.0,0.0
2019-02-08 00:00:00-05:00,54.2628403443188,54.76935060643316,54.23112389952637,54.634544372558594,21766000,0.0,0.0
2019-02-11 00:00:00-05:00,54.70244299915539,55.182190149293774,54.51659098443572,54.62165832519531,18498000,0.0,0.0
2019-02-12 00:00:00-05:00,55.06225170507033,56.14515201996512,55.06225170507033,55.88347244262695,35036000,0.0,0.0
2019-02-13 00:00:00-05:00,56.15406397615929,56.640254172483175,55.805156661249065,55.93550109863281,28042000,0.0,0.0
2019-02-14 00:00:00-05:00,55.75560701725937,56.30721530844446,55.36358296775746,55.96376037597656,21106000,0.0,0.0
2019-02-15 00:00:00-05:00,56.46431712713548,56.46431712713548,55.34523865451279,55.48945999145508,27826000,0.0,0.0
2019-02-19 00:00:00-05:00,55.3412744861392,55.98555914866208,55.3412744861392,55.83043670654297,21980000,0.0,0.0
2019-02-20 00:00:00-05:00,55.94789489522291,56.04949489564427,55.09892423297482,55.53703689575195,24090000,0.0,0.0
2019-02-21 00:00:00-05:00,55.44733231443277,55.465670982122504,54.41647232015398,54.72523498535156,33272000,0.0,0.0
2019-02-22 00:00:00-05:00,54.997330790040316,55.371511498655586,54.541374738250376,55.33731460571289,29436000,0.0,0.0
2019-02-25 00:00:00-05:00,55.603451028090085,55.775426143808744,55.21588879663741,55.37547302246094,26208000,0.0,0.0
2019-02-26 00:00:00-05:00,55.22876799867742,55.82696397975012,54.84863956722688,55.6074104309082,35026000,0.0,0.0
2019-02-27 00:00:00-05:00,55.21093368851873,55.791781723679335,54.940829672376765,55.651031494140625,22092000,0.0,0.0
2019-02-28 00:00:00-05:00,55.458235880285606,56.20114852474559,55.42899610423238,55.83241653442383,27422000,0.0,0.0
2019-03-01 00:00:00-05:00,56.05297212830004,56.99462318056055,56.05297212830004,56.92127227783203,34086000,0.0,0.0
2019-03-04 00:00:00-05:00,57.22062176829233,57.76380565807714,56.412287155683615,57.16412353515625,35490000,0.0,0.0
2019-03-05 00:00:00-05:00,57.29197516228845,58.30747226410255,57.144286498752884,57.9456787109375,40094000,0.0,0.0
2019-03-06 00:00:00-05:00,58.07305648761124,58.22074516470668,57.64138311830009,57.73505401611328,23602000,0.0,0.0
2019-03-07 00:00:00-05:00,57.51500430906147,57.66765009649561,56.583759132984696,57.0367431640625,30086000,0.0,0.0
2019-03-08 00:00:00-05:00,56.19668704545784,57.16559635548918,56.01331171546796,56.993125915527344,23694000,0.0,0.0
2019-03-11 00:00:00-04:00,57.09373639455161,58.47697114634712,57.07242572690145,58.444759368896484,30032000,0.0,0.0
2019-03-12 00:00:00-04:00,58.5954219125641,59.755631944132176,58.5954219125641,59.33634948730469,42220000,0.0,0.0
2019-03-13 00:00:00-04:00,59.76653882003293,59.82551371065459,59.36906235006115,59.426055908203125,25888000,0.0,0.0
2019-03-14 00:00:00-04:00,59.42406969020674,59.705573907102305,59.03799347607195,59.102420806884766,27302000,0.0,0.0
2019-03-15 00:00:00-04:00,59.37352729524492,59.5578895360771,58.82885367389795,58.99190902709961,51886000,0.0,0.0
2019-03-18 00:00:00-04:00,58.96167247755781,59.22236136997121,58.55478091755831,58.905174255371094,24442000,0.0,0.0
2019-03-19 00:00:00-04:00,59.062276058353675,59.64164182645862,58.95027028391361,59.59455871582031,29788000,0.0,0.0
2019-03-20 00:00:00-04:00,59.5420285063516,60.95896482575789,59.45232405589569,60.782527923583984,41508000,0.0,0.0
2019-03-21 00:00:00-04:00,60.46385278594522,61.278626591033266,60.29435433428484,61.26326370239258,28150000,0.0,0.0
2019-03-22 00:00:00-04:00,60.90246076189057,61.139358531709284,59.77000079156712,59.851776123046875,34422000,0.0,0.0
2019-03-25 00:00:00-04:00,59.45083180443985,59.94048934144617,58.97703248803913,59.34278869628906,27576000,0.0,0.0
2019-03-26 00:00:00-04:00,59.729860841033144,59.851780848264944,58.56866011714988,58.96910858154297,30752000,0.0,0.0
2019-03-27 00:00:00-04:00,59.072199031164196,59.072199031164196,57.69986529981015,58.3828125,29428000,0.0,0.0
2019-03-28 00:00:00-04:00,58.25841097953711,58.34513964794122,57.66021495319524,58.09832763671875,22402000,0.0,0.0
2019-03-29 00:00:00-04:00,58.49034876294825,58.67818587535877,57.80641476822833,58.32729721069336,30890000,0.0,0.0
2019-04-01 00:00:00-04:00,58.85512129752241,59.48255714548465,58.7966417370592,59.422096252441406,27706000,0.0,0.0
2019-04-02 00:00:00-04:00,59.47512231772895,59.760593013316004,59.038495611031834,59.74721145629883,18288000,0.0,0.0
2019-04-03 00:00:00-04:00,60.10205562602446,60.4935842834333,59.72440763827623,60.00838851928711,22180000,0.0,0.0
2019-04-04 00:00:00-04:00,60.03218479146619,60.49111662737929,59.92067433384454,60.43659973144531,21022000,0.0,0.0
2019-04-05 00:00:00-04:00,60.429159736999175,60.48318129422552,59.96973261519408,60.04010772705078,20012000,0.0,0.0
2019-04-08 00:00:00-04:00,60.02326194743682,60.164012178438526,59.70557948026321,59.88300704956055,21750000,0.0,0.0
2019-04-09 00:00:00-04:00,59.566311477880355,59.826996588606484,59.39235125147336,59.60595703125,19668000,0.0,0.0
2019-04-10 00:00:00-04:00,59.72490566065685,59.915710995430445,59.50535210028214,59.79230499267578,15510000,0.0,0.0
2019-04-11 00:00:00-04:00,59.91373630353821,60.10405010747455,59.697653832077705,59.947933197021484,16998000,0.0,0.0
2019-04-12 00:00:00-04:00,60.246780752733265,60.61501746375043,60.13130763088175,60.599159240722656,24312000,0.0,0.0
2019-04-15 00:00:00-04:00,60.666550068797186,60.92476228635258,60.19424052689347,60.787479400634766,23796000,0.0,0.0
2019-04-16 00:00:00-04:00,60.95945755130198,61.255829336431965,60.713636210736404,61.05411911010742,22622000,0.0,0.0
2019-04-17 00:00:00-04:00,61.306384043569125,61.707826972891674,61.103187803811146,61.462005615234375,30366000,0.0,0.0
2019-04-18 00:00:00-04:00,61.70287453826146,61.74946232478266,61.425832047341736,61.52792739868164,24750000,0.0,0.0
2019-04-22 00:00:00-04:00,61.290030694609925,62.16576455775873,61.126480011043846,62.137020111083984,19084000,0.0,0.0
2019-04-23 00:00:00-04:00,62.2797473579548,63.16142888523771,62.04829825291221,62.97111511230469,31868000,0.0,0.0
2019-04-24 00:00:00-04:00,62.97111799439468,63.140121109397725,62.43685776676012,62.44874954223633,23396000,0.0,0.0
2019-04-25 00:00:00-04:00,62.9567451492081,63.08064648305482,62.34715270413668,62.8100471496582,31344000,0.0,0.0
2019-04-26 00:00:00-04:00,63.109391863143735,63.383462313413084,62.694075856401675,63.30961608886719,27228000,0.0,0.0
2019-04-29 00:00:00-04:00,63.46275914712026,64.27853119264928,63.026627793364206,64.24036407470703,72368000,0.0,0.0
2019-04-30 00:00:00-04:00,59.008261271049264,59.52121083974043,58.6301141487377,59.42110061645508,133178000,0.0,0.0
2019-05-01 00:00:00-04:00,59.34874111934893,59.43547356873407,58.06908773280634,58.150367736816406,74340000,0.0,0.0
2019-05-02 00:00:00-04:00,58.11468280615424,58.4507039199752,57.407453023118116,57.81285858154297,45098000,0.0,0.0
2019-05-03 00:00:00-04:00,58.35307144991088,59.046424401851816,58.161770768787754,58.95473861694336,41588000,0.0,0.0
2019-05-06 00:00:00-04:00,58.08494291510392,59.24614734780272,58.04331224905807,59.14851379394531,31774000,0.0,0.0
2019-05-07 00:00:00-04:00,58.7693799619371,59.213440429540135,57.738024570214755,58.42493438720703,36604000,0.0,0.0
2019-05-08 00:00:00-04:00,58.347126174016815,58.69306155571075,57.868373445785245,58.02449035644531,25520000,0.0,0.0
2019-05-09 00:00:00-04:00,57.619078200943854,58.187535320817396,57.22457374671118,57.885215759277344,29556000,0.0,0.0
2019-05-10 00:00:00-04:00,57.92833233577243,58.297060538395336,56.814706388416624,57.868858337402344,31650000,0.0,0.0
2019-05-13 00:00:00-04:00,56.75870698729838,57.09224765690935,55.78038253011659,56.33000564575195,45626000,0.0,0.0
2019-05-14 00:00:00-04:00,56.61399290816184,56.74037091442283,55.68274773950584,55.74866485595703,40392000,0.0,0.0
2019-05-15 00:00:00-04:00,55.634180153756134,58.397182395251555,55.57718659421055,58.02547836303711,59302000,0.0,0.0
2019-05-16 00:00:00-04:00,58.07701671287002,59.18320897931862,57.90900804102215,58.70445251464844,35308000,0.0,0.0
2019-05-17 00:00:00-04:00,58.27476431465895,58.793166334191085,57.8083987397392,57.92536163330078,25362000,0.0,0.0
2019-05-20 00:00:00-04:00,57.14329990146067,57.14329990146067,56.40683030134103,56.72996520996094,30602000,0.0,0.0
2019-05-21 00:00:00-04:00,57.21664579166275,57.39110135626331,56.66305621590145,57.214664459228516,20562000,0.0,0.0
2019-05-22 00:00:00-04:00,57.056564083812255,57.677556750658695,57.04417319422699,57.284542083740234,18826000,0.0,0.0
2019-05-23 00:00:00-04:00,56.79984243398992,56.99709087925702,56.160015757276604,56.7636604309082,25214000,0.0,0.0
2019-05-24 00:00:00-04:00,57.093732555548826,57.210695443784736,56.33595233803128,56.430118560791016,18554000,0.0,0.0
2019-05-28 00:00:00-04:00,56.57236026093217,57.316263612047834,56.43309225495322,56.477203369140625,20948000,0.0,0.0
2019-05-29 00:00:00-04:00,56.13721470312618,56.25120559403535,55.108835144160835,55.504825592041016,36230000,0.0,0.0
2019-05-30 00:00:00-04:00,55.515236489311384,55.84481452164873,55.304602689770476,55.57768249511719,18088000,0.0,0.0
2019-05-31 00:00:00-04:00,54.79611614998246,55.180702637743735,54.68262057903494,54.83873748779297,31582000,0.0,0.0
2019-06-03 00:00:00-04:00,52.87762232282599,52.88108965458806,50.900158023010114,51.48051071166992,96890000,0.0,0.0
2019-06-04 00:00:00-04:00,51.76548395586114,52.456855563196314,51.34620148086811,52.26108932495117,60512000,0.0,0.0
2019-06-05 00:00:00-04:00,52.286363563329914,52.376068009204204,51.19603332376587,51.77291488647461,46988000,0.0,0.0
2019-06-06 00:00:00-04:00,51.85072922935905,52.038562570995836,51.32043164773946,51.927547454833984,29020000,0.0,0.0
2019-06-07 00:00:00-04:00,52.250679832046735,53.19976450009471,52.09555360809189,52.9489860534668,43828000,0.0,0.0
2019-06-10 00:00:00-04:00,53.37669970523659,54.260861820040674,53.29145702898412,53.66217041015625,28510000,0.0,0.0
2019-06-11 00:00:00-04:00,54.36741844537092,54.71533517901255,53.50407539556066,53.576927185058594,33508000,0.0,0.0
2019-06-12 00:00:00-04:00,53.522903743541775,53.65027241899154,53.00995036632593,53.480777740478516,23670000,0.0,0.0
2019-06-13 00:00:00-04:00,53.75881108146844,54.34758824154439,53.65275307370434,54.071041107177734,20814000,0.0,0.0
2019-06-14 00:00:00-04:00,54.00809362992854,54.25688695595238,53.598725420530506,53.83760452270508,24582000,0.0,0.0
2019-06-17 00:00:00-04:00,53.976374912433336,54.580019534736316,53.92185802706665,54.213768005371094,19770000,0.0,0.0
2019-06-18 00:00:00-04:00,55.08653192137512,55.44733102036784,54.55573904861888,54.776283264160156,34526000,0.0,0.0
2019-06-19 00:00:00-04:00,54.87541006056048,54.98394851690062,54.31983533605366,54.740108489990234,26714000,0.0,0.0
2019-06-20 00:00:00-04:00,55.59204776177893,55.642601984797146,54.86350733737669,55.17078399658203,24018000,0.0,0.0
2019-06-21 00:00:00-04:00,55.00524837087624,55.833403625091044,54.99830992711293,55.77393341064453,50774000,0.0,0.0
2019-06-24 00:00:00-04:00,55.507796575893245,55.6847287967048,55.176237247653916,55.34424591064453,24236000,0.0,0.0
2019-06-25 00:00:00-04:00,55.26396142736021,55.29468720373966,53.7533543057993,53.90104675292969,31644000,0.0,0.0
2019-06-26 00:00:00-04:00,54.070536088124065,54.274726736963935,53.21264572550726,53.541229248046875,34698000,0.0,0.0
2019-06-27 00:00:00-04:00,53.859913423621485,53.94466075953343,53.31970162089973,53.358360290527344,24078000,0.0,0.0
2019-06-28 00:00:00-04:00,53.388090842944386,53.66414260864258,53.21809707135729,53.66414260864258,33672000,0.0,0.0
2019-07-01 00:00:00-04:00,54.568131231127936,54.94231570143417,54.28514099136783,54.5165901184082,29196000,0.0,0.0
2019-07-02 00:00:00-04:00,54.755970465829634,55.15542828417847,54.50023866252432,55.141056060791016,20630000,0.0,0.0
2019-07-03 00:00:00-04:00,55.433461243031786,55.90379329168681,55.252566337255466,55.65599060058594,20154000,0.0,0.0
2019-07-05 00:00:00-04:00,55.476570945686234,56.2338558140835,55.38389450531626,56.13572692871094,29794000,0.0,0.0
2019-07-08 00:00:00-04:00,55.798721178484186,55.86513362949331,55.099424235047145,55.34871292114258,29888000,0.0,0.0
2019-07-09 00:00:00-04:00,55.02805097489195,55.8973454336571,54.87094341658776,55.72041320800781,29472000,0.0,0.0
2019-07-10 00:00:00-04:00,56.11838757766129,56.61498360685667,56.03611690591419,56.54411315917969,30710000,0.0,0.0
2019-07-11 00:00:00-04:00,56.8042998372647,57.15518850576028,56.475716282568364,56.70121383666992,26004000,0.0,0.0
2019-07-12 00:00:00-04:00,56.64422087470115,56.87071287852547,56.42764309515108,56.7636604309082,21878000,0.0,0.0
2019-07-15 00:00:00-04:00,56.763662740337104,57.02831809039802,56.49901117144503,57.019893646240234,21164000,0.0,0.0
2019-07-16 00:00:00-04:00,56.832543687174045,57.41983852692772,56.832543687174045,57.16608810424805,25352000,0.0,0.0
2019-07-17 00:00:00-04:00,57.0402124477823,57.412907127041954,56.827101995722224,56.83304977416992,19538000,0.0,0.0
2019-07-18 00:00:00-04:00,56.59813180495845,56.90392249654442,56.1451515514553,56.85783004760742,25450000,0.0,0.0
2019-07-19 00:00:00-04:00,56.96092175625529,57.07292755273275,56.065363155273,56.080230712890625,23184000,0.0,0.0
2019-07-22 00:00:00-04:00,56.2744974586487,56.49999879330321,55.76600968268364,56.45985412597656,28914000,0.0,0.0
2019-07-23 00:00:00-04:00,56.67000169950498,56.938124410120295,56.14466117035465,56.897979736328125,20648000,0.0,0.0
2019-07-24 00:00:00-04:00,56.1332553469821,56.76961094147567,55.92955999931511,56.48563003540039,27192000,0.0,0.0
2019-07-25 00:00:00-04:00,56.4469690096886,56.67693212783193,55.691669217875564,56.297794342041016,54762000,0.0,0.0
2019-07-26 00:00:00-04:00,60.86033933505423,62.86208631623326,60.86033933505423,61.71377182006836,121216000,0.0,0.0
2019-07-29 00:00:00-04:00,61.57896409483417,61.900612992105195,60.96936785698194,61.5462532043457,41382000,0.0,0.0
2019-07-30 00:00:00-04:00,60.81077655714907,61.301923922317876,60.72751521911687,60.8603401184082,28616000,0.0,0.0
2019-07-31 00:00:00-04:00,60.7052100842924,61.20279674885371,59.878045420071864,60.37464141845703,39960000,0.0,0.0
2019-08-01 00:00:00-04:00,60.346397654914995,61.27169128892185,59.81956738563338,60.05646896362305,35426000,0.0,0.0
2019-08-02 00:00:00-04:00,59.62132815732613,59.94346862631582,58.97703965700888,59.29026412963867,34910000,0.0,0.0
2019-08-05 00:00:00-04:00,58.13301460973219,58.326799492421806,56.63529757073762,57.23002243041992,47840000,0.0,0.0
2019-08-06 00:00:00-04:00,57.763792165653605,58.55081214253759,57.56604461469763,58.03934860229492,36014000,0.0,0.0
2019-08-07 00:00:00-04:00,57.38118868283496,58.474990088824434,57.03624777151568,58.27873229980469,30686000,0.0,0.0
2019-08-08 00:00:00-04:00,58.80010384530423,59.78388075791878,58.184068276743524,59.779422760009766,30116000,0.0,0.0
2019-08-09 00:00:00-04:00,59.47214659102437,59.693681486456704,58.72378145475183,58.92251968383789,20418000,0.0,0.0
2019-08-12 00:00:00-04:00,58.48143150180657,58.75946462189785,57.92238948180988,58.20884704589844,22064000,0.0,0.0
2019-08-13 00:00:00-04:00,58.201413132278304,59.741755408780435,58.134013799288674,59.310577392578125,28434000,0.0,0.0
2019-08-14 00:00:00-04:00,58.286660394406965,58.61970574265345,57.54325235821209,57.70085525512695,35430000,0.0,0.0
2019-08-15 00:00:00-04:00,57.90801821500315,58.30400490109744,57.638904867575555,57.952125549316406,28506000,0.0,0.0
2019-08-16 00:00:00-04:00,58.520587823797115,58.67174761330674,58.13451157225545,58.44227981567383,24916000,0.0,0.0
2019-08-19 00:00:00-04:00,59.06772957995668,59.938014690087954,58.99685913675256,59.49444580078125,24450000,0.0,0.0
2019-08-20 00:00:00-04:00,59.242188624158935,59.373523742290665,58.63259236659922,58.65637969970703,20206000,0.0,0.0
2019-08-21 00:00:00-04:00,59.265485919113445,59.50040239715488,58.87395719532133,59.05534744262695,14152000,0.0,0.0
2019-08-22 00:00:00-04:00,59.165368431532706,59.41218045329354,58.42741281307858,59.052371978759766,17352000,0.0,0.0
2019-08-23 00:00:00-04:00,58.737654535148025,59.258041630706764,56.99461148143239,57.17203903198242,36254000,0.0,0.0
2019-08-26 00:00:00-04:00,57.46296433534002,58.07800926706083,57.23498631942803,58.044307708740234,21166000,0.0,0.0
2019-08-27 00:00:00-04:00,58.630114839752,58.72923439799841,57.716217690538485,58.026466369628906,23460000,0.0,0.0
2019-08-28 00:00:00-04:00,57.731575067100515,58.40708458527979,57.50260641384166,58.17167282104492,16810000,0.0,0.0
2019-08-29 00:00:00-04:00,58.79961731053443,59.432505642735975,58.743119079216555,59.18718338012695,19636000,0.0,0.0
2019-08-30 00:00:00-04:00,59.48998909332239,59.48998909332239,58.764915966654016,59.00330352783203,18064000,0.0,0.0
2019-09-03 00:00:00-04:00,58.573116319883106,58.93143877153899,57.67409052559713,57.963523864746094,25908000,0.0,0.0
2019-09-04 00:00:00-04:00,58.45416973899573,58.72328306671025,58.06165041346439,58.593929290771484,21312000,0.0,0.0
2019-09-05 00:00:00-04:00,59.158430872186315,60.16649430936751,59.110357089491124,60.07678985595703,26394000,0.0,0.0
2019-09-06 00:00:00-04:00,59.92562151772817,60.1144455084397,59.63420308310666,59.78586196899414,18972000,0.0,0.0
2019-09-09 00:00:00-04:00,59.82353777097587,60.49111831707012,59.134151222132736,59.73383331298828,31854000,0.0,0.0
2019-09-10 00:00:00-04:00,59.2788585856114,59.96824502600746,59.27489213974957,59.75513458251953,27922000,0.0,0.0
2019-09-11 00:00:00-04:00,59.6654279254719,60.58626344291132,59.58563392745717,60.46384811401367,23522000,0.0,0.0
2019-09-12 00:00:00-04:00,60.6358292920011,61.5749997893835,60.59072751009033,61.20577621459961,31644000,0.0,0.0
2019-09-13 00:00:00-04:00,61.06403124403574,61.50710482527738,60.814742564855344,61.45655059814453,23676000,0.0,0.0
2019-09-16 00:00:00-04:00,60.981266383780465,61.406496637334875,60.721072808839686,61.040245056152344,28218000,0.0,0.0
2019-09-17 00:00:00-04:00,61.04024273315963,61.20726073791632,60.629880051304234,60.95351028442383,20806000,0.0,0.0
2019-09-18 00:00:00-04:00,60.97135405037176,61.26871650630097,60.288906022946065,61.09079360961914,17440000,0.0,0.0
2019-09-19 00:00:00-04:00,61.07443906464093,61.67015463306158,61.0739437315395,61.39311218261719,16554000,0.0,0.0
2019-09-20 00:00:00-04:00,61.13985530652676,61.593829971512335,60.64127797668327,60.9515266418457,37692000,0.0,0.0
2019-09-23 00:00:00-04:00,60.78946856129921,61.43920952001521,60.65119499162064,61.19190216064453,20798000,0.0,0.0
2019-09-24 00:00:00-04:00,61.45506110472891,61.80743576943375,59.9999653336931,60.38108444213867,35804000,0.0,0.0
2019-09-25 00:00:00-04:00,60.266109487642346,61.85254432397838,59.92860234092421,61.74945831298828,26798000,0.0,0.0
2019-09-26 00:00:00-04:00,61.56112777542898,61.686518906396664,61.04966415075393,61.56856155395508,23166000,0.0,0.0
2019-09-27 00:00:00-04:00,61.59531155462389,61.70236399247738,60.22595388036858,60.758731842041016,34122000,0.0,0.0
2019-09-30 00:00:00-04:00,60.493580671285386,60.83108775380379,60.137738703677,60.52034378051758,24470000,0.0,0.0
2019-10-01 00:00:00-04:00,60.58726238746662,61.10120643713175,59.74770675253301,59.7700080871582,24504000,0.0,0.0
2019-10-02 00:00:00-04:00,59.299184954697544,59.41119074300899,58.116174388793425,58.37834930419922,33030000,0.0,0.0
2019-10-03 00:00:00-04:00,58.64696345554862,59.02659657988289,57.64584230969986,58.948787689208984,28368000,0.0,0.0
2019-10-04 00:00:00-04:00,59.18965313222018,60.09016873940147,59.025111789237364,60.01582717895508,24282000,0.0,0.0
2019-10-07 00:00:00-04:00,59.81956483355725,60.409831749067685,59.68872505009201,59.88151550292969,17040000,0.0,0.0
2019-10-08 00:00:00-04:00,59.41168077323603,59.81311988849005,58.95126298908241,58.98347854614258,20086000,0.0,0.0
2019-10-09 00:00:00-04:00,59.5385599553945,59.89192530446098,59.37946727812041,59.59158706665039,15948000,0.0,0.0
2019-10-10 00:00:00-04:00,59.40326022781254,60.24677851453171,59.36658667048485,59.94198226928711,12842000,0.0,0.0
2019-10-11 00:00:00-04:00,60.663579965023196,60.89750574443439,60.14864529422932,60.25123596191406,22330000,0.0,0.0
2019-10-14 00:00:00-04:00,60.16104120555129,60.75527081360676,60.061426309275504,60.353336334228516,13296000,0.0,0.0
2019-10-15 00:00:00-04:00,60.53819393584094,61.808428414409434,60.50944949117995,61.566078186035156,27584000,0.0,0.0
2019-10-16 00:00:00-04:00,61.54476964969111,62.15832857672024,61.38220963816174,61.6037483215332,22986000,0.0,0.0
2019-10-17 00:00:00-04:00,62.020058754063136,62.632131718653895,61.94423118921701,62.08944320678711,20958000,0.0,0.0
2019-10-18 00:00:00-04:00,62.1831120286566,62.35260670842632,61.46200529642791,61.67362976074219,31624000,0.0,0.0
2019-10-21 00:00:00-04:00,61.886244979862205,62.12462877724251,61.45457160617475,61.66718673706055,18094000,0.0,0.0
2019-10-22 00:00:00-04:00,61.67709786273552,61.88773166341229,61.447633840406326,61.51454162597656,22862000,0.0,0.0
2019-10-23 00:00:00-04:00,61.46547631131117,62.34913927685717,61.46547631131117,62.328819274902344,21282000,0.0,0.0
2019-10-24 00:00:00-04:00,62.40216827392578,62.5900016171364,62.06713780900959,62.40216827392578,20224000,0.0,0.0
2019-10-25 00:00:00-04:00,62.049789425950415,62.84276102517835,61.908543864862274,62.659385681152344,27104000,0.0,0.0
2019-10-28 00:00:00-04:00,63.18968402214204,64.3910294301529,63.056367570459585,63.882537841796875,65428000,0.0,0.0
2019-10-29 00:00:00-04:00,63.23924946600724,63.47714172616899,62.22870931053098,62.4789924621582,52654000,0.0,0.0
2019-10-30 00:00:00-04:00,62.205899749563365,62.843745049570245,61.98287887408168,62.480960845947266,29204000,0.0,0.0
2019-10-31 00:00:00-04:00,62.44627667901686,62.769411592307705,61.924898861304875,62.386802673339844,31904000,0.0,0.0
2019-11-01 00:00:00-04:00,62.733730508182425,63.090566990184044,62.43190625413657,63.05339431762695,28812000,0.0,0.0
2019-11-04 00:00:00-05:00,63.24469844402674,64.0569956350215,63.24469844402674,63.91376495361328,30632000,0.0,0.0
2019-11-05 00:00:00-05:00,63.9925676375723,64.29191523891771,63.90237162804202,64.00446319580078,25148000,0.0,0.0
2019-11-06 00:00:00-05:00,63.937549521749176,64.08127174040926,63.549987302116946,63.9831428527832,24626000,0.0,0.0
2019-11-07 00:00:00-05:00,64.14519692432721,65.55123188289895,64.11893292999011,64.77263641357422,45140000,0.0,0.0
2019-11-08 00:00:00-05:00,64.50402723538035,65.27667885889721,64.50402723538035,64.87474060058594,30392000,0.0,0.0
2019-11-11 00:00:00-05:00,64.62693423524343,64.67154446385774,64.22401289593664,64.34345245361328,17234000,0.0,0.0
2019-11-12 00:00:00-05:00,64.35783128619119,64.89209538858405,64.14323480173866,64.2904281616211,28852000,0.0,0.0
2019-11-13 00:00:00-05:00,64.09069674798155,64.55359504237842,64.03965096393655,64.2393798828125,20538000,0.0,0.0
2019-11-14 00:00:00-05:00,64.18089338195229,65.20779076149725,64.12835782292629,64.88217163085938,28948000,0.0,0.0
2019-11-15 00:00:00-05:00,65.17458383535813,66.09095764160156,65.01796782618717,66.09095764160156,39286000,0.0,0.0
2019-11-18 00:00:00-05:00,66.03148642309691,66.10979443546886,65.22959876419937,65.41197967529297,27984000,0.0,0.0
2019-11-19 00:00:00-05:00,65.74849152659021,65.74849152659021,65.0120257076676,65.05266571044922,21864000,0.0,0.0
2019-11-20 00:00:00-05:00,64.99170523205015,65.08339101361491,63.893941175344125,64.52088165283203,28892000,0.0,0.0
2019-11-21 00:00:00-05:00,64.39152731265196,64.97980911504798,63.970259735627984,64.43563842773438,25546000,0.0,0.0
2019-11-22 00:00:00-05:00,64.57738175349998,64.7706675468929,63.90137680975466,64.11498260498047,27776000,0.0,0.0
2019-11-25 00:00:00-05:00,64.24335695073118,64.9446353501172,64.21114138581487,64.7082290649414,23590000,0.0,0.0
2019-11-26 00:00:00-05:00,64.91983789427263,65.12303789905084,64.62892233849249,65.07298278808594,21910000,0.0,0.0
2019-11-27 00:00:00-05:00,65.19291291752623,65.30293734931635,64.89802717326724,65.02985382080078,18808000,0.0,0.0
2019-11-29 00:00:00-05:00,64.7558015227708,64.9218250921024,64.58877972481791,64.63140106201172,12802000,0.0,0.0
2019-12-02 00:00:00-05:00,64.55556762557949,64.69830674310012,63.456313830417564,63.876590728759766,26538000,0.0,0.0
2019-12-03 00:00:00-05:00,63.37108017816764,64.29142432717063,63.291289945415805,64.16801452636719,25270000,0.0,0.0
2019-12-04 00:00:00-05:00,64.73100747526055,65.63152295609659,64.57984392882136,65.36736297607422,35506000,0.0,0.0
2019-12-05 00:00:00-05:00,65.7668357637966,65.8154086629345,65.13841301033878,65.76485443115234,24408000,0.0,0.0
2019-12-06 00:00:00-05:00,66.05179199526741,66.53352039761293,65.97646356061546,66.38087463378906,32968000,0.0,0.0
2019-12-09 00:00:00-05:00,66.35462104976114,67.2809091155048,66.21634370373974,66.5593032836914,30842000,0.0,0.0
2019-12-10 00:00:00-05:00,66.40814912656901,66.80760694308702,66.11375487153835,66.55435180664062,17606000,0.0,0.0
2019-12-11 00:00:00-05:00,66.82247708963801,66.90127665439235,66.4656405961161,66.62175750732422,20480000,0.0,0.0
2019-12-12 00:00:00-05:00,66.5701991240264,67.13369908358814,66.3219049219665,66.83187866210938,29114000,0.0,0.0
2019-12-13 00:00:00-05:00,66.80264795563977,66.9736324221348,66.49339369766332,66.75160217285156,33170000,0.0,0.0
2019-12-16 00:00:00-05:00,67.1545206865524,67.5772704504544,66.9369522505848,67.43701934814453,28128000,0.0,0.0
2019-12-17 00:00:00-05:00,67.52177308054043,67.61692998157208,66.94488767655888,67.14907836914062,32948000,0.0,0.0
2019-12-18 00:00:00-05:00,67.25364537789,67.3740756040836,66.9295235885865,67.00138092041016,23330000,0.0,0.0
2019-12-19 00:00:00-05:00,67.00138804031042,67.27992408819243,66.84477957442238,67.22589874267578,28922000,0.0,0.0
2019-12-20 00:00:00-05:00,67.55595921284369,67.60056187619001,66.94289568077183,66.96717834472656,50090000,0.0,0.0
2019-12-23 00:00:00-05:00,67.3393969509009,67.49402409017587,66.80761329394315,66.93795776367188,19936000,0.0,0.0
2019-12-24 00:00:00-05:00,66.91712233062835,67.00633521845035,66.61778235108628,66.63066101074219,13468000,0.0,0.0
2019-12-26 00:00:00-05:00,66.73574073401721,67.56092791296443,66.68419583939209,67.52474212646484,23662000,0.0,0.0
2019-12-27 00:00:00-05:00,67.6005772785169,67.75174086630363,67.05541584573098,67.1366958618164,23212000,0.0,0.0
2019-12-30 00:00:00-05:00,67.24423228707724,67.25364739766525,66.30406732440926,66.39674377441406,19994000,0.0,0.0
2019-12-31 00:00:00-05:00,66.20245642690789,66.44381596112649,66.02106622175161,66.38087463378906,19514000,0.0,0.0
2020-01-02 00:00:00-05:00,66.82792341596551,67.83251190185547,66.73276652225083,67.83251190185547,27278000,0.0,0.0
2020-01-03 00:00:00-05:00,66.80760773096915,68.08379009099887,66.77390239021686,67.4776611328125,23408000,0.0,0.0
2020-01-06 00:00:00-05:00,66.98749602026135,69.30148029943362,66.95627869440405,69.27620697021484,46768000,0.0,0.0
2020-01-07 00:00:00-05:00,69.4075533410106,69.55821779935313,68.96646485726092,69.14240264892578,34330000,0.0,0.0
2020-01-08 00:00:00-05:00,69.12801890142514,69.97203621725023,69.0194842397815,69.63452911376953,35314000,0.0,0.0
2020-01-09 00:00:00-05:00,70.47160903192002,70.80614415984961,69.89076100637546,70.36555480957031,33200000,0.0,0.0
2020-01-10 00:00:00-05:00,70.84529584599768,71.11639050055818,70.35613364348731,70.82001495361328,26258000,0.0,0.0
2020-01-13 00:00:00-05:00,71.1317546271615,71.44051730380278,70.64210083819175,71.36865997314453,30730000,0.0,0.0
2020-01-14 00:00:00-05:00,71.36717204334909,71.49751649539529,70.76104311691866,70.90081024169922,26076000,0.0,0.0
2020-01-15 00:00:00-05:00,71.02124004178174,71.40583028391339,70.95383692655207,71.32752227783203,21550000,0.0,0.0
2020-01-16 00:00:00-05:00,71.63727803469492,71.89747539401914,71.3671740127522,71.87071228027344,26080000,0.0,0.0
2020-01-17 00:00:00-05:00,72.48427623244726,73.37685908031735,72.18740906074524,73.32581329345703,52424000,0.0,0.0
2020-01-21 00:00:00-05:00,73.30002755955512,73.83925246721381,72.86439154992613,73.46110534667969,48930000,0.0,0.0
2020-01-22 00:00:00-05:00,73.83182870287273,74.36955634065013,73.4814353131619,73.54139709472656,28458000,0.0,0.0
2020-01-23 00:00:00-05:00,73.72377206652983,74.0186578379967,73.36544584943454,73.58202362060547,26650000,0.0,0.0
2020-01-24 00:00:00-05:00,73.98496196506716,74.0533557502206,72.51598536486014,72.66417694091797,29786000,0.0,0.0
2020-01-27 00:00:00-05:00,70.94789079814586,71.19767480231553,70.35117700362538,70.95730590820312,34132000,0.0,0.0
2020-01-28 00:00:00-05:00,71.45341176845339,72.10067230733206,70.88941257474418,71.88756561279297,29724000,0.0,0.0
2020-01-29 00:00:00-05:00,72.28206348912828,72.5635715376291,71.63431138988481,72.19483947753906,21566000,0.0,0.0
2020-01-30 00:00:00-05:00,71.2729971212912,72.12295839747925,71.11936068796703,72.07340240478516,27110000,0.0,0.0
2020-01-31 00:00:00-05:00,72.74791964883377,72.83762408999898,70.72584905282633,71.00933837890625,43822000,0.0,0.0
2020-02-03 00:00:00-05:00,72.44014561867483,73.66181843513121,72.19036163551479,73.47843933105469,71636000,0.0,0.0
2020-02-04 00:00:00-05:00,72.08531174137013,72.7221589274787,70.47657553792322,71.63529968261719,95880000,0.0,0.0
2020-02-05 00:00:00-05:00,72.53728878225081,72.58536256030895,70.85570477873623,71.66700744628906,36376000,0.0,0.0
2020-02-06 00:00:00-05:00,71.96090591264428,73.42691043576079,71.88656813376596,73.14986419677734,37822000,0.0,0.0
2020-02-07 00:00:00-05:00,72.72464050558949,73.60978951764092,72.62651160369214,73.30548858642578,28360000,0.0,0.0
2020-02-10 00:00:00-05:00,73.21232137301007,74.78090916442083,73.11171202305549,74.77000427246094,38302000,0.0,0.0
2020-02-11 00:00:00-05:00,74.99846724762173,75.82167304144915,74.61090502112194,74.8393783569336,34852000,0.0,0.0
2020-02-12 00:00:00-05:00,75.12684294355199,75.34689187241607,74.77050554826452,75.26412963867188,31042000,0.0,0.0
2020-02-13 00:00:00-05:00,74.8364125860934,75.62690377435739,74.5390463323393,75.00442504882812,22914000,0.0,0.0
2020-02-14 00:00:00-05:00,75.06091253402924,75.33448763337121,74.61585388336378,75.2690658569336,23198000,0.0,0.0
2020-02-18 00:00:00-05:00,75.0515118488402,75.85538085243427,74.8864713768279,75.30426788330078,25642000,0.0,0.0
2020-02-19 00:00:00-05:00,75.68884877939992,75.86429500722407,75.38058521971043,75.57337188720703,22746000,0.0,0.0
2020-02-20 00:00:00-05:00,75.2829410240114,75.6823987740962,74.55192018289029,75.18283081054688,25962000,0.0,0.0
2020-02-21 00:00:00-05:00,74.56778297216329,74.88348786244822,73.27475187398645,73.52106475830078,42520000,0.0,0.0
2020-02-24 00:00:00-05:00,70.52711678476247,71.1877625983734,69.72126652670165,70.3690185546875,49560000,0.0,0.0
2020-02-25 00:00:00-05:00,70.92113012166743,71.21105502268838,68.41435887341959,68.7067642211914,51580000,0.0,0.0
2020-02-26 00:00:00-05:00,69.13596510821695,70.0622532674359,68.22256317384887,68.91244506835938,49776000,0.0,0.0
2020-02-27 00:00:00-05:00,67.35969967242637,67.86819119574264,65.13442914630396,65.16961669921875,62290000,0.0,0.0
2020-02-28 00:00:00-05:00,63.15548440926263,66.53253692106605,62.85316484722115,66.37394714355469,80198000,0.0,0.0
2020-03-02 00:00:00-05:00,66.97561657220051,68.76375399776019,65.67762449941802,68.7067642211914,55430000,0.0,0.0
2020-03-03 00:00:00-05:00,69.26976927543198,69.7906479427087,65.87784169688798,66.2981185913086,56602000,0.0,0.0
2020-03-04 00:00:00-05:00,67.35077754870201,68.5313112774351,66.26242870695833,68.47283172607422,47598000,0.0,0.0
2020-03-05 00:00:00-05:00,66.68617596648993,67.08663199651346,64.50997717418309,65.16020965576172,54380000,0.0,0.0
2020-03-06 00:00:00-05:00,62.93940759811256,64.5649888842822,62.30800530544465,64.21757507324219,64640000,0.0,0.0
2020-03-09 00:00:00-04:00,59.71846256922305,62.08596950725931,59.37550300597867,60.25520324707031,69252000,0.0,0.0
2020-03-10 00:00:00-04:00,62.16824305070715,63.23181023125932,60.19176558217221,63.1981086730957,54872000,0.0,0.0
2020-03-11 00:00:00-04:00,61.86493643205561,62.2941293736132,59.03354029669556,60.012855529785156,54732000,0.0,0.0
2020-03-12 00:00:00-04:00,55.63764453569827,58.91508197832732,54.936362559355885,55.08900833129883,94326000,0.0,0.0
2020-03-13 00:00:00-04:00,58.23313582495067,60.18631753199108,55.125688027826726,60.179874420166016,79400000,0.0,0.0
2020-03-16 00:00:00-04:00,54.00164972360954,56.77010027295702,52.88505177139767,53.17845153808594,96520000,0.0,0.0
2020-03-17 00:00:00-04:00,54.05270334557388,55.80516162378033,51.99395905552296,55.411651611328125,83194000,0.0,0.0
2020-03-18 00:00:00-04:00,52.53119691195089,54.763897729434355,51.394275053932354,54.07996368408203,93044000,0.0,0.0
2020-03-19 00:00:00-04:00,53.932764120819286,57.12396841730102,52.313622306797946,55.0949592590332,74064000,0.0,0.0
2020-03-20 00:00:00-04:00,56.048007686267525,56.4236781479315,52.638244210911644,52.94105911254883,82878000,0.0,0.0
2020-03-23 00:00:00-04:00,52.35426310073486,52.8766315654061,50.00013767795823,52.243247985839844,83672000,0.0,0.0
2020-03-24 00:00:00-04:00,54.713843223428654,56.168443781993375,53.8440533745928,56.003902435302734,72468000,0.0,0.0
2020-03-25 00:00:00-04:00,55.73478676010555,56.80479702099747,53.67455646153341,54.59687805175781,90324000,0.0,0.0
2020-03-26 00:00:00-04:00,55.24611599341707,58.0591730147804,54.121588919875315,57.63493347167969,76562000,0.0,0.0
2020-03-27 00:00:00-04:00,55.87801492498947,57.04665313941578,54.71482915567299,55.02507781982422,62794000,0.0,0.0
2020-03-30 00:00:00-04:00,56.13424989783676,57.044180684671595,54.44175700603659,56.81174087524414,58736000,0.0,0.0
2020-03-31 00:00:00-04:00,56.93167488332719,58.154330943122716,56.33645085139658,57.58686447143555,65228000,0.0,0.0
2020-04-01 00:00:00-04:00,55.70603956639152,55.97465756314441,54.19394647198858,54.620662689208984,51970000,0.0,0.0
2020-04-02 00:00:00-04:00,54.51659352115847,55.645087218791915,54.17611436881151,55.36061096191406,56410000,0.0,0.0
2020-04-03 00:00:00-04:00,55.24561822270651,55.447823761533954,53.28153570728026,54.154788970947266,51374000,0.0,0.0
2020-04-06 00:00:00-04:00,56.152088293952644,59.0142061972001,55.755602497061574,58.639530181884766,63320000,0.0,0.0
2020-04-07 00:00:00-04:00,60.315667229775336,60.50251369057454,58.34514131104988,58.608306884765625,61620000,0.0,0.0
2020-04-08 00:00:00-04:00,59.62627903343339,60.21109350341691,58.67719432513304,59.81956481933594,40334000,0.0,0.0
2020-04-09 00:00:00-04:00,60.37365144573341,60.56247544600904,59.09697009884195,59.79825210571289,54028000,0.0,0.0
2020-04-13 00:00:00-04:00,59.54698356017191,60.192262693866695,58.59690819494701,59.98856735229492,38702000,0.0,0.0
2020-04-14 00:00:00-04:00,61.45358277533107,63.22685654351929,60.88710314879472,62.705482482910156,63358000,0.0,0.0
2020-04-15 00:00:00-04:00,61.77770250465346,63.195134097542535,61.15770048868612,62.312461853027344,42236000,0.0,0.0
2020-04-16 00:00:00-04:00,62.80013418506722,63.10840152659315,61.36585370716055,62.31890106201172,57896000,0.0,0.0
2020-04-17 00:00:00-04:00,63.52173597337611,63.93308931599049,62.74363573527321,63.38792419433594,51050000,0.0,0.0
2020-04-20 00:00:00-04:00,62.93643239550042,63.27988732571067,62.26984253766652,62.503273010253906,35292000,0.0,0.0
2020-04-21 00:00:00-04:00,61.58937667810342,61.95067114702243,59.72044698572963,60.07530212402344,49648000,0.0,0.0
2020-04-22 00:00:00-04:00,61.51007469601736,63.43153606448749,61.31629358182884,62.36747360229492,46296000,0.0,0.0
2020-04-23 00:00:00-04:00,62.73075313152235,63.84140722065894,62.472544668602076,62.9998664855957,34202000,0.0,0.0
2020-04-24 00:00:00-04:00,62.198472543384035,63.32399415868227,61.65330740481523,63.26898193359375,37402000,0.0,0.0
2020-04-27 00:00:00-04:00,64.03220981010499,64.1362902612002,62.697048874068805,62.984500885009766,44186000,0.0,0.0
2020-04-28 00:00:00-04:00,63.59608296834432,63.67339274554905,60.97829284393305,61.08782196044922,80700000,0.0,0.0
2020-04-29 00:00:00-04:00,66.65891696341713,67.40975873675693,65.75344808139765,66.51915740966797,108358000,0.0,0.0
2020-04-30 00:00:00-04:00,65.98292232013938,66.90673001324649,65.49425157692038,66.74317932128906,55842000,0.0,0.0
2020-05-01 00:00:00-04:00,65.62261230338001,66.97760179374693,64.90745711448741,65.2870864868164,48872000,0.0,0.0
2020-05-04 00:00:00-04:00,64.83162512222222,65.64144560406487,64.23094864842768,65.56362915039062,30806000,0.0,0.0
2020-05-05 00:00:00-04:00,66.28721289666468,67.94798532924645,66.16480134457395,66.85814666748047,39666000,0.0,0.0
2020-05-06 00:00:00-04:00,67.30321467823855,67.83301697062188,66.66536925942738,66.68023681640625,31732000,0.0,0.0
2020-05-07 00:00:00-04:00,67.46724765565328,68.1952965450196,67.03260232501718,67.86224365234375,30652000,0.0,0.0
2020-05-08 00:00:00-04:00,68.48375817405928,69.21824281576643,67.99756781843146,68.60865020751953,33326000,0.0,0.0
2020-05-11 00:00:00-04:00,68.23444165998997,70.15441305900524,68.1705096660743,69.56266021728516,32718000,0.0,0.0
2020-05-12 00:00:00-04:00,69.79214367959435,70.09495481486462,68.12145686010034,68.1546630859375,33918000,0.0,0.0
2020-05-13 00:00:00-04:00,68.20321596744674,68.65768970686308,65.81687529627737,66.82394409179688,40368000,0.0,0.0
2020-05-14 00:00:00-04:00,66.08997649082319,67.27199269584207,65.58346617829078,67.24671936035156,36660000,0.0,0.0
2020-05-15 00:00:00-04:00,66.82049935134577,68.1249271493889,66.36156370417874,68.04959869384766,41544000,0.0,0.0
2020-05-18 00:00:00-04:00,67.48063205826992,69.02592758289641,67.11487206226282,68.65026092529297,47094000,0.0,0.0
2020-05-19 00:00:00-04:00,68.66512886344131,69.01254263159231,68.0842808724935,68.11599731445312,31586000,0.0,0.0
2020-05-20 00:00:00-04:00,68.84751907073908,69.98096987690036,68.76128572867,69.83872985839844,38262000,0.0,0.0
2020-05-21 00:00:00-04:00,69.92941872936086,70.20051340358503,69.10671203417986,69.71928405761719,30894000,0.0,0.0
2020-05-22 00:00:00-04:00,69.57804104903495,70.22728290602076,69.18403566778795,70.04093933105469,28544000,0.0,0.0
2020-05-26 00:00:00-04:00,71.46430955805518,71.62042645531723,70.34622550732381,70.44385528564453,44590000,0.0,0.0
2020-05-27 00:00:00-04:00,70.37596228255275,70.64111296949386,69.11712797478641,70.38983917236328,31684000,0.0,0.0
2020-05-28 00:00:00-04:00,69.38475528420979,71.58821644638739,69.33916194732967,70.28874206542969,35170000,0.0,0.0
2020-05-29 00:00:00-04:00,70.39727782191743,71.20511704791316,70.17673735022835,71.04602813720703,37044000,0.0,0.0
2020-06-01 00:00:00-04:00,70.6584640274907,71.44548411572828,70.48896178135337,71.11293029785156,25162000,0.0,0.0
2020-06-02 00:00:00-04:00,71.1193624308014,71.5158481937541,70.45574467809989,71.48165130615234,23442000,0.0,0.0
2020-06-03 00:00:00-04:00,71.50097098719262,71.81369626408228,70.95183952741782,71.32998657226562,27732000,0.0,0.0
2020-06-04 00:00:00-04:00,71.20758143939362,71.4325912261773,69.6826058547975,70.09346008300781,26982000,0.0,0.0
2020-06-05 00:00:00-04:00,70.1598764140095,71.67940719980339,69.76239993864283,71.3681640625,42642000,0.0,0.0
2020-06-08 00:00:00-04:00,70.6872055170517,71.81321492577551,70.59799261823765,71.76564025878906,33878000,0.0,0.0
2020-06-09 00:00:00-04:00,71.62686911667684,72.74495316037958,71.48412999551343,71.96585845947266,33624000,0.0,0.0
2020-06-10 00:00:00-04:00,72.43322560826746,72.99127323763385,72.07886956071756,72.59132385253906,31762000,0.0,0.0
2020-06-11 00:00:00-04:00,71.41822890962877,71.94208724589285,69.30596179831012,69.47892761230469,47144000,0.0,0.0
2020-06-12 00:00:00-04:00,70.6663867539515,71.09508812261465,68.68099326977082,70.02507781982422,36676000,0.0,0.0
2020-06-15 00:00:00-04:00,68.8638691116069,70.62376113767836,68.75037355248693,70.41263580322266,30468000,0.0,0.0
2020-06-16 00:00:00-04:00,71.8132039758774,72.21811416599839,70.82150183737386,71.68782043457031,30648000,0.0,0.0
2020-06-17 00:00:00-04:00,72.00848353832393,72.46741153025238,71.12580754686152,71.98865509033203,30610000,0.0,0.0
2020-06-18 00:00:00-04:00,71.85534618092774,72.00997330472221,70.68521806962335,71.07575988769531,34862000,0.0,0.0
2020-06-19 00:00:00-04:00,71.36718184428655,71.59020277508219,70.32640741745521,70.6059341430664,52784000,0.0,0.0
2020-06-22 00:00:00-04:00,70.62424852843317,71.90984566646499,70.33580590467547,71.89546966552734,29442000,0.0,0.0
2020-06-23 00:00:00-04:00,71.96189170393863,73.11169968828236,71.61496948877875,72.55562591552734,37752000,0.0,0.0
2020-06-24 00:00:00-04:00,72.5209391776435,73.14093740058806,70.87156316474966,71.00537872314453,31592000,0.0,0.0
2020-06-25 00:00:00-04:00,70.93203051023997,71.48215278669201,70.35316378712089,71.42169189453125,23958000,0.0,0.0
2020-06-26 00:00:00-04:00,71.00191289630564,71.21948135641514,67.15452813817328,67.52821350097656,97640000,0.0,0.0
2020-06-29 00:00:00-04:00,67.41917027733605,69.285623059931,66.9884876343953,69.2444839477539,45074000,0.0,0.0
2020-06-30 00:00:00-04:00,69.23012852105167,70.57420557968574,68.73699600814484,70.2793197631836,40286000,0.0,0.0
2020-07-01 00:00:00-04:00,70.33481645311701,71.78743537146985,70.08750537116991,71.46627807617188,42182000,0.0,0.0
2020-07-02 00:00:00-04:00,71.95397188987388,73.77185199898827,71.91580477152797,72.85051727294922,57218000,0.0,0.0
2020-07-06 00:00:00-04:00,73.75351267291511,74.83640917181805,73.19991930923392,74.32345581054688,44712000,0.0,0.0
2020-07-07 00:00:00-04:00,74.14901196321672,75.39744054043872,73.83033503772904,73.84123992919922,42364000,0.0,0.0
2020-07-08 00:00:00-04:00,74.38044955606385,74.89439355873654,73.95918199653875,74.51921844482422,31766000,0.0,0.0
2020-07-09 00:00:00-04:00,74.83293808896195,75.7849985849552,74.12224472312172,75.2656021118164,41836000,0.0,0.0
2020-07-10 00:00:00-04:00,74.99747336522512,76.38963154936391,74.37648449858449,76.27415466308594,35918000,0.0,0.0
2020-07-13 00:00:00-04:00,76.81586355325133,78.12525214839029,74.6659286390458,74.94693756103516,42954000,0.0,0.0
2020-07-14 00:00:00-04:00,73.98348873693753,75.47079662526262,73.64350110242074,75.37464904785156,38108000,0.0,0.0
2020-07-15 00:00:00-04:00,75.49210540917994,76.14134731648993,74.23327093668394,75.17739868164062,31026000,0.0,0.0
2020-07-16 00:00:00-04:00,74.41513084401217,75.1293027817257,73.75944601706206,75.08023834228516,26484000,0.0,0.0
2020-07-17 00:00:00-04:00,75.1788676895288,75.50200636800437,74.24663566725596,75.17589569091797,34264000,0.0,0.0
2020-07-20 00:00:00-04:00,75.08420771365807,77.76097259277284,74.47461527343725,77.50474548339844,30166000,0.0,0.0
2020-07-21 00:00:00-04:00,78.55495649422853,78.65506674185333,76.94869294034936,77.11224365234375,27486000,0.0,0.0
2020-07-22 00:00:00-04:00,77.10182551895637,77.66037224765607,76.48330944923406,77.5548095703125,24482000,0.0,0.0
2020-07-23 00:00:00-04:00,77.60833887916083,77.82739713519356,74.76653311104509,75.17095184326172,33910000,0.0,0.0
2020-07-24 00:00:00-04:00,74.30065587172042,75.10551538900812,73.72575189517956,74.74768829345703,29902000,0.0,0.0
2020-07-27 00:00:00-04:00,74.99798130151846,76.20229873811029,74.95188885196664,75.79936981201172,27124000,0.0,0.0
2020-07-28 00:00:00-04:00,75.57982039046628,75.62987550532888,74.3665793891612,74.5217056274414,30910000,0.0,0.0
2020-07-29 00:00:00-04:00,74.58860175422343,75.99264795596048,74.4899737531513,75.50596618652344,22676000,0.0,0.0
2020-07-30 00:00:00-04:00,74.24019694838614,76.36733890949552,74.10142804829563,76.24244689941406,36042000,0.0,0.0
2020-07-31 00:00:00-04:00,74.19460163241017,74.5895976539911,72.06101661639134,73.74359893798828,91468000,0.0,0.0
2020-08-03 00:00:00-04:00,73.89475522037439,74.2282920907646,72.93922369965598,73.48637390136719,45482000,0.0,0.0
2020-08-04 00:00:00-04:00,73.68214847232768,73.99933560623647,72.55811283263415,73.01753997802734,37212000,0.0,0.0
2020-08-05 00:00:00-04:00,73.19199942222478,73.84520394570967,72.91445404831978,73.30449676513672,29134000,0.0,0.0
2020-08-06 00:00:00-04:00,73.15878990214848,74.65155001959869,72.94815610602834,74.58612823486328,33306000,0.0,0.0
2020-08-07 00:00:00-04:00,74.78883662265774,75.33647844212679,73.6603391959197,74.26002502441406,27718000,0.0,0.0
2020-08-10 00:00:00-04:00,73.88484774464752,74.6951597832656,73.22519259615039,74.1832046508789,20546000,0.0,0.0
2020-08-11 00:00:00-04:00,74.04343941326381,74.8582208141743,73.25989046753106,73.37635803222656,31098000,0.0,0.0
2020-08-12 00:00:00-04:00,73.7024683730162,74.9191804606546,73.59739725191154,74.69962310791016,22512000,0.0,0.0
2020-08-13 00:00:00-04:00,74.74770466605213,76.1730693636547,74.74770466605213,75.1659927368164,22388000,0.0,0.0
2020-08-14 00:00:00-04:00,75.01531017385318,75.32159993658554,74.29123155546152,74.57025909423828,21942000,0.0,0.0
2020-08-17 00:00:00-04:00,75.13229025369915,75.51936096663643,74.58861108119994,75.14566802978516,19990000,0.0,0.0
2020-08-18 00:00:00-04:00,75.6353335447207,77.18410047054229,75.41479306689972,77.10530090332031,28378000,0.0,0.0
2020-08-19 00:00:00-04:00,76.94223867615787,77.75354900546623,76.3232310449842,76.55170440673828,30472000,0.0,0.0
2020-08-20 00:00:00-04:00,76.3217300452834,78.31406556338243,76.04865405295624,78.11978912353516,26382000,0.0,0.0
2020-08-21 00:00:00-04:00,77.89923986608471,78.89442072406565,77.42891544303244,78.08609008789062,34838000,0.0,0.0
2020-08-24 00:00:00-04:00,78.92366302638288,79.73200128949749,78.0598247678244,78.56088256835938,25638000,0.0,0.0
2020-08-25 00:00:00-04:00,78.31059460232726,79.73694969068394,78.20057015978882,79.58678436279297,25150000,0.0,0.0
2020-08-26 00:00:00-04:00,79.60909309862284,81.91316349499694,79.34543219094165,81.48396301269531,52188000,0.0,0.0
2020-08-27 00:00:00-04:00,81.60685710394912,81.67525087318623,80.22907505869175,80.71031188964844,31350000,0.0,0.0
2020-08-28 00:00:00-04:00,80.75741347984508,81.34618686734322,80.56610901540381,81.25102996826172,22418000,0.0,0.0
2020-08-31 00:00:00-04:00,81.4562171292077,81.50230958261653,80.55223786700407,80.76039123535156,26422000,0.0,0.0
2020-09-01 00:00:00-04:00,80.89073338937213,82.23183846792581,80.7603889260026,82.02665710449219,22652000,0.0,0.0
2020-09-02 00:00:00-04:00,82.66746793542667,85.54644234376782,82.27990568952355,85.1147689819336,49522000,0.0,0.0
2020-09-03 00:00:00-04:00,84.22912884691586,84.25291996362634,79.6789756844659,80.7593994140625,63726000,0.0,0.0
2020-09-04 00:00:00-04:00,79.74289901970272,81.03097686022531,76.22261573733604,78.36561584472656,55850000,0.0,0.0
2020-09-08 00:00:00-04:00,75.57981382695054,77.09388450025051,75.158546265931,75.51042938232422,54032000,0.0,0.0
2020-09-09 00:00:00-04:00,76.76431893027807,77.2510007636968,75.58824678956422,76.68155670166016,39242000,0.0,0.0
2020-09-10 00:00:00-04:00,76.82775166747923,77.99142901908637,75.33201208144567,75.63185119628906,33024000,0.0,0.0
2020-09-11 00:00:00-04:00,75.73592613662498,76.25878610515645,73.99486445257723,75.12187194824219,30706000,0.0,0.0
2020-09-14 00:00:00-04:00,75.90939749332158,77.16575899280991,74.5940648803164,74.77842712402344,42660000,0.0,0.0
2020-09-15 00:00:00-04:00,75.7230488068471,76.86789598953742,75.43609590207801,76.08136749267578,23042000,0.0,0.0
2020-09-16 00:00:00-04:00,76.44614030970467,77.03541281613771,74.91521303018398,74.93999481201172,22128000,0.0,0.0
2020-09-17 00:00:00-04:00,73.63752633306156,74.27438094468211,72.48029221761938,73.698486328125,40008000,0.0,0.0
2020-09-18 00:00:00-04:00,73.7609611021754,74.1029300776159,70.95186973377261,71.91680908203125,63056000,0.0,0.0
2020-09-21 00:00:00-04:00,70.95185663516155,71.3701446598767,69.51757609828891,70.87850952148438,56908000,0.0,0.0
2020-09-22 00:00:00-04:00,71.87863322198784,72.555137240123,70.84678253105847,72.34945678710938,33950000,0.0,0.0
2020-09-23 00:00:00-04:00,71.96636537964568,72.01542983095999,69.51758190655079,69.85012817382812,37726000,0.0,0.0
2020-09-24 00:00:00-04:00,69.51757350502828,71.26755132764286,69.49130194472214,70.5177001953125,34552000,0.0,0.0
2020-09-25 00:00:00-04:00,70.62623601637378,71.66155016887853,69.76536984836896,71.3205795288086,30326000,0.0,0.0
2020-09-28 00:00:00-04:00,72.95259971046488,73.00215569804617,71.67839903664637,72.29195404052734,30784000,0.0,0.0
2020-09-29 00:00:00-04:00,72.55216627798126,72.95310628877834,72.0610151428717,72.65673828125,31816000,0.0,0.0
2020-09-30 00:00:00-04:00,72.40496388039755,73.65686345741786,72.14824521381277,72.63591766357422,40924000,0.0,0.0
2020-10-01 00:00:00-04:00,73.5309770975159,74.09646597038588,73.19098955125851,73.7411117553711,32884000,0.0,0.0
2020-10-02 00:00:00-04:00,72.34002578562743,73.30150115335917,71.73142412883716,72.14029693603516,31222000,0.0,0.0
2020-10-05 00:00:00-04:00,72.48971861393626,73.58252935432779,72.36284527360293,73.48985290527344,21602000,0.0,0.0
2020-10-06 00:00:00-04:00,73.12657100866626,73.5736034655769,71.61547229083051,71.913330078125,26096000,0.0,0.0
2020-10-07 00:00:00-04:00,72.32419745576502,72.80295400551113,71.03165761925928,72.3157730102539,36108000,0.0,0.0
2020-10-08 00:00:00-04:00,72.62847665384128,73.7475512259205,72.62847665384128,73.51957702636719,26076000,0.0,0.0
2020-10-09 00:00:00-04:00,73.98694007707145,74.92809569109109,73.69651605996611,74.85871124267578,32966000,0.0,0.0
2020-10-12 00:00:00-04:00,76.2241104850655,78.72294898922016,75.79292865342877,77.54192352294922,55344000,0.0,0.0
2020-10-13 00:00:00-04:00,78.15745109713406,78.56137061464591,77.24652985318345,77.6648178100586,39072000,0.0,0.0
2020-10-14 00:00:00-04:00,78.0380261496372,78.49645507443054,76.61563357234498,77.48492431640625,33174000,0.0,0.0
2020-10-15 00:00:00-04:00,76.54625609304018,77.8794358912877,76.37924184483666,77.08993530273438,31210000,0.0,0.0
2020-10-16 00:00:00-04:00,77.40513702977627,78.19215712949148,77.19847345120955,77.69606018066406,34194000,0.0,0.0
2020-10-19 00:00:00-04:00,78.1039468484506,78.5004327006998,75.47674503291947,75.82514953613281,29734000,0.0,0.0
2020-10-20 00:00:00-04:00,75.48616092358819,78.00036630119638,75.35680711991624,76.87236785888672,41670000,0.0,0.0
2020-10-21 00:00:00-04:00,77.8026174394533,80.04721784308745,77.66831030611162,78.60252380371094,60322000,0.0,0.0
2020-10-22 00:00:00-04:00,78.55345638173165,79.96196457771984,78.18076166313445,79.62693786621094,30512000,0.0,0.0
2020-10-23 00:00:00-04:00,80.0427610123963,80.9878794606781,79.8871356369497,80.93138122558594,30548000,0.0,0.0
2020-10-26 00:00:00-04:00,80.04026068394055,80.76284956365737,77.70001225842906,78.51825714111328,35826000,0.0,0.0
2020-10-27 00:00:00-04:00,78.74821578247979,79.39596773671335,78.15646293187241,79.24134063720703,25902000,0.0,0.0
2020-10-28 00:00:00-04:00,76.81933175028874,77.00765664920016,74.7610827015147,74.87606048583984,45174000,0.0,0.0
2020-10-29 00:00:00-04:00,75.18430374921135,78.73878306375768,75.1610117549966,77.1597900390625,55406000,0.0,0.0
2020-10-30 00:00:00-04:00,82.63922363317832,83.32712413026837,79.37466827076221,80.09527587890625,99878000,0.0,0.0
2020-11-02 00:00:00-05:00,80.46351570683841,82.18326693567796,80.00259878301561,80.5021743774414,44228000,0.0,0.0
2020-11-03 00:00:00-05:00,80.82133683336055,82.22092126461291,79.89703016999084,81.55978393554688,31432000,0.0,0.0
2020-11-04 00:00:00-05:00,84.52946915085025,87.72364973504222,84.4016051295483,86.52527618408203,71342000,0.0,0.0
2020-11-05 00:00:00-05:00,87.74445397974725,88.80356697686386,86.28638227990174,87.35044860839844,39758000,0.0,0.0
2020-11-06 00:00:00-05:00,86.79735014914868,87.64781063793222,86.0707909999368,87.21316528320312,28622000,0.0,0.0
2020-11-09 00:00:00-05:00,89.00973736210345,90.04604232881928,87.10512476391894,87.29692077636719,53440000,0.0,0.0
2020-11-10 00:00:00-05:00,85.72833198232598,87.19581874690427,85.05182793444769,86.1223373413086,43022000,0.0,0.0
2020-11-11 00:00:00-05:00,86.65163125520539,87.37025744779257,86.38697971158325,86.5936508178711,31838000,0.0,0.0
2020-11-12 00:00:00-05:00,86.33445155052767,87.473354716202,86.1347226524478,86.37509155273438,26474000,0.0,0.0
2020-11-13 00:00:00-05:00,86.63181619049185,88.07551178373636,86.03610062019943,87.83415222167969,29744000,0.0,0.0
2020-11-16 00:00:00-05:00,87.43172210004694,88.92845236010726,87.29245409409869,87.921875,25468000,0.0,0.0
2020-11-17 00:00:00-05:00,87.61608790911133,88.07601416521123,87.20127099757448,87.3088150024414,21314000,0.0,0.0
2020-11-18 00:00:00-05:00,87.06002332172838,87.47434868925225,86.16446102115808,86.26705169677734,20108000,0.0,0.0
2020-11-19 00:00:00-05:00,85.89980034337418,87.39950253324328,85.74071145834314,87.1556625366211,20106000,0.0,0.0
2020-11-20 00:00:00-05:00,87.32565489367907,87.64086066015253,85.9875220571306,86.05591583251953,27694000,0.0,0.0
2020-11-23 00:00:00-05:00,86.24622920446821,86.5321914126249,84.75743193573689,85.61878967285156,22530000,0.0,0.0
2020-11-24 00:00:00-05:00,85.61582709012495,87.54769432891005,85.28030128891842,87.41983032226562,27984000,0.0,0.0
2020-11-25 00:00:00-05:00,87.61360945809936,87.74097434206601,86.6496534535001,87.43122100830078,19600000,0.0,0.0
2020-11-27 00:00:00-05:00,87.45155234828248,89.06078767442922,87.45155234828248,88.565673828125,14790000,0.0,0.0
2020-11-30 00:00:00-05:00,88.00215878980163,88.2345947781287,86.62387750763935,86.9489974975586,32418000,0.0,0.0
2020-12-01 00:00:00-05:00,87.55661139988837,90.28541271304861,87.37670339819209,88.97899627685547,37350000,0.0,0.0
2020-12-02 00:00:00-05:00,88.97900069788912,90.8315767801654,88.47398023306226,90.44648742675781,29424000,0.0,0.0
2020-12-03 00:00:00-05:00,90.22693546266429,91.3811977041033,90.05148923543042,90.29136657714844,24728000,0.0,0.0
2020-12-04 00:00:00-05:00,90.211074164492,90.67099282129256,89.88248305416691,90.38652038574219,20544000,0.0,0.0
2020-12-07 00:00:00-05:00,89.97963146661887,90.66059731465431,89.35963318737376,90.05298614501953,22288000,0.0,0.0
2020-12-08 00:00:00-05:00,89.63122447433899,90.00044805346998,88.77680130408386,89.7704849243164,19936000,0.0,0.0
2020-12-09 00:00:00-05:00,89.72241179325566,90.61500208868797,87.32566494275066,88.1116943359375,31728000,0.0,0.0
2020-12-10 00:00:00-05:00,87.35539924282726,87.96945350590143,85.91467559079892,87.60568237304688,28688000,0.0,0.0
2020-12-11 00:00:00-05:00,87.22654341563204,88.08443768580932,86.86673495252047,87.96003723144531,18628000,0.0,0.0
2020-12-14 00:00:00-05:00,87.75784057609782,88.70345045595626,86.687822672267,86.84294891357422,33050000,0.0,0.0
2020-12-15 00:00:00-05:00,87.21959136940156,87.42477269145496,86.31809276182877,87.28005981445312,21352000,0.0,0.0
2020-12-16 00:00:00-05:00,87.67803488029331,87.67803488029331,86.6843513067573,87.08727264404297,24676000,0.0,0.0
2020-12-17 00:00:00-05:00,87.42133326352626,87.55911151570005,85.79673868754853,86.2606201171875,34880000,0.0,0.0
2020-12-18 00:00:00-05:00,86.54111351698864,86.64964817459027,84.99630960699481,85.55237579345703,85256000,0.0,0.0
2020-12-21 00:00:00-05:00,84.70539704892414,86.08665047301542,83.95554588894409,85.9657211303711,33974000,0.0,0.0
2020-12-22 00:00:00-05:00,85.70651435079037,85.86907434812254,84.53936593674798,85.25502014160156,20370000,0.0,0.0
2020-12-23 00:00:00-05:00,85.43889376166366,86.43902043412434,85.30358842239465,85.6520004272461,22974000,0.0,0.0
2020-12-24 00:00:00-05:00,85.69016438918781,86.35477287610888,85.45970970994662,85.9458999633789,9312000,0.0,0.0
2020-12-28 00:00:00-05:00,86.4786632023986,88.56466573176412,86.3255258833646,87.91839599609375,27650000,0.0,0.0
2020-12-29 00:00:00-05:00,88.57608406440532,88.63753562271515,86.98419679793523,87.11553192138672,19726000,0.0,0.0
2020-12-30 00:00:00-05:00,87.4743342114662,87.61112175631901,85.64059613989713,86.04946899414062,21026000,0.0,0.0
2020-12-31 00:00:00-05:00,86.10003157948303,87.10263870414872,86.04154446235164,86.86177825927734,21070000,0.0,0.0
2021-01-04 00:00:00-05:00,87.22654765590151,87.34994988769441,84.60677983237008,85.54793548583984,37324000,0.0,0.0
2021-01-05 00:00:00-05:00,85.4963891255804,86.5738332163736,85.09048820170439,86.2378158569336,20360000,0.0,0.0
2021-01-06 00:00:00-05:00,84.26579998759716,86.43209217105506,84.05962797006715,85.38685607910156,46588000,0.0,0.0
2021-01-07 00:00:00-05:00,85.57914501224703,88.10970726571644,85.57914501224703,87.93724060058594,41936000,0.0,0.0
2021-01-08 00:00:00-05:00,88.07701571767527,89.17726037008994,87.28701600900457,89.10143280029297,35484000,0.0,0.0
2021-01-11 00:00:00-05:00,88.07005241001238,88.43482172822067,86.83699069876916,87.04266357421875,34796000,0.0,0.0
2021-01-12 00:00:00-05:00,86.50097826490368,87.61807170115141,85.06471635577631,86.10796356201172,29528000,0.0,0.0
2021-01-13 00:00:00-05:00,85.6069030910112,87.04763429733303,85.6069030910112,86.59465026855469,23432000,0.0,0.0
2021-01-14 00:00:00-05:00,86.6749271380058,87.60072359261585,85.54494757680975,85.78531646728516,29212000,0.0,0.0
2021-01-15 00:00:00-05:00,85.69115721631205,86.61298351886033,84.8332704806772,85.62177276611328,31444000,0.0,0.0
2021-01-19 00:00:00-05:00,86.38401590342727,89.39927873716123,85.87998609845495,88.43929290771484,41660000,0.0,0.0
2021-01-20 00:00:00-05:00,90.51586333657515,94.15113159683025,90.17588335880014,93.1772689819336,64152000,0.0,0.0
2021-01-21 00:00:00-05:00,93.85031725362155,95.75492235156246,93.1445696134799,93.37948608398438,58634000,0.0,0.0
2021-01-22 00:00:00-05:00,93.74176301889445,94.38258034216909,93.00033636251251,93.79627990722656,32744000,0.0,0.0
2021-01-25 00:00:00-05:00,94.79642238688461,95.2464344214254,92.14096797256826,93.88153076171875,50586000,0.0,0.0
2021-01-26 00:00:00-05:00,93.47067208076419,94.94559256063314,92.98200896097454,94.55902099609375,31462000,0.0,0.0
2021-01-27 00:00:00-05:00,92.92154742901175,93.19710390065373,89.07416260309691,90.14764404296875,82512000,0.0,0.0
2021-01-28 00:00:00-05:00,90.74533664502225,93.56978632762217,90.74533664502225,91.8455810546875,55278000,0.0,0.0
2021-01-29 00:00:00-05:00,90.89501477242058,91.56507572986428,89.28628617453063,90.56494140625,44530000,0.0,0.0
2021-02-01 00:00:00-05:00,91.41887289099441,94.93519367796942,91.41887289099441,93.82157135009766,40252000,0.0,0.0
2021-02-02 00:00:00-05:00,94.81575036485842,96.61182068763402,94.48071611878922,95.11261749267578,66332000,0.0,0.0
2021-02-03 00:00:00-05:00,102.37274430388717,104.40522092105503,99.79261830171446,102.03919982910156,97882000,0.0,0.0
2021-02-04 00:00:00-05:00,102.1254300837505,102.55561366138531,100.86064423524446,101.77900695800781,48596000,0.0,0.0
2021-02-05 00:00:00-05:00,102.07290628559923,103.8759190376055,101.5991106521008,103.52354431152344,29866000,0.0,0.0
2021-02-08 00:00:00-05:00,104.07712038040832,104.82052838312552,102.26073015453102,103.30992126464844,28828000,0.0,0.0
2021-02-09 00:00:00-05:00,102.82819357536142,104.00327492261671,102.59030513019513,102.85743713378906,21892000,0.0,0.0
2021-02-10 00:00:00-05:00,103.24154195097537,104.02162739873185,101.71012306578069,103.40707397460938,25102000,0.0,0.0
2021-02-11 00:00:00-05:00,103.63106835249506,103.77974388846165,102.53379601057516,103.5195541381836,20480000,0.0,0.0
2021-02-12 00:00:00-05:00,103.07450872538962,104.05233401562371,102.76722828875226,103.83080291748047,18990000,0.0,0.0
2021-02-16 00:00:00-05:00,103.66826276783938,106.31430228054721,103.66826276783938,104.60743713378906,31004000,0.0,0.0
2021-02-17 00:00:00-05:00,103.77877270157512,105.18926972453114,103.49975268099251,104.99994659423828,20294000,0.0,0.0
2021-02-18 00:00:00-05:00,104.32491801464802,105.1669539793789,103.74654292601814,104.36505889892578,22546000,0.0,0.0
2021-02-19 00:00:00-05:00,104.46320894592502,104.99796454492676,103.25591195162085,103.52254486083984,37938000,0.0,0.0
2021-02-22 00:00:00-05:00,101.77752695631393,103.10228226972528,101.49998913762553,101.81023406982422,29466000,0.0,0.0
2021-02-23 00:00:00-05:00,99.81443122747064,102.71421734338914,98.63686930885748,102.10065460205078,34658000,0.0,0.0
2021-02-24 00:00:00-05:00,100.60985770163076,103.49824685547553,100.48546482416288,103.27472686767578,22608000,0.0,0.0
2021-02-25 00:00:00-05:00,101.89299077097074,103.23459480191558,99.44271782605095,99.91156005859375,41548000,0.0,0.0
2021-02-26 00:00:00-05:00,100.60540682700322,101.92222910849493,99.17112631812763,100.20693969726562,40042000,0.0,0.0
2021-03-01 00:00:00-05:00,101.49998201929594,102.89907502090055,100.82694907500807,102.5734634399414,26060000,0.0,0.0
2021-03-02 00:00:00-05:00,102.3345891299086,103.81645209859558,101.92968638757019,102.3167495727539,25564000,0.0,0.0
2021-03-03 00:00:00-05:00,101.69575393391699,102.88718520454555,98.82371397897086,99.68656921386719,33892000,0.0,0.0
2021-03-04 00:00:00-05:00,99.85803141312911,102.81778652007944,99.39017985813133,100.80265808105469,49216000,0.0,0.0
2021-03-05 00:00:00-05:00,102.15170316057323,104.38440020130358,100.49786526440951,103.93191528320312,53100000,0.0,0.0
2021-03-08 00:00:00-05:00,103.28713246318019,104.75808274317625,99.37828873496463,99.4927749633789,36868000,0.0,0.0
2021-03-09 00:00:00-05:00,101.58671660958481,102.28898556679057,100.88543075632072,101.121337890625,33920000,0.0,0.0
2021-03-10 00:00:00-05:00,102.16408434665642,102.16408434665642,100.07907232110979,100.91466522216797,27100000,0.0,0.0
2021-03-11 00:00:00-05:00,102.00649022859612,104.63567305247624,101.9187671112629,104.10388946533203,27702000,0.0,0.0
2021-03-12 00:00:00-05:00,102.9079951600995,102.96746538300351,100.72782616573727,101.5990982055664,33818000,0.0,0.0
2021-03-15 00:00:00-04:00,101.35031056133477,101.84640749828267,100.49836780849861,101.81915283203125,26168000,0.0,0.0
2021-03-16 00:00:00-04:00,102.39157914363233,104.75511989536767,102.05952443443275,103.27871704101562,31900000,0.0,0.0
2021-03-17 00:00:00-04:00,102.51447316939472,104.02755311828832,101.30767543125644,103.19593048095703,26382000,0.0,0.0
2021-03-18 00:00:00-04:00,101.50889575281752,102.52835937144968,100.07164322644284,100.17869567871094,31700000,0.0,0.0
2021-03-19 00:00:00-04:00,100.59450866025328,100.95679000162345,99.26628238475064,100.45722198486328,46072000,0.0,0.0
2021-03-22 00:00:00-04:00,100.49043471724453,101.51683304401001,99.81492131192749,100.64208984375,33536000,0.0,0.0
2021-03-23 00:00:00-04:00,101.10100929699755,102.29839198447732,100.50876484586558,101.16940307617188,28510000,0.0,0.0
2021-03-24 00:00:00-04:00,101.68632764385609,102.47136638997688,100.55832930680076,100.73328399658203,25218000,0.0,0.0
2021-03-25 00:00:00-04:00,100.56080187614467,101.38300944915922,98.92728405832933,100.72980499267578,35616000,0.0,0.0
2021-03-26 00:00:00-04:00,100.69658914030883,101.07324644387809,99.3118647934909,100.34669494628906,27978000,0.0,0.0
2021-03-29 00:00:00-04:00,100.21933831690066,101.55995176525356,99.39117913290644,101.39044952392578,26492000,0.0,0.0
2021-03-30 00:00:00-04:00,101.74679577665506,102.22703448790296,100.91269258418674,101.42415618896484,27312000,0.0,0.0
2021-03-31 00:00:00-04:00,101.81715946283474,103.3961603316529,101.4504087988673,102.21958923339844,42570000,0.0,0.0
2021-04-01 00:00:00-04:00,103.69303718393783,105.84891601894121,103.65239718036233,105.55303955078125,39880000,0.0,0.0
2021-04-05 00:00:00-04:00,106.41389018734338,110.46992680647003,106.31774263813442,109.97283172607422,48510000,0.0,0.0
2021-04-06 00:00:00-04:00,109.57438951543118,110.42088743200995,109.12190455669963,109.49211883544922,35240000,0.0,0.0
2021-04-07 00:00:00-04:00,109.6824083386153,111.23860868671407,109.6824083386153,110.96751403808594,24134000,0.0,0.0
2021-04-08 00:00:00-04:00,112.20505796533502,112.59113801496007,111.16478272927793,111.53252410888672,28664000,0.0,0.0
2021-04-09 00:00:00-04:00,111.28520427007233,112.69916467697286,110.87979494335562,112.53561401367188,26146000,0.0,0.0
2021-04-12 00:00:00-04:00,111.71539909018354,111.85267820844336,110.41195454530049,111.24457550048828,25024000,0.0,0.0
2021-04-13 00:00:00-04:00,111.56028094044785,112.17879703239622,111.16676710165994,111.73076629638672,25682000,0.0,0.0
2021-04-14 00:00:00-04:00,112.3750381583166,112.3750381583166,110.81834616308481,111.1102523803711,21002000,0.0,0.0
2021-04-15 00:00:00-04:00,112.10345542149517,113.79099102796425,111.5691914039024,113.25820922851562,29174000,0.0,0.0
2021-04-16 00:00:00-04:00,113.45595676086148,113.70375943501823,112.54800739975896,113.13430786132812,26282000,0.0,0.0
2021-04-19 00:00:00-04:00,112.51133603226087,114.19192938868903,112.51133603226087,113.48172760009766,30290000,0.0,0.0
2021-04-20 00:00:00-04:00,113.86482638561692,113.9396632750493,111.8640739438885,112.9489517211914,22288000,0.0,0.0
2021-04-21 00:00:00-04:00,112.6040259433195,112.99803132928973,111.25448886815174,112.916259765625,23204000,0.0,0.0
2021-04-22 00:00:00-04:00,112.77003537095592,113.43811493653551,111.03145402181963,111.63609313964844,24146000,0.0,0.0
2021-04-23 00:00:00-04:00,112.35372039532947,114.29252960626654,112.06874885928785,113.98574829101562,29066000,0.0,0.0
2021-04-26 00:00:00-04:00,114.21324633268112,115.20495618404446,113.85640986234887,114.48136901855469,32038000,0.0,0.0
2021-04-27 00:00:00-04:00,114.86298311307249,114.90362311481388,113.3033115017685,113.54219818115234,44386000,0.0,0.0
2021-04-28 00:00:00-04:00,118.57358292629367,120.50049681684617,116.6268481486784,116.91529083251953,81106000,0.0,0.0
2021-04-29 00:00:00-04:00,118.41152443414508,119.1514613795989,117.64927859207835,118.58647155761719,41234000,0.0,0.0
2021-04-30 00:00:00-04:00,117.36033342946197,118.04575341768243,116.29676633533462,116.64071655273438,44856000,0.0,0.0
2021-05-03 00:00:00-04:00,117.20619621264288,118.03088418978086,115.74862381230585,116.1242904663086,28242000,0.0,0.0
2021-05-04 00:00:00-04:00,114.6607889179049,115.22776012242109,111.84228267116542,114.32774353027344,44818000,0.0,0.0
2021-05-05 00:00:00-04:00,115.40814695486216,115.72384428239883,114.39958829572701,114.72123718261719,26636000,0.0,0.0
2021-05-06 00:00:00-04:00,114.30295402461856,115.84032440185547,113.6442970726025,115.84032440185547,25190000,0.0,0.0
2021-05-07 00:00:00-04:00,117.15566315675112,117.52042496312349,116.27694974187273,116.56291198730469,28898000,0.0,0.0
2021-05-10 00:00:00-04:00,115.38385676397111,115.52560521194692,113.22301722709163,113.58035278320312,30914000,0.0,0.0
2021-05-11 00:00:00-04:00,111.16775253542369,113.01189659277263,110.71426940565203,112.50538635253906,34186000,0.0,0.0
2021-05-12 00:00:00-04:00,110.33117538369368,111.41109992687674,108.71698679054806,109.04557037353516,46376000,0.0,0.0
2021-05-13 00:00:00-04:00,110.32769928437514,110.98784598165807,109.36622368361735,110.47241973876953,33204000,0.0,0.0
2021-05-14 00:00:00-04:00,111.93444685237745,113.23193971595805,111.51119796945952,112.917724609375,31996000,0.0,0.0
2021-05-17 00:00:00-04:00,112.18374021644,113.48272295866457,111.78428241583579,113.44010162353516,21598000,0.0,0.0
2021-05-18 00:00:00-04:00,114.10569642967033,114.36985643689593,112.11534216607272,112.12921905517578,22204000,0.0,0.0
2021-05-19 00:00:00-04:00,110.44218365077748,112.74971749134802,110.29399964826719,112.57675170898438,23684000,0.0,0.0
2021-05-20 00:00:00-04:00,113.54318806546854,114.5839547571587,113.1724747212844,114.33367919921875,32352000,0.0,0.0
2021-05-21 00:00:00-04:00,114.85207388727218,114.92542855828297,113.45892500037012,113.69830322265625,40632000,0.0,0.0
2021-05-24 00:00:00-04:00,114.72719042691061,117.23792438170847,114.58197841685045,117.01441192626953,31832000,0.0,0.0
2021-05-25 00:00:00-04:00,117.55759509928788,118.15232004522714,116.71506746234576,117.10511016845703,22440000,0.0,0.0
2021-05-26 00:00:00-04:00,117.28599799895012,118.39962785894154,117.28302600020656,117.96944427490234,21572000,0.0,0.0
2021-05-27 00:00:00-04:00,118.40258819681955,118.40258819681955,116.7775024688225,117.0956802368164,35224000,0.0,0.0
2021-05-28 00:00:00-04:00,117.67752023857234,117.75929178976516,116.60850070207313,116.8067398071289,21482000,0.0,0.0
2021-06-01 00:00:00-04:00,117.67849913604361,118.23704573694528,116.67935569438139,118.01253509521484,23354000,0.0,0.0
2021-06-02 00:00:00-04:00,118.40756176310758,118.63009113043775,116.58422905839494,117.48772430419922,21158000,0.0,0.0
2021-06-03 00:00:00-04:00,116.25564239868717,116.81517979607065,115.45226497101265,116.34732818603516,18696000,0.0,0.0
2021-06-04 00:00:00-04:00,117.4222924042142,118.89721293095893,117.08230482741318,118.6266098022461,24458000,0.0,0.0
2021-06-07 00:00:00-04:00,118.42192651561601,119.16880566389568,118.00363849834592,119.05927276611328,24120000,0.0,0.0
2021-06-08 00:00:00-04:00,119.54050705313709,119.9127026145582,118.68657547258344,118.86796569824219,24240000,0.0,0.0
2021-06-09 00:00:00-04:00,119.51175666671405,119.5836139934262,118.791640682833,119.33879089355469,17942000,0.0,0.0
2021-06-10 00:00:00-04:00,119.2882456679508,120.7294684105752,119.1326278842615,120.68634796142578,25904000,0.0,0.0
2021-06-11 00:00:00-04:00,120.92770773649222,121.01295040637044,119.88495212398634,120.4420166015625,21958000,0.0,0.0
2021-06-14 00:00:00-04:00,120.54412122364742,121.36980002367956,119.83739044524599,121.36930847167969,22098000,0.0,0.0
2021-06-15 00:00:00-04:00,121.37375524077353,121.69639482901378,119.99201021626274,120.3523178100586,21562000,0.0,0.0
2021-06-16 00:00:00-04:00,120.5034633601868,120.8147064780467,118.41994111291582,119.71099090576172,26472000,0.0,0.0
2021-06-17 00:00:00-04:00,119.6366578615454,121.44561439859767,119.44089162710867,120.6734619140625,25842000,0.0,0.0
2021-06-18 00:00:00-04:00,120.30026282219889,120.5341886020674,118.96014859064296,119.05530548095703,46116000,0.0,0.0
2021-06-21 00:00:00-04:00,119.44138689425938,120.92770381044767,118.84467309980958,120.74185180664062,27414000,0.0,0.0
2021-06-22 00:00:00-04:00,120.67991442988735,121.32420295984515,119.99994678817278,121.25531005859375,22390000,0.0,0.0
2021-06-23 00:00:00-04:00,121.02036738842968,122.01355930220257,120.76364874819298,121.05357360839844,19148000,0.0,0.0
2021-06-24 00:00:00-04:00,121.62154079706181,121.97391544865464,121.22506259649289,121.42330169677734,21362000,0.0,0.0
2021-06-25 00:00:00-04:00,120.92770239628572,121.55514196023191,120.49652817244363,121.43173217773438,34594000,0.0,0.0
2021-06-28 00:00:00-04:00,121.6002414137362,121.70581164707463,120.33843513053769,121.45899963378906,28526000,0.0,0.0
2021-06-29 00:00:00-04:00,121.59232707368952,121.93974845822787,120.6214362690933,121.19782257080078,23108000,0.0,0.0
2021-06-30 00:00:00-04:00,120.92225223112071,121.18244957571629,120.28787799190353,121.01641845703125,24474000,0.0,0.0
2021-07-01 00:00:00-04:00,120.65512761950698,121.5095508061829,120.4633316053769,121.3683090209961,18110000,0.0,0.0
2021-07-02 00:00:00-04:00,122.06759575847595,124.3017824350133,121.97789131366527,124.15657043457031,25982000,0.0,0.0
2021-07-06 00:00:00-04:00,124.5441347516448,125.31678632682912,123.48750228216251,125.08087921142578,26404000,0.0,0.0
2021-07-07 00:00:00-04:00,126.0443374513042,126.16525922771358,125.04420319403772,125.36238098144531,24060000,0.0,0.0
2021-07-08 00:00:00-04:00,122.93588849377493,124.49158973993974,122.93192582927472,123.94493865966797,23790000,0.0,0.0
2021-07-09 00:00:00-04:00,123.92612095804607,124.62938054281378,123.45677959980704,124.415283203125,18632000,0.0,0.0
2021-07-12 00:00:00-04:00,125.06899063825736,125.95265737591463,124.50697281548125,125.85948181152344,17668000,0.0,0.0
2021-07-13 00:00:00-04:00,125.92192128117352,126.93196222420258,125.56112215124197,126.22225952148438,19240000,0.0,0.0
2021-07-14 00:00:00-04:00,126.83334666215922,128.18982590812473,126.79022621114098,127.10989379882812,23742000,0.0,0.0
2021-07-15 00:00:00-04:00,127.51826516357463,127.56881182649684,125.41788646020213,125.88871002197266,24218000,0.0,0.0
2021-07-16 00:00:00-04:00,126.54093661242045,126.68812995291671,125.04470541650979,125.8540267944336,20424000,0.0,0.0
2021-07-19 00:00:00-04:00,124.98126767561185,125.09575390814824,122.41948035880777,123.4830551147461,27968000,0.0,0.0
2021-07-20 00:00:00-04:00,124.42419961251387,125.92638235763302,123.25755022531956,125.10021209716797,26312000,0.0,0.0
2021-07-21 00:00:00-04:00,125.02487717060785,126.474524368803,124.91584338583961,126.42794036865234,20746000,0.0,0.0
2021-07-22 00:00:00-04:00,126.72034672526937,127.35373032326339,126.37837781235324,127.29276275634766,14302000,0.0,0.0
2021-07-23 00:00:00-04:00,129.28411407867398,132.2265290912767,128.65966157114187,131.8459014892578,41506000,0.0,0.0
2021-07-26 00:00:00-04:00,132.1566611755268,133.0571693287337,131.1386796548472,132.85694885253906,30572000,0.0,0.0
2021-07-27 00:00:00-04:00,133.07054257003838,133.2177359147412,128.9604875498707,130.74069213867188,54710000,0.0,0.0
2021-07-28 00:00:00-04:00,135.11389810308486,137.08145178263484,134.0884905988958,134.89781188964844,95130000,0.0,0.0
2021-07-29 00:00:00-04:00,134.95333000907334,135.45984024693942,134.35167044138507,134.5841064453125,31716000,0.0,0.0
2021-07-30 00:00:00-04:00,133.84813380324206,134.11526579950234,133.07499070592388,133.54234313964844,25576000,0.0,0.0
2021-08-02 00:00:00-04:00,133.92944031056783,134.14700879243682,132.6180702965275,133.66925048828125,21634000,0.0,0.0
2021-08-03 00:00:00-04:00,133.9472372032684,134.5389900445895,132.1477035787218,134.43789672851562,20762000,0.0,0.0
2021-08-04 00:00:00-04:00,134.1598811909161,134.45724743917305,133.30495889893086,133.93785095214844,19676000,0.0,0.0
2021-08-05 00:00:00-04:00,134.48795935776522,135.15158472085915,133.66079088435984,135.05393981933594,17870000,0.0,0.0
2021-08-06 00:00:00-04:00,134.8463161522818,135.27302867961484,134.02162798493478,134.54547119140625,20488000,0.0,0.0
2021-08-09 00:00:00-04:00,134.74768081448843,135.97826988606866,134.14996871537977,135.7096405029297,17760000,0.0,0.0
2021-08-10 00:00:00-04:00,136.13483939066336,136.56156692108615,135.16593769907715,135.60455322265625,19414000,0.0,0.0
2021-08-11 00:00:00-04:00,135.97578664479468,136.47237514518056,135.07378119338873,135.0812225341797,15352000,0.0,0.0
2021-08-12 00:00:00-04:00,134.7803782734539,136.09324556598622,134.23522443439262,135.98817443847656,16506000,0.0,0.0
2021-08-13 00:00:00-04:00,136.04367130953105,136.6448469030297,135.82858330220628,136.5169677734375,15948000,0.0,0.0
2021-08-16 00:00:00-04:00,136.31623668767153,137.14638467025773,134.10980386854092,137.09384155273438,22384000,0.0,0.0
2021-08-17 00:00:00-04:00,136.53927624045247,137.0502482689052,134.8859374907993,135.46034240722656,21716000,0.0,0.0
2021-08-18 00:00:00-04:00,135.30025647796398,135.89945070892185,134.13211736511343,134.2584991455078,19258000,0.0,0.0
2021-08-19 00:00:00-04:00,133.25390393778633,135.1540470600647,133.07003326839052,134.48745727539062,21782000,0.0,0.0
2021-08-20 00:00:00-04:00,134.80466325730745,136.34500562415587,134.06125518787377,136.2216033935547,31194000,0.0,0.0
2021-08-23 00:00:00-04:00,136.75685870008374,139.63632491734674,136.39804086783937,138.81065368652344,28454000,0.0,0.0
2021-08-24 00:00:00-04:00,139.3756318907388,140.83123074253442,139.10503630618481,140.01992797851562,19268000,0.0,0.0
2021-08-25 00:00:00-04:00,140.38021101321203,140.9397483469501,140.13340657445173,140.83021545410156,15848000,0.0,0.0
2021-08-26 00:00:00-04:00,140.50411569948363,141.1657446019955,140.1145645733413,140.1973419189453,20610000,0.0,0.0
2021-08-27 00:00:00-04:00,140.40746320935864,143.2423262781944,140.25332765406952,142.73829650878906,28780000,0.0,0.0
2021-08-30 00:00:00-04:00,143.13084003592397,144.68754743750398,142.89592354953737,143.31967163085938,24434000,0.0,0.0
2021-08-31 00:00:00-04:00,143.8712627569478,143.89553786032653,143.01287695186656,143.4257049560547,22448000,0.0,0.0
2021-09-01 00:00:00-04:00,143.72555741436526,144.96853350536102,143.61008051608152,143.9391632080078,21936000,0.0,0.0
2021-09-02 00:00:00-04:00,143.9396648071746,144.2404946102544,141.9265099500036,142.02761840820312,32342000,0.0,0.0
2021-09-03 00:00:00-04:00,141.82291558838094,142.8879648593255,141.14888450599227,142.4761199951172,19850000,0.0,0.0
2021-09-07 00:00:00-04:00,142.5702805498148,143.2943591486346,142.35667479196854,143.01235961914062,20124000,0.0,0.0
2021-09-08 00:00:00-04:00,142.8334717334425,143.13082285164162,141.74313388446112,142.4280548095703,18344000,0.0,0.0
2021-09-09 00:00:00-04:00,142.57627086609605,143.04214119752032,141.919103607464,142.27940368652344,15314000,0.0,0.0
2021-09-10 00:00:00-04:00,142.9449634747417,143.4465279342337,139.5010145668301,139.63780212402344,36840000,0.0,0.0
2021-09-13 00:00:00-04:00,140.7018679540071,141.6935778474216,140.00852254788668,141.08151245117188,22094000,0.0,0.0
2021-09-14 00:00:00-04:00,141.73868129488542,142.1029591253105,140.5041295860025,141.29164123535156,19674000,0.0,0.0
2021-09-15 00:00:00-04:00,141.51663270038054,143.18087624925593,140.10515271027106,143.16006469726562,27408000,0.0,0.0
2021-09-16 00:00:00-04:00,142.68528546421356,143.03171616692714,141.14990398479992,142.3477783203125,26190000,0.0,0.0
2021-09-17 00:00:00-04:00,141.7733642211635,142.18917178562248,139.23536813670114,139.56246948242188,53384000,0.0,0.0
2021-09-20 00:00:00-04:00,136.9471499261735,137.77828102826925,135.1238250653687,137.500244140625,46518000,0.0,0.0
2021-09-21 00:00:00-04:00,138.5211835537175,138.78088932420297,137.06262052986705,137.8109893798828,25332000,0.0,0.0
2021-09-22 00:00:00-04:00,138.07963855657158,139.64871796788344,137.33374996410507,139.05052185058594,25056000,0.0,0.0
2021-09-23 00:00:00-04:00,139.74833097489636,140.45109904539308,139.16748291766282,139.97482299804688,20952000,0.0,0.0
2021-09-24 00:00:00-04:00,139.30326368063228,141.07952064576384,139.00837789075337,140.96502685546875,22984000,0.0,0.0
2021-09-27 00:00:00-04:00,139.5669415885207,140.69097726660868,138.83641973309338,139.83209228515625,21882000,0.0,0.0
2021-09-28 00:00:00-04:00,137.4363058631819,137.87392316936433,134.17026871953288,134.63613891601562,45772000,0.0,0.0
2021-09-29 00:00:00-04:00,135.7760328990303,135.94553512593572,132.68842135183831,133.17262268066406,30848000,0.0,0.0
2021-09-30 00:00:00-04:00,133.081447432977,134.3511790892162,132.3821429237052,132.50108337402344,37996000,0.0,0.0
2021-10-01 00:00:00-04:00,133.2658085579831,135.7071733415619,132.89460362239197,135.3428955078125,35360000,0.0,0.0
2021-10-04 00:00:00-04:00,134.7654811569935,134.7654811569935,129.89814958771572,132.48471069335938,51202000,0.0,0.0
2021-10-05 00:00:00-04:00,132.86287924921712,136.01840082000018,132.86287924921712,134.82745361328125,32404000,0.0,0.0
2021-10-06 00:00:00-04:00,133.5656355859823,136.53926754708024,133.3673964801773,136.35589599609375,24364000,0.0,0.0
2021-10-07 00:00:00-04:00,137.67124657959297,138.81114805651399,137.43236744248404,138.00132751464844,25110000,0.0,0.0
2021-10-08 00:00:00-04:00,138.35022132641475,139.0975920679396,137.9938839590629,138.55690002441406,26526000,0.0,0.0
2021-10-11 00:00:00-04:00,138.06775309903637,139.47527073185262,137.638544994846,137.6930694580078,17954000,0.0,0.0
2021-10-12 00:00:00-04:00,138.25406031342655,138.28083098740217,134.5667554031385,135.2497100830078,36332000,0.0,0.0
2021-10-13 00:00:00-04:00,136.19483027400855,136.7870823219551,135.31909643090742,136.3727569580078,19654000,0.0,0.0
2021-10-14 00:00:00-04:00,138.24812282051505,140.09523891303556,137.6048250070832,139.91038513183594,31894000,0.0,0.0
2021-10-15 00:00:00-04:00,140.3698121513104,140.47240282360914,139.51786944318084,140.12547302246094,30274000,0.0,0.0
2021-10-18 00:00:00-04:00,139.8365491009501,141.54093366501112,139.82960687486855,141.52308654785156,20396000,0.0,0.0
2021-10-19 00:00:00-04:00,142.12723254261542,142.39982458163402,141.3466631289933,141.97805786132812,20164000,0.0,0.0
2021-10-20 00:00:00-04:00,142.07817450186778,142.28435409702513,140.13391241428846,140.52296447753906,23288000,0.0,0.0
2021-10-21 00:00:00-04:00,140.52294001353957,140.9065471263321,139.26509648022758,140.638916015625,26292000,0.0,0.0
2021-10-22 00:00:00-04:00,137.92695427249757,139.34735778624022,134.86015436540723,136.3573760986328,50588000,0.0,0.0
2021-10-25 00:00:00-04:00,136.34104419991752,136.787086020702,134.23372308873442,136.23895263671875,34412000,0.0,0.0
2021-10-26 00:00:00-04:00,138.03947326185792,138.85175904468622,137.08890257767035,138.08407592773438,49236000,0.0,0.0
2021-10-27 00:00:00-04:00,138.17971995180935,147.34345760422508,138.17971995180935,144.93234252929688,85782000,0.0,0.0
2021-10-28 00:00:00-04:00,145.84128603540435,145.8645780331488,143.35581813063857,144.56707763671875,36206000,0.0,0.0
2021-10-29 00:00:00-04:00,143.80286589775253,146.93905794038585,143.37813478343114,146.74478149414062,43320000,0.0,0.0
2021-11-01 00:00:00-04:00,146.74476091370184,146.74476091370184,141.96661973341435,142.23573303222656,46924000,0.0,0.0
2021-11-02 00:00:00-04:00,143.30876665267616,145.32042434345115,143.06690793959632,144.15426635742188,33482000,0.0,0.0
2021-11-03 00:00:00-04:00,144.61814533980774,145.37989965427468,143.32016075699752,145.3095245361328,27494000,0.0,0.0
2021-11-04 00:00:00-04:00,145.83139615139723,148.41747395240975,145.02207467610023,146.96435546875,38412000,0.0,0.0
2021-11-05 00:00:00-04:00,147.85840028668068,149.00622700469464,146.89445936853247,147.543701171875,38354000,0.0,0.0
2021-11-08 00:00:00-05:00,148.50812750855306,149.29119236496442,147.12588357863783,147.7211151123047,23052000,0.0,0.0
2021-11-09 00:00:00-05:00,147.92135382889896,148.5175685400609,145.9508203469495,147.609619140625,19530000,0.0,0.0
2021-11-10 00:00:00-05:00,146.20357706440018,146.76857441866247,143.2671214393326,144.61119079589844,29970000,0.0,0.0
2021-11-11 00:00:00-05:00,145.20198891260358,146.2388007014772,144.32079493376511,144.48533630371094,16518000,0.0,0.0
2021-11-12 00:00:00-05:00,145.32682873862055,147.5417010021572,144.13291728800866,147.37120056152344,22360000,0.0,0.0
2021-11-15 00:00:00-05:00,147.59177639922783,148.2350742445268,146.2779260424359,147.147216796875,23508000,0.0,0.0
2021-11-16 00:00:00-05:00,146.84738864467752,147.45499226873417,146.0177396467435,146.5762939453125,18904000,0.0,0.0
2021-11-17 00:00:00-05:00,146.72642872326313,147.2537504824228,145.9458594225756,146.74575805664062,19594000,0.0,0.0
2021-11-18 00:00:00-05:00,146.9385815884133,149.25702820435575,146.58472464481926,148.52154541015625,35608000,0.0,0.0
2021-11-19 00:00:00-05:00,148.65732984777023,149.63963221382073,147.59029904384553,147.6175537109375,33682000,0.0,0.0
2021-11-22 00:00:00-05:00,148.0199796793374,148.51260548030166,144.86297594328792,145.01611328125,30594000,0.0,0.0
2021-11-23 00:00:00-05:00,144.86839742509054,145.37094493190813,142.84831586173624,144.5006561279297,27218000,0.0,0.0
2021-11-24 00:00:00-05:00,144.19487604589696,144.96405646776765,143.10405430635475,144.835693359375,18040000,0.0,0.0
2021-11-26 00:00:00-05:00,143.07979835205043,143.28696106170008,140.5958271690256,140.93333435058594,30470000,0.0,0.0
2021-11-29 00:00:00-05:00,142.73433830106399,145.0116454494308,142.6287680714975,144.2513885498047,32596000,0.0,0.0
2021-11-30 00:00:00-05:00,143.7339630400776,144.7167492078786,140.35691078730716,140.6503143310547,42068000,0.0,0.0
2021-12-01 00:00:00-05:00,142.7343230183717,144.6676797318566,139.67346729903392,139.81173706054688,34020000,0.0,0.0
2021-12-02 00:00:00-05:00,140.00849092046252,142.60001285296258,138.98208525171864,141.70941162109375,29194000,0.0,0.0
2021-12-03 00:00:00-05:00,142.41813001017016,143.13080462386353,139.06783334148506,140.75338745117188,41230000,0.0,0.0
2021-12-06 00:00:00-05:00,141.78326347810582,142.5881230149532,138.9181661975633,141.89675903320312,30618000,0.0,0.0
2021-12-07 00:00:00-05:00,144.31679812363797,146.23430432331102,143.9510381265825,145.97509765625,32240000,0.0,0.0
2021-12-08 00:00:00-05:00,146.29922253666786,147.0887305485921,145.11919542765767,146.884033203125,24270000,0.0,0.0
2021-12-09 00:00:00-05:00,146.29378297525568,147.78952259539568,145.82196873525865,146.3408660888672,23270000,0.0,0.0
2021-12-10 00:00:00-05:00,147.39303059375538,147.66808793780228,145.41457182465953,146.70066833496094,24458000,0.0,0.0
2021-12-13 00:00:00-05:00,146.48258801928816,146.66943824103194,144.23849477412142,144.54478454589844,27070000,0.0,0.0
2021-12-14 00:00:00-05:00,142.7026193273764,143.21011265403155,139.9738104375734,142.64215087890625,38446000,0.0,0.0
2021-12-15 00:00:00-05:00,142.148536251989,145.43142268224105,140.43274769467823,145.1538848876953,36370000,0.0,0.0
2021-12-16 00:00:00-05:00,145.87696937173112,146.37901781040114,142.3447831853687,143.17543029785156,33650000,0.0,0.0
2021-12-17 00:00:00-05:00,141.2475218263389,142.5702956240414,140.05807203589413,140.47933959960938,50416000,0.0,0.0
2021-12-20 00:00:00-05:00,138.7694954805613,140.52840440165772,138.0964625804988,140.36236572265625,27192000,0.0,0.0
2021-12-21 00:00:00-05:00,140.80495248159482,142.60450151263055,139.26758970259098,142.21148681640625,28756000,0.0,0.0
2021-12-22 00:00:00-05:00,141.81004635956177,145.2123723601168,141.81004635956177,145.12811279296875,26322000,0.0,0.0
2021-12-23 00:00:00-05:00,145.21235527070144,146.94053073802044,145.16477304721343,145.6251983642578,26384000,0.0,0.0
2021-12-27 00:00:00-05:00,145.96172629853862,147.0401610488901,145.87598451208166,146.60650634765625,15976000,0.0,0.0
2021-12-28 00:00:00-05:00,146.9331325570303,146.99558235311736,144.77081782043902,145.3977508544922,18200000,0.0,0.0
2021-12-29 00:00:00-05:00,145.35560679623677,146.12132376201117,144.3673755989165,145.3660125732422,17788000,0.0,0.0
2021-12-30 00:00:00-05:00,145.40465905246458,146.0053355046696,144.71131371891346,144.91549682617188,15688000,0.0,0.0
2021-12-31 00:00:00-05:00,144.76632590571236,145.40912459334086,143.578857421875,143.578857421875,18136000,0.0,0.0
2022-01-03 00:00:00-05:00,143.78006634339744,144.56907529374837,142.44986625187568,143.71713256835938,28646000,0.0,0.0
2022-01-04 00:00:00-05:00,144.11807263912576,145.19750561007717,142.45334497286012,143.13034057617188,28400000,0.0,0.0
2022-01-05 00:00:00-05:00,143.1506401362504,143.22943968889484,136.4778153700128,136.5640411376953,54618000,0.0,0.0
2022-01-06 00:00:00-05:00,135.79439434447366,138.71003866950787,135.3582591822802,136.53680419921875,37348000,0.0,0.0
2022-01-07 00:00:00-05:00,136.93127381706194,137.23161957664905,134.57318602487607,135.8126983642578,29760000,0.0,0.0
2022-01-10 00:00:00-05:00,133.89077354018556,137.59938954533916,131.9940937569273,137.45069885253906,44408000,0.0,0.0
2022-01-11 00:00:00-05:00,136.7940204323314,138.9836045313537,135.49107504085617,138.5078125,28730000,0.0,0.0
2022-01-12 00:00:00-05:00,139.90935634364345,141.35454899976557,139.45786976065304,140.18739318847656,26108000,0.0,0.0
2022-01-13 00:00:00-05:00,140.2959756507741,141.59447455601426,137.1924977773982,137.3689422607422,31436000,0.0,0.0
2022-01-14 00:00:00-05:00,135.87419541325812,139.50501054298064,135.7944127356277,138.2545928955078,29662000,0.0,0.0
2022-01-18 00:00:00-05:00,134.9781195690153,135.92620981691346,134.24809688423744,134.80267333984375,34872000,0.0,0.0
2022-01-19 00:00:00-05:00,135.32354033179294,136.74692336638395,133.82879908705206,133.9289093017578,28648000,0.0,0.0
2022-01-20 00:00:00-05:00,135.05247646638676,136.41638959519287,131.79584612438092,132.13583374023438,29908000,0.0,0.0
2022-01-21 00:00:00-05:00,131.42810942176132,133.6801282847316,128.943140301046,129.205810546875,55652000,0.0,0.0
2022-01-24 00:00:00-05:00,124.87076987403994,130.04985313603865,123.40576323633218,129.65435791015625,76622000,0.0,0.0
2022-01-25 00:00:00-05:00,127.60847923176541,128.26168373746512,125.38866078931534,125.8193359375,46960000,0.0,0.0
2022-01-26 00:00:00-05:00,129.96657793490613,131.83104226573408,126.02452744701331,128.09715270996094,49130000,0.0,0.0
2022-01-27 00:00:00-05:00,130.14993666840274,131.48657988277384,127.79927469686845,127.87114715576172,31950000,0.0,0.0
2022-01-28 00:00:00-05:00,128.51937364185733,132.18438456774498,127.35569637367115,132.17892456054688,34362000,0.0,0.0
2022-01-31 00:00:00-05:00,132.9828112703711,134.28229308420728,131.04747300112987,134.11427307128906,39986000,0.0,0.0
2022-02-01 00:00:00-05:00,136.38513965543686,136.58189655421876,133.1874959638718,136.4342041015625,68644000,0.0,0.0
2022-02-02 00:00:00-05:00,149.92062310914736,150.21451067811546,144.24347030048295,146.69918823242188,123200000,0.0,0.0
2022-02-03 00:00:00-05:00,144.42487252128518,148.35948154682154,141.41158317819725,141.8323516845703,71518000,0.0,0.0
2022-02-04 00:00:00-05:00,142.1837422499907,143.6016655574309,139.27998583713477,142.0335693359375,57998000,0.0,0.0
2022-02-07 00:00:00-05:00,142.9821426046324,142.9821426046324,137.67915934204296,137.97752380371094,54974000,0.0,0.0
2022-02-08 00:00:00-05:00,137.80457400105325,138.7695132466174,135.80976527306845,138.17379760742188,54284000,0.0,0.0
2022-02-09 00:00:00-05:00,139.72453341095786,141.27181794404441,138.95485380934457,140.34750366210938,40144000,0.0,0.0
2022-02-10 00:00:00-05:00,138.475614665895,140.24095165966446,136.744459438641,137.40162658691406,39330000,0.0,0.0
2022-02-11 00:00:00-05:00,137.38180608982287,137.9334029746626,132.22749846188867,133.1022491455078,39958000,0.0,0.0
2022-02-14 00:00:00-05:00,132.08527017678978,135.10202275464846,132.08527017678978,134.33482360839844,34302000,0.0,0.0
2022-02-15 00:00:00-05:00,136.36138758955056,136.89466866271087,134.6277665802259,135.40785217285156,26680000,0.0,0.0
2022-02-16 00:00:00-05:00,135.44549125984014,136.87233817056384,133.73812696337785,136.52740478515625,25022000,0.0,0.0
2022-02-17 00:00:00-05:00,135.0454925571955,135.90833999303229,131.31408462900592,131.37405395507812,38950000,0.0,0.0
2022-02-18 00:00:00-05:00,132.293931857016,132.89164396954067,129.05218420049687,129.25686645507812,45620000,0.0,0.0
2022-02-22 00:00:00-05:00,128.6968214918031,131.01873151195204,127.09650976671601,128.67254638671875,44990000,0.0,0.0
2022-02-23 00:00:00-05:00,130.49140310139634,130.89036178652327,126.40662154377361,126.46659088134766,32786000,0.0,0.0
2022-02-24 00:00:00-05:00,123.85524617381691,131.8310242930199,123.85524617381691,131.5247344970703,54456000,0.0,0.0
2022-02-25 00:00:00-05:00,132.3781698059547,134.0825542601225,130.59348845442182,133.27769470214844,36406000,0.0,0.0
2022-02-28 00:00:00-05:00,131.88058572904305,134.5583337933557,131.427102602085,133.8699493408203,38864000,0.0,0.0
2022-03-01 00:00:00-05:00,133.69299913792386,135.0578951055112,132.04760096390638,132.8831787109375,26496000,0.0,0.0
2022-03-02 00:00:00-05:00,133.44470905944584,134.07362324299785,131.90188646501582,133.38870239257812,23520000,0.0,0.0
2022-03-03 00:00:00-05:00,134.8145494526599,135.2402787650286,131.8562842947509,132.7226104736328,24604000,0.0,0.0
2022-03-04 00:00:00-05:00,131.75918412489344,132.67505894637247,129.19193655948962,130.7471466064453,30430000,0.0,0.0
2022-03-07 00:00:00-05:00,130.3323188037654,130.57714191731998,125.18495329978524,125.2677230834961,45112000,0.0,0.0
2022-03-08 00:00:00-05:00,125.14036103345764,130.0964149357728,124.56991874531153,125.98735046386719,40428000,0.0,0.0
2022-03-09 00:00:00-05:00,130.09638929835302,132.5600473216055,128.75874807277455,132.247314453125,37026000,0.0,0.0
2022-03-10 00:00:00-05:00,130.1122619277312,132.10062719921083,129.76186860445603,131.26553344726562,27102000,0.0,0.0
2022-03-11 00:00:00-05:00,132.31521548383986,132.6195239239846,128.49212139674947,128.72901916503906,31526000,0.0,0.0
2022-03-14 00:00:00-04:00,129.10520526240518,129.26280438992276,124.17393309978287,124.84398651123047,38812000,0.0,0.0
2022-03-15 00:00:00-04:00,125.85995365691173,128.713162774351,124.61548797628525,128.0624237060547,30920000,0.0,0.0
2022-03-16 00:00:00-04:00,129.58395977320907,132.16109871004574,127.60302044405091,132.10906982421875,35576000,0.0,0.0
2022-03-17 00:00:00-04:00,131.97872086094247,132.90203693206857,131.02318923079633,132.66265869140625,28264000,0.0,0.0
2022-03-18 00:00:00-04:00,132.25179767226226,135.0465201210338,131.09604557963877,134.92906188964844,44566000,0.0,0.0
2022-03-21 00:00:00-04:00,134.96674026176896,135.84545378656605,132.91394338144454,134.90528869628906,26832000,0.0,0.0
2022-03-22 00:00:00-04:00,134.90526665885673,139.81027445788428,134.90526665885673,138.63865661621094,35496000,0.0,0.0
2022-03-23 00:00:00-04:00,137.48339904374487,138.3616132811459,136.6235310367747,137.06015014648438,25154000,0.0,0.0
2022-03-24 00:00:00-04:00,137.97652160094876,140.37426649245424,136.53976827528788,140.3276824951172,26396000,0.0,0.0
2022-03-25 00:00:00-04:00,140.6686405705943,140.7865978961549,138.50929099112452,140.4277801513672,24126000,0.0,0.0
2022-03-28 00:00:00-04:00,139.66207420173586,140.75439330324906,138.5826413227132,140.2122039794922,35050000,0.0,0.0
2022-03-29 00:00:00-04:00,141.39374081978931,142.52966445696305,140.79008476675781,141.2529754638672,34318000,0.0,0.0
2022-03-30 00:00:00-04:00,141.20787975036384,141.46608819585558,140.3554379628545,140.6909637451172,19884000,0.0,0.0
2022-03-31 00:00:00-04:00,140.80446372092825,140.85898818058075,137.80259350469294,137.84521484375,37524000,0.0,0.0
2022-04-01 00:00:00-04:00,138.27389064424523,139.23634932313234,137.0918670617453,138.91867065429688,25942000,0.0,0.0
2022-04-04 00:00:00-04:00,139.12486433293225,142.4488900673313,139.07728210128434,141.7148895263672,25942000,0.0,0.0
2022-04-05 00:00:00-04:00,141.6132941655978,141.73371683584432,139.14865258935774,139.35531616210938,21418000,0.0,0.0
2022-04-06 00:00:00-04:00,137.53045013806306,138.13558823258109,134.32586505457658,135.34780883789062,32468000,0.0,0.0
2022-04-07 00:00:00-04:00,134.81456023404073,135.9589233791473,133.04772597265375,134.6941375732422,26234000,0.0,0.0
2022-04-08 00:00:00-04:00,134.39180707525873,134.4775488545769,131.7968213100517,132.11599731445312,25142000,0.0,0.0
2022-04-11 00:00:00-04:00,130.66486281779106,130.9314957081175,127.53759432830005,127.69123077392578,36884000,0.0,0.0
2022-04-12 00:00:00-04:00,130.44334266181815,130.44334266181815,125.67462307577014,126.59198760986328,32710000,0.0,0.0
2022-04-13 00:00:00-04:00,126.87496906105243,129.18845446203287,126.61824282890016,128.7523193359375,27928000,0.0,0.0
2022-04-14 00:00:00-04:00,129.3326910511807,129.3326910511807,125.48827070120589,125.61614227294922,31598000,0.0,0.0
2022-04-18 00:00:00-04:00,125.8837687708988,127.0856057890182,125.07295756823771,126.5543212890625,20808000,0.0,0.0
2022-04-19 00:00:00-04:00,126.56919704178952,129.1874752778057,125.88327780821626,128.8663330078125,26490000,0.0,0.0
2022-04-20 00:00:00-04:00,129.74154970357304,130.24409728114765,126.37936469139383,126.91461181640625,31696000,0.0,0.0
2022-04-21 00:00:00-04:00,128.11397656104157,128.95501432098166,123.43198996855905,123.71746063232422,36446000,0.0,0.0
2022-04-22 00:00:00-04:00,123.90132807733043,124.299795171918,117.87972655770695,118.58397674560547,56884000,0.0,0.0
2022-04-25 00:00:00-04:00,118.05417670442226,122.19396638087383,117.46936605512546,121.99225616455078,46128000,0.0,0.0
2022-04-26 00:00:00-04:00,121.21962308439458,121.43322887611035,117.46937661496328,117.6071548461914,73054000,0.0,0.0
2022-04-27 00:00:00-04:00,113.46338958402451,116.2115203098223,111.74562732959535,113.28993225097656,91820000,0.0,0.0
2022-04-28 00:00:00-04:00,115.39179161420873,118.59785963790864,113.11200403723606,117.48076629638672,48884000,0.0,0.0
2022-04-29 00:00:00-04:00,115.7084723527059,116.8835536229206,112.81413917887252,113.1065444946289,42676000,0.0,0.0
2022-05-02 00:00:00-04:00,112.4082500446914,115.71938932068893,111.61032511577044,115.55831909179688,35534000,0.0,0.0
2022-05-03 00:00:00-04:00,115.4071644067974,117.4009899974836,115.01464880494734,116.30272674560547,24968000,0.0,0.0
2022-05-04 00:00:00-04:00,116.00287299219873,121.77469077330238,114.10420454212863,121.18640899658203,49916000,0.0,0.0
2022-05-05 00:00:00-04:00,119.14750092797412,119.97516100768799,113.99469020299561,115.48150634765625,45840000,0.0,0.0
2022-05-06 00:00:00-04:00,114.17209964267633,116.53812038689702,113.01337571511645,114.72915649414062,39710000,0.0,0.0
2022-05-09 00:00:00-04:00,112.25461312851758,114.06555854767906,111.0160988528587,111.52210998535156,40802000,0.0,0.0
2022-05-10 00:00:00-04:00,114.49227422836657,115.22824850518352,111.90818559117898,113.3895492553711,39900000,0.0,0.0
2022-05-11 00:00:00-04:00,112.24122348597561,115.34172863167639,112.24122348597561,112.60400390625,37534000,0.0,0.0
2022-05-12 00:00:00-04:00,110.39856314419804,113.29041589039419,108.85921166132934,111.8521728515625,53836000,0.0,0.0
2022-05-13 00:00:00-04:00,113.52633818857002,116.83896736441086,112.60650078179894,115.03050231933594,35038000,0.0,0.0
2022-05-16 00:00:00-04:00,113.94511327209501,115.1489390261491,112.8884884094621,113.43910217285156,25990000,0.0,0.0
2022-05-17 00:00:00-04:00,115.81354235490828,115.87252101925971,113.86036470486414,115.44927215576172,23054000,0.0,0.0
2022-05-18 00:00:00-04:00,113.98922818748704,114.38571397191099,110.57499924968252,110.91597747802734,35126000,0.0,0.0
2022-05-19 00:00:00-04:00,110.45208919807725,112.01671400842774,109.03316793210402,109.4137954711914,34144000,0.0,0.0
2022-05-20 00:00:00-04:00,110.96702866649967,111.19749090818948,104.86662695851531,107.95077514648438,48962000,0.0,0.0
2022-05-23 00:00:00-04:00,108.62430893865206,111.16180602376643,107.7852448693059,110.50810241699219,37184000,0.0,0.0
2022-05-24 00:00:00-04:00,104.8423469431348,105.5228136697581,100.98901060230938,105.03860473632812,76780000,0.0,0.0
2022-05-25 00:00:00-04:00,104.0627524475445,105.56394457254443,102.94367769195411,104.87505340576172,40258000,0.0,0.0
2022-05-26 00:00:00-04:00,104.74817746889774,107.69454740943145,104.3001467738534,106.84508514404297,37948000,0.0,0.0
2022-05-27 00:00:00-04:00,108.52072351941294,111.33080496604357,108.17924616749293,111.32931518554688,37914000,0.0,0.0
2022-05-31 00:00:00-04:00,111.75553808376368,114.71777381462744,111.0934100457265,112.76211547851562,50012000,0.0,0.0
2022-06-01 00:00:00-04:00,113.84552464427594,116.07227792652175,112.25462791461338,112.89098358154297,36606000,0.0,0.0
2022-06-02 00:00:00-04:00,112.99801816382626,116.863242236052,111.95378036843927,116.58867645263672,37992000,0.0,0.0
2022-06-03 00:00:00-04:00,115.04237484595139,115.29910104120646,112.52073646875044,113.53424835205078,26136000,0.0,0.0
2022-06-06 00:00:00-04:00,115.6787539707655,118.2980302082557,115.14300770312117,115.79373931884766,33542000,0.0,0.0
2022-06-07 00:00:00-04:00,114.46550552636866,116.65657936123159,114.0407744070312,116.11983489990234,31590000,0.0,0.0
2022-06-08 00:00:00-04:00,115.73524670504767,117.52835256429877,115.57516714354193,116.16394805908203,26108000,0.0,0.0
2022-06-09 00:00:00-04:00,115.3050549411603,117.25923088930595,113.76719320854649,113.826171875,25798000,0.0,0.0
2022-06-10 00:00:00-04:00,111.45667533902316,112.28334461438776,109.39594614726754,110.18445587158203,41452000,0.0,0.0
2022-06-13 00:00:00-04:00,105.84792407779678,107.83529887701552,105.18629514776413,105.45738983154297,47252000,0.0,0.0
2022-06-14 00:00:00-04:00,105.59863233927445,106.97591545107889,104.87009189196922,105.77754211425781,33706000,0.0,0.0
2022-06-15 00:00:00-04:00,107.59097210374202,110.44417420422363,106.72317112084933,108.79975891113281,39698000,0.0,0.0
2022-06-16 00:00:00-04:00,106.27861002380959,107.69356127238406,104.21391782028991,105.10154724121094,51684000,0.0,0.0
2022-06-17 00:00:00-04:00,105.10153777233351,107.74410579485648,104.12271420584322,106.2017822265625,51376000,0.0,0.0
2022-06-21 00:00:00-04:00,107.97209137326078,111.50080688982577,107.64548911545747,110.56361389160156,47416000,0.0,0.0
2022-06-22 00:00:00-04:00,109.58478958192295,112.35026079420923,109.41231534981758,110.50760650634766,30774000,0.0,0.0
2022-06-23 00:00:00-04:00,111.24506449929154,111.7515747494861,109.529283524712,111.2554702758789,28362000,0.0,0.0
2022-06-24 00:00:00-04:00,112.00186213185698,117.04117725395231,111.95973234728507,116.9380874633789,41164000,0.0,0.0
2022-06-27 00:00:00-04:00,117.23345639112544,117.53725815108606,114.16714052686946,114.81539916992188,36420000,0.0,0.0
2022-06-28 00:00:00-04:00,114.784683854193,116.27844224563663,110.8649425315994,111.02304077148438,35792000,0.0,0.0
2022-06-29 00:00:00-04:00,110.57153493394433,112.16589494206592,109.8980029257133,110.71971893310547,24716000,0.0,0.0
2022-06-30 00:00:00-04:00,109.03317519019397,109.9133707611735,105.81174046866552,108.00528717041016,43170000,0.0,0.0
2022-07-01 00:00:00-04:00,106.98434306481707,108.28976888662308,105.79241280402681,107.78177642822266,35476000,0.0,0.0
2022-07-05 00:00:00-04:00,106.15916719622534,112.38049828174634,104.80219643466671,112.26750183105469,39342000,0.0,0.0
2022-07-06 00:00:00-04:00,112.30615296257244,114.57354585155757,110.49619829116553,113.56498718261719,37432000,0.0,0.0
2022-07-07 00:00:00-04:00,114.06854181319488,118.14191973236039,113.82421022402528,117.7389907836914,40936000,0.0,0.0
2022-07-08 00:00:00-04:00,116.21944668919558,118.63304215997859,115.87400669825091,118.30445861816406,38238000,0.0,0.0
2022-07-11 00:00:00-04:00,116.96089626552066,116.96089626552066,114.31683805679349,114.65979766845703,31196000,0.0,0.0
2022-07-12 00:00:00-04:00,115.19355693473877,115.94588857717979,112.69075577017246,113.01834869384766,29960000,0.0,0.0
2022-07-13 00:00:00-04:00,110.71922052622219,113.19229389367698,110.22411430080437,110.3747787475586,43722000,0.0,0.0
2022-07-14 00:00:00-04:00,109.24184313705844,110.11658638688233,107.42049173520462,109.3974609375,37004000,0.0,0.0
2022-07-15 00:00:00-04:00,111.01609870201857,112.14607830712104,109.92526931854086,110.79505157470703,46770000,0.0,0.0
2022-07-18 00:00:00-04:00,111.64996438782659,112.68082434708725,107.41749833919559,108.07169342041016,43164600,0.0,20.0
2022-07-19 00:00:00-04:00,109.87570205635436,113.01783808815178,108.59703937527189,112.80968475341797,36530900,0.0,0.0
2022-07-20 00:00:00-04:00,112.1753157376498,114.38571897797333,111.49138548098223,112.8989028930664,35600400,0.0,0.0
2022-07-21 00:00:00-04:00,113.27555937905743,113.54319050720274,110.13342322528176,113.33502960205078,32676200,0.0,0.0
2022-07-22 00:00:00-04:00,110.02438896081073,111.35260768410927,105.56394075969678,106.9516372680664,48901200,0.0,0.0
2022-07-25 00:00:00-04:00,107.45716230393901,108.90432910851514,105.36570699180157,106.56507110595703,34690900,0.0,0.0
2022-07-26 00:00:00-04:00,105.66306921649698,106.25779418092783,103.15530711554915,104.09695434570312,47991000,0.0,0.0
2022-07-27 00:00:00-04:00,108.29968052085549,112.90881167432437,107.06066717650027,112.06627655029297,59858500,0.0,0.0
2022-07-28 00:00:00-04:00,111.3823490591432,113.33502778538879,110.48034369240179,113.2160873413086,32816600,0.0,0.0
2022-07-29 00:00:00-04:00,112.08610970412361,115.68420188473884,112.06628125487264,115.2976303100586,37223400,0.0,0.0
2022-08-01 00:00:00-04:00,114.28659900379381,115.69411641077537,113.33503005804593,113.8504638671875,26034300,0.0,0.0
2022-08-02 00:00:00-04:00,112.99801481996504,115.32735834983899,112.72047704617064,114.11808013916016,20236000,0.0,0.0
2022-08-03 00:00:00-04:00,114.69299545382555,117.57742237828928,114.46502121528304,117.04216766357422,28499000,0.0,0.0
2022-08-04 00:00:00-04:00,116.44744062554241,117.73601004530308,115.86262235872188,117.15119934082031,21602900,0.0,0.0
2022-08-05 00:00:00-04:00,115.20841618086989,117.07188946431748,114.98043440591263,116.43751525878906,19159500,0.0,0.0
2022-08-08 00:00:00-04:00,117.34944383201373,119.0939769251346,115.85271343429999,116.26902770996094,19138300,0.0,0.0
2022-08-09 00:00:00-04:00,116.11041609942981,116.28883432071103,114.69298455323379,115.60489654541016,19086500,0.0,0.0
2022-08-10 00:00:00-04:00,117.73600666493809,119.85719697468683,117.36926354294056,118.64791870117188,30930400,0.0,0.0
2022-08-11 00:00:00-04:00,120.21402762148577,120.4221809525822,117.517933416611,117.79547119140625,24293700,0.0,0.0
2022-08-12 00:00:00-04:00,119.20300201694565,120.61051940917969,118.41003042457679,120.61051940917969,19096300,0.0,0.0
2022-08-15 00:00:00-04:00,120.06534908400887,121.22507134763688,119.54992284865891,121.00700378417969,19494800,0.0,0.0
2022-08-16 00:00:00-04:00,120.45192996370155,121.3539353982233,119.57966720477233,120.6303482055664,19041200,0.0,0.0
2022-08-17 00:00:00-04:00,119.06423449827227,120.2239492265823,118.33073312003822,118.4992446899414,22847000,0.0,0.0
2022-08-18 00:00:00-04:00,118.38028342687184,119.75806556945993,117.67652480141825,119.11377716064453,17987700,0.0,0.0
2022-08-19 00:00:00-04:00,118.0135479212006,118.10276081994165,115.73376776362055,116.1798095703125,21809500,0.0,0.0
2022-08-22 00:00:00-04:00,114.18747756849332,114.61369850167412,112.84934454275668,113.23591613769531,21456600,0.0,0.0
2022-08-23 00:00:00-04:00,112.48260318331054,113.999154474037,112.43303961913671,112.85926055908203,15870400,0.0,0.0
2022-08-24 00:00:00-04:00,112.5024176637424,113.77116618601146,111.8779576273456,112.69075012207031,17734600,0.0,0.0
2022-08-25 00:00:00-04:00,113.23590401424377,115.69410978570761,113.1070493505059,115.62472534179688,16956800,0.0,0.0
2022-08-26 00:00:00-04:00,113.71170152369614,114.10818734688105,109.22151791479679,109.37019348144531,37245700,0.0,0.0
2022-08-29 00:00:00-04:00,109.02327231665438,109.97483376444924,107.84373662281749,108.45828247070312,21191200,0.0,0.0
2022-08-30 00:00:00-04:00,109.20169854971452,109.52879994823162,106.85253365316505,107.98251342773438,27513300,0.0,0.0
2022-08-31 00:00:00-04:00,109.67745618658887,109.87569528487893,107.17960119904774,107.26881408691406,28627000,0.0,0.0
2022-09-01 00:00:00-04:00,107.32830011371269,109.47922565257869,106.41638802751207,108.77546691894531,28360900,0.0,0.0
2022-09-02 00:00:00-04:00,109.61799202942274,109.76667515278551,106.3172660149257,106.9020767211914,24160700,0.0,0.0
2022-09-06 00:00:00-04:00,106.3569145236708,107.08049412281643,104.8502699767572,105.8712158203125,25068300,0.0,0.0
2022-09-07 00:00:00-04:00,106.11901365650074,109.01335460790509,105.96042387910643,108.48800659179688,23167000,0.0,0.0
2022-09-08 00:00:00-04:00,107.09040592922442,108.63669221562516,106.21814322757177,107.42741394042969,24238300,0.0,0.0
2022-09-09 00:00:00-04:00,108.1113601188559,110.01448301287972,108.06179655462415,109.67747497558594,23197700,0.0,0.0
2022-09-12 00:00:00-04:00,110.01446714894143,110.63893469392616,108.96378628731095,109.88561248779297,22966800,0.0,0.0
2022-09-13 00:00:00-04:00,106.85251559475012,107.34812094062124,103.17511727352941,103.4030990600586,38172900,0.0,0.0
2022-09-14 00:00:00-04:00,103.65091223558079,104.35467099054672,102.74891434711448,104.07713317871094,26395100,0.0,0.0
2022-09-15 00:00:00-04:00,103.11564426895569,104.3447433760891,101.45041004927867,102.0054931640625,34188300,0.0,0.0
2022-09-16 00:00:00-04:00,101.17287435902635,102.22355526563086,100.05280900693545,101.8964614868164,42797200,0.0,0.0
2022-09-19 00:00:00-04:00,100.85569511319773,102.4218099333564,100.65745598557626,102.16409301757812,23036800,0.0,0.0
2022-09-20 00:00:00-04:00,101.18280106502655,101.47025310674029,99.63650706262375,100.25106048583984,26517100,0.0,0.0
2022-09-21 00:00:00-04:00,100.7763873127521,101.97575131964689,98.39748018499488,98.40739440917969,31487300,0.0,0.0
2022-09-22 00:00:00-04:00,97.95142899989769,100.35015678331564,97.92169389253625,99.25982666015625,34298600,0.0,0.0
2022-09-23 00:00:00-04:00,98.75432356236846,98.7840662370101,96.6133122907774,97.87214660644531,31625400,0.0,0.0
2022-09-26 00:00:00-04:00,97.23777497245881,99.00212893213987,96.94041627902087,97.30715942382812,27072700,0.0,0.0
2022-09-27 00:00:00-04:00,98.55608825728369,99.12107809995993,96.01859107787291,96.64305114746094,30072800,0.0,0.0
2022-09-28 00:00:00-04:00,96.79173171420844,99.81491997880579,96.25647699916067,99.17063903808594,32466300,0.0,0.0
2022-09-29 00:00:00-04:00,97.77302956785141,97.77302956785141,95.11658440664736,96.56375122070312,31047200,0.0,0.0
2022-09-30 00:00:00-04:00,96.19701523364152,98.03075377873286,94.72010563429126,94.80931854248047,32941500,0.0,0.0
2022-10-03 00:00:00-04:00,95.90955955223941,98.4173216774245,95.67166351429726,97.77303314208984,27982000,0.0,0.0
2022-10-04 00:00:00-04:00,99.5572084701991,100.94489744691543,99.49773068381286,100.74665832519531,28850800,0.0,0.0
2022-10-05 00:00:00-04:00,98.95256237530134,101.03410325667056,97.93161660163159,100.53849792480469,22176900,0.0,0.0
2022-10-06 00:00:00-04:00,99.79510868849367,102.02533310117246,99.70589577957043,100.52860260009766,22324000,0.0,0.0
2022-10-07 00:00:00-04:00,98.9723979390633,99.64642159285418,97.43602571983261,97.81268310546875,27502800,0.0,0.0
2022-10-10 00:00:00-04:00,98.12986522026777,98.22898478378026,96.15735792571904,96.99988555908203,18225100,0.0,0.0
2022-10-11 00:00:00-04:00,96.57366175239092,98.37766497898305,95.4635030120505,96.32585906982422,26507100,0.0,0.0
2022-10-12 00:00:00-04:00,96.44481291724789,97.88206553818982,95.88972973231223,96.70252227783203,21876400,0.0,0.0
2022-10-13 00:00:00-04:00,94.31370108960836,98.90300397980121,93.55046460378601,98.1893310546875,34574500,0.0,0.0
2022-10-14 00:00:00-04:00,99.11115674778205,99.80500878199092,95.52297881847961,95.7113037109375,25410700,0.0,0.0
2022-10-17 00:00:00-04:00,97.99109458245891,100.04290051639435,97.96135947016587,99.09133911132812,28419200,0.0,0.0
2022-10-18 00:00:00-04:00,102.22356592791553,102.56058152852803,99.09134376768007,99.88430786132812,24060700,0.0,0.0
2022-10-19 00:00:00-04:00,99.13099845606514,100.13211596190627,98.05057470554004,98.75433349609375,23811100,0.0,0.0
2022-10-20 00:00:00-04:00,99.12107422362116,101.42068284311566,98.51643506587006,99.09133911132812,25323200,0.0,0.0
2022-10-21 00:00:00-04:00,96.98995739909645,100.41954522778374,96.86110274127708,100.24112701416016,32458700,0.0,0.0
2022-10-24 00:00:00-04:00,100.90526158454394,101.84690881139284,99.10125824677728,101.61892700195312,27176400,0.0,0.0
2022-10-25 00:00:00-04:00,101.99559168167764,103.89871458124401,101.81717343719716,103.56170654296875,40611400,0.0,0.0
2022-10-26 00:00:00-04:00,95.58245054848182,97.44592398970775,93.85774600381856,94.09563446044922,88114100,0.0,0.0
2022-10-27 00:00:00-04:00,93.68923447770169,94.59123986812598,90.993147655817,91.40945434570312,60710900,0.0,0.0
2022-10-28 00:00:00-04:00,91.45900853564996,95.70139671064247,91.32023964176592,95.44367980957031,43697300,0.0,0.0
2022-10-31 00:00:00-04:00,94.58132675716521,95.18596591202643,93.15398843755676,93.67932891845703,31675000,0.0,0.0
2022-11-01 00:00:00-04:00,94.61105231503412,95.18595629968785,89.57570802441086,89.6748275756836,47161400,0.0,0.0
2022-11-02 00:00:00-04:00,90.14070466460588,90.37859311828306,86.11638402723818,86.20559692382812,57038300,0.0,0.0
2022-11-03 00:00:00-04:00,85.56131487965403,85.75955401223071,82.60750340529754,82.69671630859375,61288000,0.0,0.0
2022-11-04 00:00:00-04:00,84.64940926949454,85.87850862298481,82.97426048995159,85.81903839111328,51124900,0.0,0.0
2022-11-07 00:00:00-05:00,86.51286290825593,88.11862685745632,86.08664203322763,87.71222686767578,34078900,0.0,0.0
2022-11-08 00:00:00-05:00,88.1186294555664,89.5261467821038,86.82013834461175,88.1186294555664,30429000,0.0,0.0
2022-11-09 00:00:00-05:00,87.67257842772042,88.65388241006076,86.51286378932228,86.5525131225586,31769100,0.0,0.0
2022-11-10 00:00:00-05:00,91.43919312210994,93.56038355540274,90.80481883714413,93.11434173583984,51620100,0.0,0.0
2022-11-11 00:00:00-05:00,93.8577385481565,96.07804827912527,93.09450211535228,95.5626220703125,33090500,0.0,0.0
2022-11-14 00:00:00-05:00,94.25422468031444,95.93928745861939,93.67932820432442,94.8588638305664,30179500,0.0,0.0
2022-11-15 00:00:00-05:00,97.39637271288223,99.25984624445441,95.85999298915897,97.57479095458984,41640800,0.0,0.0
2022-11-16 00:00:00-05:00,97.03953112343324,98.76423566096419,96.78181421845211,97.9811782836914,29105200,0.0,0.0
2022-11-17 00:00:00-05:00,96.11770115386271,98.40739541196346,95.93928292840438,97.4954833984375,26052600,0.0,0.0
2022-11-18 00:00:00-05:00,97.9018805535472,98.03074278844717,95.5229808495008,96.57366180419922,28342300,0.0,0.0
2022-11-21 00:00:00-05:00,96.43489902752911,97.53514361353429,94.52186189317523,94.75975036621094,21647400,0.0,0.0
2022-11-22 00:00:00-05:00,95.10666080878029,96.36550259521411,93.22336658471515,96.1969985961914,23438500,0.0,0.0
2022-11-23 00:00:00-05:00,96.23665063568495,97.8919783793907,96.23665063568495,97.59461212158203,18868100,0.0,0.0
2022-11-25 00:00:00-05:00,97.37652899737903,97.77301475705663,96.54391570815923,96.60338592529297,9701400,0.0,0.0
2022-11-28 00:00:00-05:00,96.18709181030358,96.72234652124172,94.7696601393946,95.20579528808594,26237500,0.0,0.0
2022-11-29 00:00:00-05:00,94.88861012981242,95.27518172427101,93.28284596351969,94.35335540771484,20061700,0.0,0.0
2022-11-30 00:00:00-05:00,93.98659555889795,100.15192714493028,93.59010977787369,100.10236358642578,43647500,0.0,0.0
2022-12-01 00:00:00-05:00,100.13209869659357,101.35129114983415,99.36886980705012,100.10236358642578,28687100,0.0,0.0
2022-12-02 00:00:00-05:00,98.1794154073719,99.88429132959538,98.03073230119058,99.55719757080078,21480700,0.0,0.0
2022-12-05 00:00:00-05:00,98.52634555474117,100.48893851504042,98.1298597604134,98.60564422607422,24405100,0.0,0.0
2022-12-06 00:00:00-05:00,98.42721758878601,98.90299445146697,95.57252616335273,96.12760925292969,24910700,0.0,0.0
2022-12-07 00:00:00-05:00,95.56263371133674,96.02849641963317,93.88748509454602,94.10555267333984,31045400,0.0,0.0
2022-12-08 00:00:00-05:00,94.54166480545987,94.73991146391016,92.62862803485098,92.88634490966797,32213300,0.0,0.0
2022-12-09 00:00:00-05:00,92.94583211796659,93.43153084821046,91.93480044321662,92.01409912109375,28225400,0.0,0.0
2022-12-12 00:00:00-05:00,91.89515083579238,92.73767848934548,90.80482048635082,92.48987579345703,29420000,0.0,0.0
2022-12-13 00:00:00-05:00,96.90075807295776,98.65519764693319,94.19474959251662,94.78947448730469,40593700,0.0,0.0
2022-12-14 00:00:00-05:00,94.3632525525602,96.018580115214,92.77731699649831,94.2343978881836,28733600,0.0,0.0
2022-12-15 00:00:00-05:00,92.31146188282725,92.81698152362237,89.218888932877,90.06141662597656,40107000,0.0,0.0
2022-12-16 00:00:00-05:00,89.9622954697807,90.52728533047387,88.73318861726283,89.46669006347656,58011800,0.0,0.0
2022-12-19 00:00:00-05:00,89.46667706453866,89.7640357277138,87.43469216899084,87.66267395019531,29493000,0.0,0.0
2022-12-20 00:00:00-05:00,87.33558147815765,88.39617669869548,86.6714720777627,88.23757934570312,23453800,0.0,0.0
2022-12-21 00:00:00-05:00,88.29704301011338,89.4270225012476,87.5437208285783,88.79264831542969,24745600,0.0,0.0
2022-12-22 00:00:00-05:00,87.38514089164586,87.76179824360828,85.56130923053732,86.98865509033203,27658300,0.0,0.0
2022-12-23 00:00:00-05:00,86.34436275710375,88.76291923113465,86.30471342250716,88.44573211669922,23003000,0.0,0.0
2022-12-27 00:00:00-05:00,88.01950543021509,88.15827431100223,86.24523752605165,86.62189483642578,20097300,0.0,0.0
2022-12-28 00:00:00-05:00,86.21550780630535,87.26618870145985,85.18464779721495,85.2639389038086,19523200,0.0,0.0
2022-12-29 00:00:00-05:00,85.85866720486126,88.06906266743349,85.84875298114018,87.67257690429688,23333500,0.0,0.0
2022-12-30 00:00:00-05:00,86.21552287810843,87.523920894848,85.8091228005453,87.45453643798828,23986300,0.0,0.0
2023-01-03 00:00:00-05:00,88.80255544716131,90.24972960120895,87.74196039065848,88.3366928100586,28131200,0.0,0.0
2023-01-04 00:00:00-05:00,89.55587665525148,89.85324286170601,86.50294617668717,87.30583190917969,34854800,0.0,0.0
2023-01-05 00:00:00-05:00,86.70120949900179,86.80032906609173,85.14500885244108,85.44236755371094,27194400,0.0,0.0
2023-01-06 00:00:00-05:00,86.02717297103696,86.9192640659125,84.11413611960162,86.57233428955078,41381500,0.0,0.0
2023-01-09 00:00:00-05:00,87.58337634262733,89.25852481278592,87.08777100232832,87.2463607788086,29003900,0.0,0.0
2023-01-10 00:00:00-05:00,85.22430369329793,87.89065547093827,85.07562056818927,87.64285278320312,30467800,0.0,0.0
2023-01-11 00:00:00-05:00,88.3961696743914,90.7948977302534,88.22766567198052,90.7155990600586,26862000,0.0,0.0
2023-01-12 00:00:00-05:00,90.6759627102154,91.06253429761234,88.96116478580137,90.32903289794922,30258100,0.0,0.0
2023-01-13 00:00:00-05:00,90.051483892175,91.3797100639102,89.3378110312232,91.3103256225586,26329200,0.0,0.0
2023-01-17 00:00:00-05:00,91.25084633493321,91.43917877077745,89.25851845375324,90.48761749267578,32602400,0.0,0.0
2023-01-18 00:00:00-05:00,91.33016933742654,91.98437214427553,89.84335302623032,90.31913757324219,29116700,0.0,0.0
2023-01-19 00:00:00-05:00,89.92263963407981,92.78723807060146,89.83342673497357,92.23216247558594,37000400,0.0,0.0
2023-01-20 00:00:00-05:00,94.2641293027765,97.43600785288929,94.18483063749785,97.15846252441406,63191100,0.0,0.0
2023-01-23 00:00:00-05:00,97.08908644403112,99.1607207694037,96.64304464751609,98.91291809082031,40005100,0.0,0.0
2023-01-24 00:00:00-05:00,97.23777151171052,98.73450183779414,96.3456803384707,96.8412857055664,33078500,0.0,0.0
2023-01-25 00:00:00-05:00,94.73000940210903,95.31482766669704,92.9359203962401,94.38308715820312,42330000,0.0,0.0
2023-01-26 00:00:00-05:00,95.65184064234623,96.7124358785813,94.54168184198296,96.66287231445312,30114000,0.0,0.0
2023-01-27 00:00:00-05:00,96.45471331121503,99.43825971343786,96.45471331121503,98.49661254882812,33879800,0.0,0.0
2023-01-30 00:00:00-05:00,96.62322160019781,97.42609984090785,95.5527122376928,96.08796691894531,27226200,0.0,0.0
2023-01-31 00:00:00-05:00,96.01859633644389,98.01092467048184,95.96903276974426,97.97127532958984,29870700,0.0,0.0
2023-02-01 00:00:00-05:00,97.8424184378622,100.30062458138316,96.7223529416814,99.54730224609375,35531100,0.0,0.0
2023-02-02 00:00:00-05:00,104.87009382209624,106.9020711952248,104.68176137141613,106.79303741455078,69883800,0.0,0.0
2023-02-03 00:00:00-05:00,102.02531630709647,106.86242173682118,101.67839407914221,103.85905456542969,65309300,0.0,0.0
2023-02-06 00:00:00-05:00,101.49997723038128,103.44274929562647,100.98454343127975,101.9955825805664,31999600,0.0,0.0
2023-02-07 00:00:00-05:00,102.31277427376001,107.22917865979215,102.2136547117616,106.69392395019531,49010200,0.0,0.0
2023-02-08 00:00:00-05:00,101.15305759656383,102.23347365780366,97.17830046850436,98.49661254882812,94743500,0.0,0.0
2023-02-09 00:00:00-05:00,99.12107385512309,99.15080896730558,92.80705872811015,94.17493438720703,119455000,0.0,0.0
2023-02-10 00:00:00-05:00,94.61105508342865,95.89963197469012,93.42160530867747,93.7387924194336,54980700,0.0,0.0
2023-02-13 00:00:00-05:00,93.90730468774592,94.36326072696573,93.01521349695155,93.77845001220703,50076100,0.0,0.0
2023-02-14 00:00:00-05:00,93.60003665412482,94.01634337742144,91.44911102142065,93.84783935546875,54726100,0.0,0.0
2023-02-15 00:00:00-05:00,93.6594961857254,96.26638514602948,93.32248818030943,96.08796691894531,50169000,0.0,0.0
2023-02-16 00:00:00-05:00,94.53177095740106,96.8214653459122,93.90730335156145,94.67053985595703,42462600,0.0,0.0
2023-02-17 00:00:00-05:00,94.01633442041258,94.72009311770113,92.39074945945416,93.5207290649414,34284100,0.0,0.0
2023-02-21 00:00:00-05:00,92.18260235411577,92.28172191944829,90.91385376824827,90.98323822021484,33629300,0.0,0.0
2023-02-22 00:00:00-05:00,90.89403079696496,91.30043087036597,89.81361461373729,90.84447479248047,30884000,0.0,0.0
2023-02-23 00:00:00-05:00,91.11207885163788,91.13190729905016,88.97106783366301,90.09113311767578,41206400,0.0,0.0
2023-02-24 00:00:00-05:00,88.6538991523709,89.09994100142467,87.80145723264899,88.34661865234375,36585100,0.0,0.0
2023-02-27 00:00:00-05:00,89.08010864257812,89.36756065406263,88.55476061737971,89.08010864257812,27502300,0.0,0.0
2023-02-28 00:00:00-05:00,88.54485304599933,90.42815487570596,88.534938821612,89.2684326171875,30142000,0.0,0.0
2023-03-01 00:00:00-05:00,89.18914616715412,90.22991291205538,88.88186569379845,89.56580352783203,31111200,0.0,0.0
2023-03-02 00:00:00-05:00,88.87195398014434,91.46892114468274,88.80256197209034,91.1913833618164,32204400,0.0,0.0
2023-03-03 00:00:00-05:00,91.66716673162266,92.90618007780824,91.63742405895086,92.8268814086914,35160100,0.0,0.0
2023-03-06 00:00:00-05:00,93.19361702128163,95.12648222322294,93.17379613676579,94.29386138916016,32639300,0.0,0.0
2023-03-07 00:00:00-05:00,94.14520057401873,94.8291308506661,92.70794044588578,93.03504180908203,27835500,0.0,0.0
2023-03-08 00:00:00-05:00,93.29276092219925,95.11658511938656,93.17381290668519,93.42161560058594,34103300,0.0,0.0
2023-03-09 00:00:00-05:00,93.2233578065742,94.69034522585847,91.0922535532188,91.50856018066406,28813500,0.0,0.0
2023-03-10 00:00:00-05:00,91.35989288962611,91.97444627624094,89.60545319191515,89.83342742919922,35941000,0.0,0.0
2023-03-13 00:00:00-04:00,89.29817253447952,91.75637851356447,88.63406314919474,90.30921173095703,37335600,0.0,0.0
2023-03-14 00:00:00-04:00,91.74644769759874,93.53062974383394,91.62750726940739,93.14405822753906,36050200,0.0,0.0
2023-03-15 00:00:00-04:00,92.40066053699009,96.07805124185921,91.82575652926289,95.2652587890625,50622100,0.0,0.0
2023-03-16 00:00:00-04:00,95.35446457801073,100.30061132579071,94.66062012558537,99.4382553100586,65492000,0.0,0.0
2023-03-17 00:00:00-04:00,99.37878995970463,101.93610789707766,99.22019261289883,100.72683715820312,61028500,0.0,0.0
2023-03-20 00:00:00-04:00,99.24002247655834,100.85569326789229,98.99221979039645,100.33035278320312,32960400,0.0,0.0
2023-03-21 00:00:00-04:00,100.36008414076306,104.17624385241345,100.33034902951017,103.9978256225586,42110300,0.0,0.0
2023-03-22 00:00:00-04:00,103.35353221376229,105.65314064298035,102.42179933554432,102.4614486694336,43427400,0.0,0.0
2023-03-23 00:00:00-04:00,104.13659740739351,105.36570416377398,103.541872478814,104.6718521118164,40797800,0.0,0.0
2023-03-24 00:00:00-04:00,104.06721052991638,104.56281588589015,102.9273166987092,104.51325988769531,30393300,0.0,0.0
2023-03-27 00:00:00-04:00,103.70045921132483,103.83922809504408,101.03410018695052,101.55944061279297,31120900,0.0,0.0
2023-03-28 00:00:00-04:00,101.53961649929587,101.54952316043445,98.86334333621792,100.14200592041016,32057900,0.0,0.0
2023-03-29 00:00:00-04:00,101.38102484163565,101.58917817223534,99.76535419231203,100.49884796142578,28779600,0.0,0.0
2023-03-30 00:00:00-04:00,100.02306330980005,100.27086595492908,98.90299051392147,100.00323486328125,33086200,0.0,0.0
2023-03-31 00:00:00-04:00,100.40964837247186,102.9768804923042,100.1519314693277,102.81829071044922,36863400,0.0,0.0
2023-04-03 00:00:00-04:00,101.49006273887221,103.61125302709605,101.03410672538214,103.4427490234375,25035400,0.0,0.0
2023-04-04 00:00:00-04:00,103.41301187553275,104.65202522333027,103.12555987136325,103.7995834350586,24420100,0.0,0.0
2023-04-05 00:00:00-04:00,104.85026426841469,105.16745138275883,102.7489024717613,103.5517807006836,28290500,0.0,0.0
2023-04-06 00:00:00-04:00,104.33483456983963,108.21046425787682,103.41300836785234,107.46705627441406,48711500,0.0,0.0
2023-04-10 00:00:00-04:00,106.03971785017113,106.64434938467814,104.19606545034118,105.50446319580078,27067400,0.0,0.0
2023-04-11 00:00:00-04:00,105.6134990800635,105.79191730174914,103.75993241934815,104.42404174804688,26311800,0.0,0.0
2023-04-12 00:00:00-04:00,105.643234620716,105.8117386190125,103.42291728349981,103.72028350830078,24370300,0.0,0.0
2023-04-13 00:00:00-04:00,104.90972712126796,106.54522613694265,104.90972712126796,106.48575592041016,24843600,0.0,0.0
2023-04-14 00:00:00-04:00,105.95051585392284,107.98250090468606,105.90095229177238,107.91311645507812,26578000,0.0,0.0
2023-04-17 00:00:00-04:00,103.74012106946371,105.22693719940173,103.60134460665196,105.03860473632812,37571200,0.0,0.0
2023-04-18 00:00:00-04:00,105.55402729287576,105.60359085373453,103.15529916912894,103.5815200805664,26596400,0.0,0.0
2023-04-19 00:00:00-04:00,102.66960311282216,104.05729956463124,102.16408355317898,103.26432800292969,20905700,0.0,0.0
2023-04-20 00:00:00-04:00,102.99669510884661,105.31612423862752,102.95704577812343,104.36456298828125,27820800,0.0,0.0
2023-04-21 00:00:00-04:00,104.54299072815176,105.06833117404804,103.85905294490108,104.4835205078125,25800100,0.0,0.0
2023-04-24 00:00:00-04:00,104.56282024731928,105.69279990108514,103.77976284473804,105.03860473632812,23542800,0.0,0.0
2023-04-25 00:00:00-04:00,104.89982577246494,105.75226754350551,102.92731111776044,102.93722534179688,46664100,0.0,0.0
2023-04-26 00:00:00-04:00,103.99781824829445,105.41524976209612,101.72794498144636,102.79845428466797,53347600,0.0,0.0
2023-04-27 00:00:00-04:00,103.5319695888063,107.41752184308518,102.6299716535488,106.64437103271484,50089200,0.0,0.0
2023-04-28 00:00:00-04:00,106.09919436658583,106.40646726401752,104.16632896179492,106.39655303955078,36139800,0.0,0.0
2023-05-01 00:00:00-04:00,105.90094553226093,107.040839327923,105.88112464606859,106.25778198242188,26681700,0.0,0.0
2023-05-02 00:00:00-04:00,106.19831315828286,106.25778337997941,102.79846017510972,104.3943099975586,30997200,0.0,0.0
2023-05-03 00:00:00-04:00,104.60246094849104,106.545232957059,104.03747116825616,104.4835205078125,21795400,0.0,0.0
2023-05-04 00:00:00-04:00,104.56282340312815,104.67185719426804,103.05618634008118,103.76985931396484,23419500,0.0,0.0
2023-05-05 00:00:00-04:00,103.89871228613758,104.94939327912539,103.19495354910443,104.64212036132812,26639300,0.0,0.0
2023-05-08 00:00:00-04:00,104.2555520857097,107.01111689548593,104.2357311971691,106.82278442382812,26511400,0.0,0.0
2023-05-09 00:00:00-04:00,107.43732362452766,109.18185651644418,106.24787384869296,106.40646362304688,36360100,0.0,0.0
2023-05-10 00:00:00-04:00,107.02103138919628,111.94735027992186,106.98138204967745,110.76780700683594,63153400,0.0,0.0
2023-05-11 00:00:00-04:00,114.38571831983981,116.88356600068316,113.40442182690181,115.5454330444336,78900000,0.0,0.0
2023-05-12 00:00:00-04:00,115.65446614587465,116.99259909422787,115.08947634268829,116.4771728515625,41102300,0.0,0.0
2023-05-15 00:00:00-04:00,115.08946851448118,117.43864046390988,114.99034896251874,115.48595428466797,36266800,0.0,0.0
2023-05-16 00:00:00-04:00,115.46614156745153,119.6887016048796,115.40667134063953,118.45960235595703,45035600,0.0,0.0
2023-05-17 00:00:00-04:00,118.55870818399895,120.60059973288946,117.84503529559602,119.77789306640625,33323600,0.0,0.0
2023-05-18 00:00:00-04:00,119.88693103307176,122.22618888797108,119.7679905890739,121.75041198730469,35234200,0.0,0.0
2023-05-19 00:00:00-04:00,122.464079972312,124.8628079526781,121.07638353692812,121.68102264404297,41353400,0.0,0.0
2023-05-22 00:00:00-04:00,121.85944960031794,125.31877293153339,121.66120291685972,123.9509048461914,35253000,0.0,0.0
2023-05-23 00:00:00-04:00,123.06873134867843,123.53459405259528,121.13586583308965,121.4827880859375,34046300,0.0,0.0
2023-05-24 00:00:00-04:00,120.05543938411122,120.83849672292195,118.80651181921867,119.83737182617188,34182600,0.0,0.0
2023-05-25 00:00:00-04:00,123.4255515574692,124.21852313290142,120.88805461582595,122.39469909667969,42317000,0.0,0.0
2023-05-26 00:00:00-04:00,122.08742462698592,124.15905899914881,121.37375168657263,123.5147705078125,35635900,0.0,0.0
2023-05-30 00:00:00-04:00,124.53571707323403,124.5555455229917,120.92771057579567,122.5830307006836,35076700,0.0,0.0
2023-05-31 00:00:00-04:00,121.6711063217918,122.96958984303781,121.42330366125861,121.79005432128906,37325800,0.0,0.0
2023-06-01 00:00:00-04:00,121.74050008884288,123.32643572526102,121.54226097016722,122.6325912475586,30772700,0.0,0.0
2023-06-02 00:00:00-04:00,122.90021802977736,125.04123686671639,122.67224379356901,123.5742416381836,26980100,0.0,0.0
2023-06-05 00:00:00-04:00,122.9200518747169,126.30999095298885,122.75154029346575,124.90247344970703,32305500,0.0,0.0
2023-06-06 00:00:00-04:00,124.90246303081489,127.16241466547471,124.25817456021957,126.19103240966797,26638300,0.0,0.0
2023-06-07 00:00:00-04:00,125.85401440540102,127.90581253658962,121.04664438130212,121.42330169677734,52539000,0.0,0.0
2023-06-08 00:00:00-04:00,121.15568017540772,122.1468908180321,120.1743761943269,121.06646728515625,29389200,0.0,0.0
2023-06-09 00:00:00-04:00,121.17550631108766,122.67223656375475,120.83849830791537,121.15568542480469,23778300,0.0,0.0
2023-06-12 00:00:00-04:00,121.7107637315462,122.95969134096524,120.59069835405128,122.55329132080078,28306400,0.0,0.0
2023-06-13 00:00:00-04:00,123.881524443717,124.05994268348793,122.09734204600761,122.74163055419922,22278300,0.0,0.0
2023-06-14 00:00:00-04:00,122.01804087999511,122.95969562270113,120.38254164252703,122.5830307006836,30592300,0.0,0.0
2023-06-15 00:00:00-04:00,122.05768176188316,124.35729022251407,121.32418798075481,123.99053955078125,35246300,0.0,0.0
2023-06-16 00:00:00-04:00,124.82315911828891,125.001577340157,122.1964493483621,122.44425201416016,45535600,0.0,0.0
2023-06-20 00:00:00-04:00,121.84952426545516,123.47510910990492,121.06646695245337,122.01802825927734,26097500,0.0,0.0
2023-06-21 00:00:00-04:00,121.32419395167761,121.58191085699323,119.04440626489465,119.4904556274414,30306300,0.0,0.0
2023-06-22 00:00:00-04:00,118.94529615772794,122.15681703653188,117.78558133515126,122.06761169433594,26952200,0.0,0.0
2023-06-23 00:00:00-04:00,120.31314813901791,121.71075881058304,119.99596102780514,121.26470947265625,34913600,0.0,0.0
2023-06-26 00:00:00-04:00,119.69860126412782,120.92770036348257,117.23048127903954,117.29986572265625,33969900,0.0,0.0
2023-06-27 00:00:00-04:00,116.05094940599243,118.03337078609204,115.07955960231514,117.28996276855469,39535900,0.0,0.0
2023-06-28 00:00:00-04:00,116.06086542083392,119.33186398652833,115.82297695350607,119.12371063232422,27091400,0.0,0.0
2023-06-29 00:00:00-04:00,118.19196103083988,119.00475349739705,117.26022812090297,118.05319213867188,24090900,0.0,0.0
2023-06-30 00:00:00-04:00,119.1137889438215,120.01579431786013,118.63801203897671,118.64791870117188,29532200,0.0,0.0
2023-07-03 00:00:00-04:00,118.19197339110744,119.1336281862522,117.77566667106697,118.84617614746094,14467900,0.0,0.0
2023-07-05 00:00:00-04:00,118.19195270951163,121.53233523543224,118.18204604815243,120.67989349365234,27584800,0.0,0.0
2023-07-06 00:00:00-04:00,118.74705599266238,119.24266138902185,117.35935937038825,119.05432891845703,24745200,0.0,0.0
2023-07-07 00:00:00-04:00,119.04440112824291,119.98605581142945,118.35055667733691,118.42985534667969,21709500,0.0,0.0
2023-07-10 00:00:00-04:00,117.26022125117554,117.27012791265184,115.1192026477231,115.42647552490234,35315200,0.0,0.0
2023-07-11 00:00:00-04:00,115.26789264862505,116.67541002080333,114.33615217521867,116.11042022705078,23078800,0.0,0.0
2023-07-12 00:00:00-04:00,117.75582704091902,119.27237810993883,117.36925549635855,117.88468170166016,30404400,0.0,0.0
2023-07-13 00:00:00-04:00,119.86711735011022,123.73284082144414,119.39133285851337,123.44538879394531,44297900,0.0,0.0
2023-07-14 00:00:00-04:00,123.703104019214,125.6656970596948,122.4046128006824,124.3176498413086,33283100,0.0,0.0
2023-07-17 00:00:00-04:00,124.83308323552517,125.98288376353565,123.10837110000271,123.5544204711914,25716200,0.0,0.0
2023-07-18 00:00:00-04:00,123.50486226961478,123.58416094735736,121.87927718758245,122.67224884033203,26193600,0.0,0.0
2023-07-19 00:00:00-04:00,123.50486228130026,124.0797663514812,120.72947662109038,120.95745086669922,37224000,0.0,0.0
2023-07-20 00:00:00-04:00,120.35279444013278,122.99932504158681,117.18092340794111,118.15230560302734,37906800,0.0,0.0
2023-07-21 00:00:00-04:00,119.55984327813516,119.92658641540363,117.68645556733492,118.9651107788086,72937900,0.0,0.0
2023-07-24 00:00:00-04:00,120.59069236468409,121.91891101739073,119.91666881428958,120.46183013916016,29686100,0.0,0.0
2023-07-25 00:00:00-04:00,120.29333663689901,122.06760477820553,119.95632105113091,121.1358642578125,52509600,0.0,0.0
2023-07-26 00:00:00-04:00,128.92680656870849,129.8287969757837,127.19218752672717,128.1338348388672,61682100,0.0,0.0
2023-07-27 00:00:00-04:00,130.5127174287312,132.0689255635858,127.6580256334022,128.26266479492188,44952100,0.0,0.0
2023-07-28 00:00:00-04:00,129.6305212614067,132.56451129686621,129.42237550489725,131.41470336914062,36591200,0.0,0.0
2023-07-31 00:00:00-04:00,131.56340397747383,132.35637563474472,130.62175675151056,131.55349731445312,28055500,0.0,0.0
2023-08-01 00:00:00-04:00,129.63054701957142,131.4642930466913,129.5314198898495,130.39378356933594,23166800,0.0,0.0
2023-08-02 00:00:00-04:00,128.31222025946755,128.9465944934301,126.4388326681817,127.25163269042969,26273300,0.0,0.0
2023-08-03 00:00:00-04:00,126.84525269371177,128.25277027475667,126.30008370553452,127.32102966308594,20089500,0.0,0.0
2023-08-04 00:00:00-04:00,128.14372354248303,130.35411926269438,126.78576966555633,126.9840087890625,26147200,0.0,0.0
2023-08-07 00:00:00-04:00,128.02478253467217,130.45324581754625,127.8860136363558,130.3739471435547,22746300,0.0,0.0
2023-08-08 00:00:00-04:00,129.47192832567612,130.35410518598817,128.4014190247344,130.2450714111328,23535200,0.0,0.0
2023-08-09 00:00:00-04:00,130.50280718461022,130.87945697389134,127.86618303626592,128.5203857421875,24912900,0.0,0.0
2023-08-10 00:00:00-04:00,130.16577259004856,130.88935203387206,128.31219863509565,128.5500946044922,20857800,0.0,0.0
2023-08-11 00:00:00-04:00,127.52918100734196,128.78800779260496,127.04348228626603,128.4212646484375,19591100,0.0,0.0
2023-08-14 00:00:00-04:00,128.25275374989084,130.21534672977936,127.82654040248093,130.1757049560547,24695600,0.0,0.0
2023-08-15 00:00:00-04:00,129.9477334332242,130.26491300365356,128.14372263533488,128.6393280029297,19770700,0.0,0.0
2023-08-16 00:00:00-04:00,127.56881713867188,129.1349318973664,126.74611798522649,127.56881713867188,25216100,0.0,0.0
2023-08-17 00:00:00-04:00,128.65913574269388,130.8298893232879,128.15360866932792,128.778076171875,33446300,0.0,0.0
2023-08-18 00:00:00-04:00,127.38048074077112,128.1139820986366,125.26920468665479,126.33971405029297,30504800,0.0,0.0
2023-08-21 00:00:00-04:00,126.06218642929755,127.59855859024782,125.44763302751461,127.2417221069336,25248700,0.0,0.0
2023-08-22 00:00:00-04:00,127.3804677903532,129.13491477389115,127.19215048251407,127.94546508789062,22054900,0.0,0.0
2023-08-23 00:00:00-04:00,129.035789323442,132.23741046796198,128.7285164557817,131.20654296875,27819700,0.0,0.0
2023-08-24 00:00:00-04:00,132.77267495370916,133.07004119920114,128.43118221835817,128.6393280029297,28500700,0.0,0.0
2023-08-25 00:00:00-04:00,128.40142596774677,129.61070421801392,126.13156014533209,128.7384490966797,26762900,0.0,0.0
2023-08-28 00:00:00-04:00,130.15588677056022,131.37507181068187,128.99617195805286,129.8585205078125,20543300,0.0,0.0
2023-08-29 00:00:00-04:00,131.07771469222826,135.36965904379704,131.07771469222826,133.38723754882812,43075600,0.0,0.0
2023-08-30 00:00:00-04:00,133.59536176682397,135.08217764800216,132.89161071955,134.68569946289062,28315800,0.0,0.0
2023-08-31 00:00:00-04:00,134.8145624474285,136.78707719387538,134.59649488250773,134.97315979003906,30053800,0.0,0.0
2023-09-01 00:00:00-04:00,136.25183370752197,136.25183370752197,133.66477309520587,134.4676513671875,21543700,0.0,0.0
2023-09-05 00:00:00-04:00,134.24957408258942,135.22095629355618,133.39713231081367,134.57667541503906,19403100,0.0,0.0
2023-09-06 00:00:00-04:00,134.824484524279,135.32999653967815,132.4951333142853,133.2781982421875,18684500,0.0,0.0
2023-09-07 00:00:00-04:00,132.41581663493795,134.38833111737597,131.7814424740778,134.07113647460938,18844300,0.0,0.0
2023-09-08 00:00:00-04:00,133.7242392505445,135.45885797662925,133.66476902845534,135.1813201904297,23558300,0.0,0.0
2023-09-11 00:00:00-04:00,135.33990308514734,136.27164356834132,134.59649505596173,135.71656799316406,20763400,0.0,0.0
2023-09-12 00:00:00-04:00,135.0623790459448,135.66701824288407,134.00179134784412,134.1504669189453,18405500,0.0,0.0
2023-09-13 00:00:00-04:00,133.90265121619703,135.69674018178068,132.9709107286248,135.5084228515625,20749500,0.0,0.0
2023-09-14 00:00:00-04:00,136.39060981836033,137.48093260507594,135.0425625482196,136.88621520996094,24751000,0.0,0.0
2023-09-15 00:00:00-04:00,136.76725635034862,137.30251863025583,135.28044021121335,136.19235229492188,38919600,0.0,0.0
2023-09-18 00:00:00-04:00,135.40928098547076,137.93687104627568,135.40928098547076,136.99522399902344,21861300,0.0,0.0
2023-09-19 00:00:00-04:00,136.21219057489975,137.1934947424291,135.4192188852002,136.8267364501953,20353700,0.0,0.0
2023-09-20 00:00:00-04:00,136.8663646339005,136.8663646339005,132.44555860062232,132.56451416015625,29927500,0.0,0.0
2023-09-21 00:00:00-04:00,130.28472870460357,131.06777845392287,128.92677497016894,129.29351806640625,31503900,0.0,0.0
2023-09-22 00:00:00-04:00,129.61069078701092,130.86953246620288,128.46089800194463,129.1051788330078,26397300,0.0,0.0
2023-09-25 00:00:00-04:00,128.6888779459716,130.0170965606432,127.82652953751189,129.95762634277344,20094600,0.0,0.0
2023-09-26 00:00:00-04:00,128.62942178523338,129.21423249109523,126.10183137682498,127.43997192382812,25718700,0.0,0.0
2023-09-27 00:00:00-04:00,127.43996798020761,129.7494756200031,127.43996798020761,129.39263916015625,22746500,0.0,0.0
2023-09-28 00:00:00-04:00,128.6987879376221,132.12838346203904,128.64922437989011,131.14707946777344,22513100,0.0,0.0
2023-09-29 00:00:00-04:00,132.10856705829798,132.87180356786632,129.21423349403221,129.7098388671875,30859800,0.0,0.0
2023-10-02 00:00:00-04:00,130.0567776325655,133.23855587746678,130.01712073016435,132.99075317382812,22288000,0.0,0.0
2023-10-03 00:00:00-04:00,132.76275951955418,133.0799390690274,130.68121106331455,131.26602172851562,22989400,0.0,0.0
2023-10-04 00:00:00-04:00,131.6228674142173,134.37844718411898,131.36515806688755,134.0513458251953,26752300,0.0,0.0
2023-10-05 00:00:00-04:00,133.88282775878906,134.2991344106199,132.27705624495698,133.88282775878906,19832600,0.0,0.0
2023-10-06 00:00:00-04:00,132.83212890565903,136.94566202758472,132.83212890565903,136.37075805664062,27597600,0.0,0.0
2023-10-09 00:00:00-04:00,135.73639678634393,137.718818202532,134.41808472961787,137.20338439941406,19278100,0.0,0.0
2023-10-10 00:00:00-04:00,137.28269277954,138.4919711389079,136.12297798401696,136.8465576171875,27786600,0.0,0.0
2023-10-11 00:00:00-04:00,137.36201055117434,139.86977295862408,137.36201055117434,139.314697265625,25884300,0.0,0.0
2023-10-12 00:00:00-04:00,139.8102859466206,139.97878996715525,137.04479935307614,137.74856567382812,24765500,0.0,0.0
2023-10-13 00:00:00-04:00,138.15494443848604,138.76949019803877,135.41919338050468,136.15269470214844,23420500,0.0,0.0
2023-10-16 00:00:00-04:00,136.9555770964501,138.4027513362433,136.7771664348634,137.87741088867188,28501900,0.0,0.0
2023-10-17 00:00:00-04:00,137.41155773728624,138.67038456071032,135.97428998075208,138.49197387695312,23515800,0.0,0.0
2023-10-18 00:00:00-04:00,138.2243153813824,139.48315708044316,136.17251730070473,136.74742126464844,23375000,0.0,0.0
2023-10-19 00:00:00-04:00,137.28269950188223,138.43250769080962,136.17254821584305,136.53929138183594,26066000,0.0,0.0
2023-10-20 00:00:00-04:00,136.12297828131832,136.6582254478533,133.8927540255162,134.40818786621094,26335700,0.0,0.0
2023-10-23 00:00:00-04:00,133.8530881539799,136.4500705092504,132.77267210572043,135.30026245117188,26317900,0.0,0.0
2023-10-24 00:00:00-04:00,136.6185834917505,138.13513477372655,136.21218344241674,137.5899658203125,44814300,0.0,0.0
2023-10-25 00:00:00-04:00,127.03356406868409,127.18223962045136,123.97071914254384,124.50597381591797,84366200,0.0,0.0
2023-10-26 00:00:00-04:00,122.18653477861498,123.23722322101568,120.20411345783874,121.20523834228516,57061100,0.0,0.0
2023-10-27 00:00:00-04:00,121.79998068610722,122.22620163366648,119.15344965845101,121.09622192382812,44566500,0.0,0.0
2023-10-30 00:00:00-04:00,122.12706787862865,124.29782170383251,121.67111186993667,123.36608123779297,28940100,0.0,0.0
2023-10-31 00:00:00-04:00,123.96080022210504,124.26808066290327,121.61163584513152,122.98941802978516,26292300,0.0,0.0
2023-11-01 00:00:00-04:00,122.97952122374261,125.37824949738864,122.63259896306457,125.3386001586914,30082400,0.0,0.0
2023-11-02 00:00:00-04:00,127.29127970850502,127.8463552955118,125.81437784316901,126.36945343017578,27124600,0.0,0.0
2023-11-03 00:00:00-04:00,126.8947997576898,128.39152248996186,126.73620241363211,127.9653091430664,26393100,0.0,0.0
2023-11-06 00:00:00-05:00,127.91572915468251,129.19438415583073,127.53906429208809,129.1051788330078,19052700,0.0,0.0
2023-11-07 00:00:00-05:00,129.56115358521535,130.75060336661838,128.73844691253734,129.81886291503906,29757300,0.0,0.0
2023-11-08 00:00:00-05:00,129.81888007898115,131.04798691958564,129.63054760646278,130.6812286376953,26425800,0.0,0.0
2023-11-09 00:00:00-05:00,130.80017480614322,131.38498550790692,128.92678712827234,129.0952911376953,23747800,0.0,0.0
2023-11-10 00:00:00-05:00,128.95653161924707,131.63279776446794,128.27259374470339,131.4246368408203,26913300,0.0,0.0
2023-11-13 00:00:00-05:00,130.62174322003068,131.42462145714984,130.09640276550397,130.92901611328125,18324800,0.0,0.0
2023-11-14 00:00:00-05:00,133.01056927107837,134.50729201715737,132.1482207824069,132.44557189941406,32395200,0.0,0.0
2023-11-15 00:00:00-05:00,133.6846160921879,133.84321347423608,132.39605395591323,133.4368133544922,23861500,0.0,0.0
2023-11-16 00:00:00-05:00,134.0017891113594,136.0139458049548,133.13944056401175,135.7264862060547,28013200,0.0,0.0
2023-11-17 00:00:00-05:00,134.80465005712884,134.86412027691202,132.47529895112487,134.12071228027344,37240600,0.0,0.0
2023-11-20 00:00:00-05:00,132.51499265432358,135.45889034867287,132.44560062885284,135.052490234375,27815500,0.0,0.0
2023-11-21 00:00:00-05:00,135.09211259340776,135.9742895959558,134.76502634077858,135.76614379882812,22635300,0.0,0.0
2023-11-22 00:00:00-05:00,136.2617118855396,138.19456938157228,136.2617118855396,137.2727508544922,17813900,0.0,0.0
2023-11-24 00:00:00-05:00,136.8168204777558,136.91594760397751,134.79475717504624,135.4886016845703,12514300,0.0,0.0
2023-11-27 00:00:00-05:00,134.83440986857084,137.20340318020305,134.8046747532318,135.21107482910156,23436500,0.0,0.0
2023-11-28 00:00:00-05:00,134.8839589217478,136.0436736692128,134.2297562053289,135.99411010742188,18730000,0.0,0.0
2023-11-29 00:00:00-05:00,136.36086861217828,137.07452642949448,133.65485240517793,133.8035430908203,23967200,0.0,0.0
2023-11-30 00:00:00-05:00,133.86299783029165,134.3586031424181,130.12612954194947,131.36514282226562,38988300,0.0,0.0
2023-12-01 00:00:00-05:00,130.70103454589844,130.94883720390865,129.52149147382195,130.70103454589844,31442300,0.0,0.0
2023-12-04 00:00:00-05:00,128.73847408134492,128.88714966364367,126.7758732092741,128.1338348388672,36669900,0.0,0.0
2023-12-05 00:00:00-05:00,127.8166359971415,130.97860102647664,127.12279142754068,129.83871459960938,27384800,0.0,0.0
2023-12-06 00:00:00-05:00,130.28472982782802,130.68120803665548,128.73844363885704,128.87721252441406,23576200,0.0,0.0
2023-12-07 00:00:00-05:00,133.8530984180632,137.34216463354636,133.5160903794074,135.7264862060547,56767100,0.0,0.0
2023-12-08 00:00:00-05:00,133.0204781372603,135.20113873793494,132.85197412660608,133.8035430908203,32260100,0.0,0.0
2023-12-11 00:00:00-05:00,131.21646382988015,132.16801753433697,130.20542478480553,132.1184539794922,31138000,0.0,0.0
2023-12-12 00:00:00-05:00,130.65148882726206,131.83103206038206,130.10631988027265,131.35525512695312,29032800,0.0,0.0
2023-12-13 00:00:00-05:00,132.20769395702044,132.32663440647838,130.41360492921032,131.40481567382812,30104800,0.0,0.0
2023-12-14 00:00:00-05:00,132.2076647911836,132.54467274008545,128.5500955304784,130.7803192138672,38722400,0.0,0.0
2023-12-15 00:00:00-05:00,130.4631576026789,132.33654536584615,130.0270224409382,131.43455505371094,50847100,0.0,0.0
2023-12-18 00:00:00-05:00,131.46426381839478,135.9445247418158,131.26600960302858,134.6063995361328,32258000,0.0,0.0
2023-12-19 00:00:00-05:00,135.63729183585517,136.26175952392094,134.8839770194559,135.44895935058594,25476800,0.0,0.0
2023-12-20 00:00:00-05:00,137.74855205293554,140.45455302635412,136.85646847368653,137.12408447265625,49107200,0.0,0.0
2023-12-21 00:00:00-05:00,138.2639724149609,139.45342211326152,137.9566844233994,139.185791015625,27488300,0.0,0.0
2023-12-22 00:00:00-05:00,139.53274123600997,140.74201955858857,139.4732710110759,140.2464141845703,26532200,0.0,0.0
2023-12-26 00:00:00-05:00,140.3455151877592,141.42593118854055,139.94903696948103,140.27613830566406,16780300,0.0,0.0
2023-12-27 00:00:00-05:00,140.3455086401583,140.8312072908629,138.66045360407793,139.13623046875,19628600,0.0,0.0
2023-12-28 00:00:00-05:00,139.5426512492503,139.8994877320987,138.5217053642322,138.9974822998047,16045700,0.0,0.0
2023-12-29 00:00:00-05:00,138.40274901874815,139.12632856419143,137.56021390956434,138.46221923828125,18733000,0.0,0.0
2024-01-02 00:00:00-05:00,137.33223127309824,138.2243147607485,135.2804180769598,136.95556640625,23711200,0.0,0.0
2024-01-03 00:00:00-05:00,136.0436547238705,138.40274078957884,135.87515073698754,137.698974609375,24212100,0.0,0.0
2024-01-04 00:00:00-05:00,137.20337960162615,137.93688094484938,135.15158137245075,135.19122314453125,27137700,0.0,0.0
2024-01-05 00:00:00-05:00,135.54805692417742,135.9544569222083,133.9621138280285,134.53701782226562,22513900,0.0,0.0
2024-01-08 00:00:00-05:00,135.09209963177744,137.78819394542484,135.06236452075504,137.61968994140625,21404000,0.0,0.0
2024-01-09 00:00:00-05:00,137.28267283542516,140.24639807653827,136.93574306358877,139.7111358642578,24759600,0.0,0.0
2024-01-10 00:00:00-05:00,139.76070104634456,141.74312233778207,139.67149571815168,141.02944946289062,21320200,0.0,0.0
2024-01-11 00:00:00-05:00,142.2288332953947,143.9436236258308,139.40387666099627,140.8312225341797,24008700,0.0,0.0
2024-01-12 00:00:00-05:00,141.41605342795455,141.94139398064064,140.57353326075875,141.39622497558594,18785500,0.0,0.0
2024-01-16 00:00:00-05:00,140.75192640999762,143.08127772087843,140.20675747291105,141.2376251220703,22670500,0.0,0.0
2024-01-17 00:00:00-05:00,140.1076373156861,140.59332087480647,137.67915902138483,140.22657775878906,20968600,0.0,0.0
2024-01-18 00:00:00-05:00,140.80149369743117,142.9425126026269,140.74202347084398,142.2189178466797,25746400,0.0,0.0
2024-01-19 00:00:00-05:00,143.46785968269478,145.16282171685984,143.1110231821321,145.09344482421875,34271900,0.0,0.0
2024-01-22 00:00:00-05:00,145.80710794511032,147.0857631627537,144.55817271543333,144.7068634033203,32200400,0.0,0.0
2024-01-23 00:00:00-05:00,144.60771819556675,145.8863732533205,144.2211466548808,145.7476043701172,21636100,0.0,0.0
2024-01-24 00:00:00-05:00,147.2344232959612,148.53292195218594,146.79830331468807,147.3930206298828,25233500,0.0,0.0
2024-01-25 00:00:00-05:00,148.7509891835985,151.7047926793007,148.22563362553456,150.53515625,29149100,0.0,0.0
2024-01-26 00:00:00-05:00,149.77193994469403,151.19927062056652,149.68271948865382,150.85235595703125,26115500,0.0,0.0
2024-01-29 00:00:00-05:00,150.72348371697814,152.42836718497855,150.0990161895496,152.16073608398438,27784300,0.0,0.0
2024-01-30 00:00:00-05:00,151.4570029311418,152.26978786685433,149.86115304703833,150.1287841796875,36331800,0.0,0.0
2024-01-31 00:00:00-05:00,142.35767251765228,142.7343374146145,138.64063248081334,138.86862182617188,71910000,0.0,0.0
2024-02-01 00:00:00-05:00,140.8708500003378,141.8025904131777,139.55253804649774,139.91929626464844,40466500,0.0,0.0
2024-02-02 00:00:00-05:00,138.03596826473347,141.36643613716473,135.30023273992887,141.12855529785156,62499600,0.0,0.0
2024-02-05 00:00:00-05:00,141.56473326856243,144.1914358303926,141.5250763668689,142.4171600341797,38505400,0.0,0.0
2024-02-06 00:00:00-05:00,143.37861935248668,144.08238559279584,141.93146022405054,142.83346557617188,29128200,0.0,0.0
2024-02-07 00:00:00-05:00,143.4876448849679,144.3400866289689,142.66493824979582,144.2607879638672,25208900,0.0,0.0
2024-02-08 00:00:00-05:00,144.54824955155473,145.0438548719161,143.8246700187359,144.62754821777344,22563800,0.0,0.0
2024-02-09 00:00:00-05:00,145.39076798904887,148.1265190084021,144.89516267391085,147.6903839111328,26829500,0.0,0.0
2024-02-12 00:00:00-05:00,147.11549911454978,148.02741119835667,146.07472479210762,146.2333221435547,21564100,0.0,0.0
2024-02-13 00:00:00-05:00,143.6462512860247,145.3808699923918,142.42706637302987,143.86431884765625,27837700,0.0,0.0
2024-02-14 00:00:00-05:00,144.796071759894,145.23220692064015,142.82355687367422,144.6573028564453,22704200,0.0,0.0
2024-02-15 00:00:00-05:00,141.88192568321128,142.25859065996383,139.22548776733797,141.5151824951172,37590700,0.0,0.0
2024-02-16 00:00:00-05:00,141.7332189292563,141.9314580380152,138.90826247425002,139.28492736816406,31468900,0.0,0.0
2024-02-20 00:00:00-05:00,138.43249472896153,140.83122289008293,138.26399071915645,139.87965393066406,25144700,0.0,0.0
2024-02-21 00:00:00-05:00,140.20675080076072,141.43585751636738,139.44351432516038,141.29708862304688,23223300,0.0,0.0
2024-02-22 00:00:00-05:00,143.6561760762736,143.7255680931289,141.54490732630646,142.8235626220703,27191900,0.0,0.0
2024-02-23 00:00:00-05:00,142.40724256933106,143.40835995334845,142.16934655124388,142.6947021484375,19493800,0.0,0.0
2024-02-26 00:00:00-05:00,140.89069563143732,141.18806188186093,136.18244456120365,136.36087036132812,53641800,0.0,0.0
2024-02-27 00:00:00-05:00,136.8069057229925,138.02609065509074,135.8850719026194,137.6593475341797,33099200,0.0,0.0
2024-02-28 00:00:00-05:00,136.68794956560583,136.796983347661,134.21984460085443,135.1813201904297,37328600,0.0,0.0
2024-02-29 00:00:00-05:00,136.0734357433815,137.63955083330143,135.2011652819885,137.24307250976562,42133000,0.0,0.0
2024-03-01 00:00:00-05:00,137.21328646339086,137.6494215802847,135.71656378920932,135.93463134765625,31151100,0.0,0.0
2024-03-04 00:00:00-05:00,134.46765773338637,134.46765773338637,130.7506173169925,132.17796325683594,55999400,0.0,0.0
2024-03-05 00:00:00-05:00,130.72087171210643,132.06891886657937,129.5215001124862,131.50392150878906,40194800,0.0,0.0
2024-03-06 00:00:00-05:00,131.94995491359472,132.40591846062833,129.69991766152992,130.2450714111328,35318600,0.0,0.0
2024-03-07 00:00:00-05:00,131.62286181229678,133.75397388585452,130.45324044956945,133.1988983154297,37738200,0.0,0.0
2024-03-08 00:00:00-05:00,133.03039878127268,136.87628613042892,132.82223787303235,134.2198486328125,39370400,0.0,0.0
2024-03-11 00:00:00-04:00,134.93351836260592,137.8774153719074,134.93351836260592,136.45997619628906,32437800,0.0,0.0
2024-03-12 00:00:00-04:00,135.8256184588143,138.1549699529064,135.8256184588143,137.28269958496094,27563400,0.0,0.0
2024-03-13 00:00:00-04:00,137.7783056881699,139.8499326977314,137.7683990247307,138.5613555908203,23347200,0.0,0.0
2024-03-14 00:00:00-04:00,139.94903860620198,142.32793819304158,139.22545904327845,141.84225463867188,42753400,0.0,0.0
2024-03-15 00:00:00-04:00,141.24752279739727,141.9215388042357,138.7992311922684,139.93911743164062,49475400,0.0,0.0
2024-03-18 00:00:00-04:00,147.3038223387608,150.81270155253688,145.87647651462308,146.38198852539062,69273700,0.0,0.0
2024-03-19 00:00:00-04:00,146.8577896722865,147.4822421656298,144.79606947876087,145.7377166748047,24070400,0.0,0.0
2024-03-20 00:00:00-04:00,146.6991920761811,147.55163393242162,145.45027196690233,147.4326934814453,21311500,0.0,0.0
2024-03-21 00:00:00-04:00,148.15627845947205,149.04836212342065,145.60885946127715,146.30271911621094,24755600,0.0,0.0
2024-03-22 00:00:00-04:00,147.80931767778344,150.2477023731003,147.67054880079294,149.44482421875,29211800,0.0,0.0
2024-03-25 00:00:00-04:00,148.62214484045748,149.05827999793414,146.5207828540801,148.75100708007812,19229300,0.0,0.0
2024-03-26 00:00:00-04:00,148.8996613684721,150.92172438957977,148.66176537347607,149.345703125,22149100,0.0,0.0
2024-03-27 00:00:00-04:00,149.85124877307598,150.3072124181122,147.5912892491233,149.54397583007812,22879200,0.0,0.0
2024-03-28 00:00:00-04:00,149.52414052577765,150.09902942352818,148.85010938322958,149.60342407226562,24485400,0.0,0.0
2024-04-01 00:00:00-04:00,149.36553782442945,154.3711547175217,149.28623915611158,154.12335205078125,31730800,0.0,0.0
2024-04-02 00:00:00-04:00,152.15084190883346,153.34029171966787,150.81270141872292,153.20152282714844,24586000,0.0,0.0
2024-04-03 00:00:00-04:00,152.2499745660593,153.71696221529052,151.38761094398126,153.55836486816406,24705000,0.0,0.0
2024-04-04 00:00:00-04:00,152.15083657251893,153.40967834779974,149.12764102936788,149.20693969726562,34724700,0.0,0.0
2024-04-05 00:00:00-04:00,148.71136073150413,152.07156486544667,148.2851473312489,151.15965270996094,23459200,0.0,0.0
2024-04-08 00:00:00-04:00,151.4371847974656,153.9053051340792,151.2686807764452,153.48899841308594,20702000,0.0,0.0
2024-04-09 00:00:00-04:00,154.7180599469995,157.1663513551603,153.82597645097087,155.2235870361328,31079500,0.0,0.0
2024-04-10 00:00:00-04:00,154.8370311694787,155.23350940234246,153.3204648733208,154.76763916015625,22838600,0.0,0.0
2024-04-11 00:00:00-04:00,155.53089924835962,158.27654243330397,155.08485738751153,158.00892639160156,27166400,0.0,0.0
2024-04-12 00:00:00-04:00,156.57164779653132,158.81177851890706,155.758847768036,156.34365844726562,25353700,0.0,0.0
2024-04-15 00:00:00-04:00,157.46372881803066,157.8403937153416,153.23125499058935,153.49888610839844,27136500,0.0,0.0
2024-04-16 00:00:00-04:00,152.83479243864417,154.28195170620987,152.0814625667883,153.04293823242188,20779500,0.0,0.0
2024-04-17 00:00:00-04:00,154.25222171449875,155.69939615479163,153.22136912493693,154.10354614257812,21763100,0.0,0.0
2024-04-18 00:00:00-04:00,153.97465412709587,155.56059716944145,153.26098127050776,154.63876342773438,19883000,0.0,0.0
2024-04-19 00:00:00-04:00,154.8271274373676,154.98572479887758,150.96141127979288,152.7356719970703,32615600,0.0,0.0
2024-04-22 00:00:00-04:00,152.95373142080075,156.2544650981797,152.70592872842704,154.9064178466797,26446200,0.0,0.0
2024-04-23 00:00:00-04:00,155.58045659149803,157.57278489006907,154.90642537067149,156.8690185546875,21151600,0.0,0.0
2024-04-24 00:00:00-04:00,156.10579912051713,158.1675194626567,155.78860439495244,157.73138427734375,22779100,0.0,0.0
2024-04-25 00:00:00-04:00,149.99990858082532,155.11455913410575,149.5439450297003,154.6288604736328,57109700,0.0,0.0
2024-04-26 00:00:00-04:00,172.83741845240817,173.17444161155032,168.15890237210272,170.43869018554688,64665300,0.0,0.0
2024-04-29 00:00:00-04:00,167.57407825152322,168.05977693862212,163.75792613748897,164.6896514892578,45610000,0.0,0.0
2024-04-30 00:00:00-04:00,164.1544172520467,166.62253752967678,161.1708782605576,161.3492889404297,33562900,0.0,0.0
2024-05-01 00:00:00-04:00,162.8559349699541,165.65114151829926,161.656563265471,162.4197998046875,33493200,0.0,0.0
2024-05-02 00:00:00-04:00,163.34160023066508,165.26455135719664,162.4495166743879,165.155517578125,24294500,0.0,0.0
2024-05-03 00:00:00-04:00,166.08726012108556,166.4837534702782,161.61690537224646,165.77008056640625,34662400,0.0,0.0
2024-05-06 00:00:00-04:00,165.9881386196856,166.66215458769406,164.57069955510775,166.6225128173828,21871300,0.0,0.0
2024-05-07 00:00:00-04:00,167.01898291372035,170.25032396319247,166.90994914481348,169.74481201171875,28039700,0.0,0.0
2024-05-08 00:00:00-04:00,167.51460097970468,168.65448718502228,167.25689165384944,167.89126586914062,19569100,0.0,0.0
2024-05-09 00:00:00-04:00,167.90118913341487,169.18976613945827,166.70181746537216,168.4661865234375,15346700,0.0,0.0
2024-05-10 00:00:00-04:00,166.5531482403928,168.35715914244224,164.72932401226194,167.16769409179688,29799900,0.0,0.0
2024-05-13 00:00:00-04:00,162.81626817189104,167.7921502441081,162.5585588283877,167.65338134765625,31327600,0.0,0.0
2024-05-14 00:00:00-04:00,168.27785221350925,169.7448398794561,167.3163765820282,168.84283447265625,25127100,0.0,0.0
2024-05-15 00:00:00-04:00,169.13029325056647,171.13252805375882,169.01133767709646,170.99375915527344,26948400,0.0,0.0
2024-05-16 00:00:00-04:00,171.76691660178736,173.58083422008207,171.17219918369724,172.6490936279297,27867900,0.0,0.0
2024-05-17 00:00:00-04:00,172.64907697879545,174.72071889069628,172.1633934028928,174.51255798339844,24479300,0.0,0.0
2024-05-20 00:00:00-04:00,174.64141067889267,177.1987360270171,174.53237690001112,175.364990234375,22554400,0.0,0.0
2024-05-21 00:00:00-04:00,175.3451420671955,176.58415526757045,174.26472618639002,176.28680419921875,16989400,0.0,0.0
2024-05-22 00:00:00-04:00,175.08748232295628,175.5929944069066,173.6700580803842,174.82977294921875,17880000,0.0,0.0
2024-05-23 00:00:00-04:00,175.51367817186207,176.6832994864589,171.42987998310477,172.0246124267578,21024900,0.0,0.0
2024-05-24 00:00:00-04:00,173.44202828735197,174.22509313899903,172.12371636120923,173.4519500732422,16579400,0.0,0.0
2024-05-28 00:00:00-04:00,172.91669064448408,175.71191186906103,172.83739197945985,174.84954833984375,20572200,0.0,0.0
2024-05-29 00:00:00-04:00,173.88808788543193,175.2856986187846,173.1843367499764,174.3539581298828,23388700,0.0,0.0
2024-05-30 00:00:00-04:00,173.6601277568323,173.67995620758435,170.28009532573515,170.5972900390625,22931500,0.0,0.0
2024-05-31 00:00:00-04:00,170.34946671720675,171.53891649882755,167.9507387056137,170.9838409423828,37638900,0.0,0.0
2024-06-03 00:00:00-04:00,171.02346645598863,172.9959809508917,169.65560614326452,171.64793395996094,27459100,0.0,0.0
2024-06-04 00:00:00-04:00,171.75698494771635,172.3219822936052,170.37920271129525,172.2624969482422,26879600,0.0,0.0
2024-06-05 00:00:00-04:00,173.6601252146541,175.09737781727256,172.40128329216327,173.8682861328125,22068500,0.0,0.0
2024-06-06 00:00:00-04:00,174.3539443603167,175.59295765203206,174.20526881518043,175.17665100097656,23251000,0.0,0.0
2024-06-07 00:00:00-04:00,175.4938524938292,176.3066373799981,172.7680231459644,172.92662048339844,19661400,0.0,0.0
2024-06-10 00:00:00-04:00,173.63119590631558,175.70520037025813,171.43809934111798,173.67088317871094,23726700,0.2,0.0
2024-06-11 00:00:00-04:00,174.87160619376945,175.48685725053846,172.44035606018014,175.26853942871094,21540600,0.0,0.0
2024-06-12 00:00:00-04:00,176.8861134200364,179.0295897328755,174.762488316215,176.42962646484375,27864700,0.0,0.0
2024-06-13 00:00:00-04:00,174.76249121006225,175.38767559716823,173.54190682088802,173.81976318359375,20913300,0.0,0.0
2024-06-14 00:00:00-04:00,172.886928506799,175.7051941501706,172.81745685502335,175.437255859375,18063600,0.0,0.0
2024-06-17 00:00:00-04:00,174.1174408030097,176.99524483970762,173.47240531751984,175.88381958007812,19618500,0.0,0.0
2024-06-18 00:00:00-04:00,175.78459187073935,176.03267896636487,172.76785945042823,173.75027465820312,21869900,0.0,0.0
2024-06-20 00:00:00-04:00,174.02811225809378,175.9334191303285,173.65103020992316,174.9510040283203,20160100,0.0,0.0
2024-06-21 00:00:00-04:00,175.645657934706,179.466205138687,175.2586426839211,178.2555389404297,57759000,0.0,0.0
2024-06-24 00:00:00-04:00,178.78147315371626,179.5058831721026,177.30286873730756,177.84866333007812,18298000,0.0,0.0
2024-06-25 00:00:00-04:00,178.24559704633074,182.87986179667686,178.04713041446374,182.62185668945312,23130200,0.0,0.0
2024-06-26 00:00:00-04:00,181.2325870029249,183.09819163519248,181.08372566274275,182.4730224609375,19839000,0.0,0.0
2024-06-27 00:00:00-04:00,182.77070317530075,184.6264047984624,182.61193895476885,183.99130249023438,18848900,0.0,0.0
2024-06-28 00:00:00-04:00,182.90965002904287,183.71344974735644,180.56770738280355,180.75624084472656,29156600,0.0,0.0
2024-07-01 00:00:00-04:00,181.6295157623823,182.4730179096056,179.91275737108273,181.58982849121094,16006100,0.0,0.0
2024-07-02 00:00:00-04:00,180.65702287018632,184.15009335463083,180.17076672022137,183.82261657714844,17372500,0.0,0.0
2024-07-03 00:00:00-04:00,183.43559898745033,184.666101253454,182.59209683114494,184.39817810058594,10242100,0.0,0.0
2024-07-05 00:00:00-04:00,184.4378798117953,189.39962196196515,184.37834132871893,189.14161682128906,20967500,0.0,0.0
2024-07-08 00:00:00-04:00,188.44695643270228,188.71489474236242,186.3431826553111,187.5836181640625,21035900,0.0,0.0
2024-07-09 00:00:00-04:00,188.85380640623399,189.89577517091524,187.27597621110633,187.5339813232422,15121400,0.0,0.0
2024-07-10 00:00:00-04:00,187.7026819141074,190.28279364749721,187.5836049591009,189.71714782714844,15952500,0.0,0.0
2024-07-11 00:00:00-04:00,188.39731944685417,189.39958571826102,183.6638141016308,184.1500701904297,25625800,0.0,0.0
2024-07-12 00:00:00-04:00,183.66384869720036,185.67831479276816,183.07836675932379,183.6539306640625,22898400,0.0,0.0
2024-07-15 00:00:00-04:00,183.50505596969933,186.79965977611926,183.50505596969933,185.1027374267578,16474000,0.0,0.0
2024-07-16 00:00:00-04:00,185.92640693432898,187.23629901966027,181.96693115200853,182.51272583007812,18290700,0.0,0.0
2024-07-17 00:00:00-04:00,181.56997921247492,182.14554307379208,178.52346250305996,179.63490295410156,20734100,0.0,0.0
2024-07-18 00:00:00-04:00,180.53793067512186,181.10357651103143,175.11971708479683,176.33038330078125,25315700,0.0,0.0
2024-07-19 00:00:00-04:00,177.511279614787,178.9104792954856,175.77466998349036,176.3006134033203,18881900,0.0,0.0
2024-07-22 00:00:00-04:00,179.2081844529357,181.30204007198228,178.85093844213043,180.27992248535156,24100300,0.0,0.0
2024-07-23 00:00:00-04:00,180.65702234023118,182.205083362309,180.15091498468195,180.3990020751953,36352700,0.0,0.0
2024-07-24 00:00:00-04:00,172.2716763828317,174.84185492699467,170.5052975643539,171.30909729003906,49585200,0.0,0.0
2024-07-25 00:00:00-04:00,171.1999570513624,172.09306459024975,165.91073805088556,166.0000457763672,44852000,0.0,0.0
2024-07-26 00:00:00-04:00,165.8710141586151,166.80382399385917,162.8046615111257,165.72216796875,41336900,0.0,0.0
2024-07-29 00:00:00-04:00,167.5381777702437,169.12592608314606,166.70460877031735,168.23281860351562,20293800,0.0,0.0
2024-07-30 00:00:00-04:00,168.93739420618675,169.91980941464726,167.15116408802947,168.98699951171875,18959700,0.0,0.0
2024-07-31 00:00:00-04:00,171.9144211788754,172.91668748879763,168.70912533779483,170.2274169921875,25729100,0.0,0.0
2024-08-01 00:00:00-04:00,168.94730744825696,172.718234225876,167.58779504728142,169.45339965820312,24531400,0.0,0.0
2024-08-02 00:00:00-04:00,165.1664630337912,167.22061625981866,163.41000220136607,165.38478088378906,29130100,0.0,0.0
2024-08-05 00:00:00-04:00,154.3101575722687,163.17182044634595,153.74451178437454,158.03146362304688,53630700,0.0,0.0
2024-08-06 00:00:00-04:00,158.11086239581772,159.34137978517677,155.2132070680051,157.0788116455078,49004600,0.0,0.0
2024-08-07 00:00:00-04:00,160.01613770044082,161.73289574421796,157.25741108044065,157.72381591796875,25138600,0.0,0.0
2024-08-08 00:00:00-04:00,159.28178778384728,162.43746260983832,158.9840954680248,160.7901611328125,25578800,0.0,0.0
2024-08-09 00:00:00-04:00,158.78564981676743,162.53672526881738,157.84292193770273,162.4176483154297,28602300,0.0,0.0
2024-08-12 00:00:00-04:00,163.09243732479868,163.63821673656008,160.60163358167628,161.04818725585938,15895300,0.0,0.0
2024-08-13 00:00:00-04:00,162.1596237343071,163.46951549041373,161.72298810159427,162.9038848876953,18551700,0.0,0.0
2024-08-14 00:00:00-04:00,161.1573644799167,161.97109738750262,156.50326348113867,159.1428985595703,40591100,0.0,0.0
2024-08-15 00:00:00-04:00,159.27191417011724,160.40319071181239,158.388724722145,160.0657958984375,31524300,0.0,0.0
2024-08-16 00:00:00-04:00,160.23448454041534,163.79701137732062,159.8970897454957,161.7130889892578,24208600,0.0,0.0
2024-08-19 00:00:00-04:00,164.01533548402497,165.4145503036196,163.0031359185699,165.3946990966797,22416200,0.0,0.0
2024-08-20 00:00:00-04:00,165.62294626435101,167.34963797695062,165.54357171525163,165.9008026123047,18341500,0.0,0.0
2024-08-21 00:00:00-04:00,163.8863376356894,165.57334208523812,163.41001462767,164.58099365234375,22902000,0.0,0.0
2024-08-22 00:00:00-04:00,165.9801625781286,166.30763931714822,162.06039002531082,162.54664611816406,22493300,0.0,0.0
2024-08-23 00:00:00-04:00,163.45959957039315,164.9084194881608,162.5764102626484,164.3527069091797,13955700,0.0,0.0
2024-08-26 00:00:00-04:00,165.106913416324,166.26795909914733,163.20160651563705,164.8885955810547,14190400,0.0,0.0
2024-08-27 00:00:00-04:00,164.5710342489987,165.16644927065664,163.20160392643822,163.41990661621094,11821900,0.0,0.0
2024-08-28 00:00:00-04:00,163.77717314609376,164.33290096897073,160.29403571593602,161.60394287109375,16407400,0.0,0.0
2024-08-29 00:00:00-04:00,163.05275436266322,164.70005625165825,159.02382249929119,160.5421142578125,19699800,0.0,0.0
2024-08-30 00:00:00-04:00,161.37567316665184,162.4077238619854,160.45279653031872,162.12986755371094,22123800,0.0,0.0
2024-09-03 00:00:00-04:00,160.48256877218185,160.61157889702227,155.28265821334085,156.1559295654297,38945300,0.0,0.0
2024-09-04 00:00:00-04:00,155.4612989897302,157.78339053713182,154.76665816042646,155.25289916992188,19353800,0.0,0.0
2024-09-05 00:00:00-04:00,155.1040553313884,158.22994668183233,154.78649658056972,156.036865234375,18688700,0.0,0.0
2024-09-06 00:00:00-04:00,156.09638450541732,156.62232787245784,149.39803374273566,149.76519775390625,37912100,0.0,0.0
2024-09-09 00:00:00-04:00,151.54387525137955,152.4282366790671,146.28739297802653,147.76795959472656,39260500,0.2,0.0
2024-09-10 00:00:00-04:00,149.4969156283568,150.31172831197244,147.40028159964342,147.71826171875,31118800,0.0,0.0
2024-09-11 00:00:00-04:00,148.97025775559644,150.54025030429756,146.5854677760219,150.20240783691406,29607700,0.0,0.0
2024-09-12 00:00:00-04:00,152.82567601120004,153.83921852992611,151.68295219399317,153.7100372314453,29621500,0.0,0.0
2024-09-13 00:00:00-04:00,154.44535510677574,157.37667920350046,154.2267627397466,156.46250915527344,29591200,0.0,0.0
2024-09-16 00:00:00-04:00,156.313451749423,157.2474993531957,155.60795803142506,157.05870056152344,18379800,0.0,0.0
2024-09-17 00:00:00-04:00,158.0126274199818,159.53293380012653,157.3766823666018,158.31072998046875,20715600,0.0,0.0
2024-09-18 00:00:00-04:00,158.84729370623916,159.4832387245749,157.59528121573842,158.797607421875,23677300,0.0,0.0
2024-09-19 00:00:00-04:00,162.67293084972206,162.7524107202581,160.31793409819053,161.1128692626953,26587700,0.0,0.0
2024-09-20 00:00:00-04:00,162.46425419413836,162.69279293629415,161.03337393309369,162.55368041992188,40896400,0.0,0.0
2024-09-23 00:00:00-04:00,163.3088698512438,164.4416474906759,160.64583942390462,160.82470703125,24150900,0.0,0.0
2024-09-24 00:00:00-04:00,161.99723481368196,162.18603362584003,159.67206190654358,161.2619171142578,23332100,0.0,0.0
2024-09-25 00:00:00-04:00,160.44708717648132,161.77859462440557,160.27816594760657,160.4669647216797,18869200,0.0,0.0
2024-09-26 00:00:00-04:00,162.60335078741144,163.0405658423745,161.25196569121914,161.69911193847656,20319300,0.0,0.0
2024-09-27 00:00:00-04:00,161.7786297424913,164.65032158098356,161.5997772832552,162.91140747070312,21101300,0.0,0.0
2024-09-30 00:00:00-04:00,162.2853907035285,165.09744958161895,162.22575806160205,164.7993621826172,20413900,0.0,0.0
2024-10-01 00:00:00-04:00,166.62769139519463,168.08838020304094,163.53739254376728,165.93212890625,28338100,0.0,0.0
2024-10-02 00:00:00-04:00,165.3657609999376,166.45879878634457,163.68646438360673,164.80931091308594,17760200,0.0,0.0
2024-10-03 00:00:00-04:00,163.36849940346053,165.584368557219,162.88159799640147,164.80931091308594,15073100,0.0,0.0
2024-10-04 00:00:00-04:00,166.99535885279488,167.16428010496523,164.4317010051406,166.00169372558594,19047400,0.0,0.0
2024-10-07 00:00:00-04:00,166.65751850550026,167.4126985535878,161.71900154638254,161.94754028320312,22463100,0.0,0.0
2024-10-08 00:00:00-04:00,162.901468985077,163.68645779124333,161.8382399845631,163.33868408203125,23072700,0.0,0.0
2024-10-09 00:00:00-04:00,162.41456443992033,163.7957583809211,158.72807525360884,160.8346405029297,31181800,0.0,0.0
2024-10-10 00:00:00-04:00,159.8509116423071,162.03698715416354,159.38388779769477,161.05325317382812,14144100,0.0,0.0
2024-10-11 00:00:00-04:00,161.10293319324816,162.86170956550862,160.21857182956228,162.20590209960938,15344300,0.0,0.0
2024-10-14 00:00:00-04:00,162.60336327926677,165.17695235890986,162.36487818674945,163.91500854492188,19016100,0.0,0.0
2024-10-15 00:00:00-04:00,164.73974614754195,166.61777276120088,163.5871060435806,164.41184997558594,20247200,0.0,0.0
2024-10-16 00:00:00-04:00,163.48770991975573,164.74966878217245,162.70272119940034,164.1137237548828,16406000,0.0,0.0
2024-10-17 00:00:00-04:00,164.68009211171315,165.31603708942265,161.72890592209077,161.8978271484375,21453400,0.0,0.0
2024-10-18 00:00:00-04:00,162.1562268737477,163.66660222742627,162.04692309495266,162.384765625,19757700,0.0,0.0
2024-10-21 00:00:00-04:00,161.9177244301946,163.45790836208016,161.58981312891888,163.0306396484375,20946500,0.0,0.0
2024-10-22 00:00:00-04:00,161.94755157914383,164.719886004102,161.94755157914383,164.0938720703125,16568100,0.0,0.0
2024-10-23 00:00:00-04:00,163.71626254064074,164.76956032222017,160.90418838301372,161.74880981445312,18280500,0.0,0.0
2024-10-24 00:00:00-04:00,161.79849749810091,162.29533007096418,159.9900196550578,161.68919372558594,22412500,0.0,0.0
2024-10-25 00:00:00-04:00,162.63315236060092,164.54098738372983,162.38473610505613,164.2230224609375,19828900,0.0,0.0
2024-10-28 00:00:00-04:00,167.68100328825437,167.68100328825437,162.91140727340738,165.6638641357422,32138600,0.0,0.0
2024-10-29 00:00:00-04:00,166.66742827978365,169.3006496598447,166.0314832783505,168.60507202148438,42169000,0.0,0.0
2024-10-30 00:00:00-04:00,179.53541113405987,180.86693395167478,172.95735272555387,173.35482788085938,68890800,0.0,0.0
2024-10-31 00:00:00-04:00,172.03322375098372,175.6998499725552,169.91671248048732,170.02601623535156,44769000,0.0,0.0
2024-11-01 00:00:00-04:00,168.99262234877236,171.22836871150324,167.81015851321018,170.2048797607422,31796500,0.0,0.0
2024-11-04 00:00:00-05:00,168.8535086611848,169.64844379948434,166.9456734265419,168.1678924560547,21492700,0.0,0.0
2024-11-05 00:00:00-05:00,168.35670017423647,169.44973804099592,167.77044130121493,168.6647491455078,18242100,0.0,0.0
2024-11-06 00:00:00-05:00,172.69900637438644,175.81911434381482,172.4009037964916,175.39183044433594,33695500,0.0,0.0
2024-11-07 00:00:00-05:00,176.2861274447148,179.93287650946746,176.06751991171046,179.60496520996094,25352900,0.0,0.0
2024-11-08 00:00:00-05:00,179.50560202546419,179.7540183112244,176.95189049215537,177.22018432617188,22006200,0.0,0.0
2024-11-11 00:00:00-05:00,177.44872793439595,179.40624953288767,177.33942415917616,179.20751953125,17450400,0.0,0.0
2024-11-12 00:00:00-05:00,178.6808819487348,181.33396618962504,178.25359803223796,180.46946716308594,25134900,0.0,0.0
2024-11-13 00:00:00-05:00,179.31680352847516,179.81363605883408,177.40895326922643,177.74681091308594,23184000,0.0,0.0
2024-11-14 00:00:00-05:00,177.15063600875868,177.68722372380293,173.2157301883655,174.46774291992188,31007500,0.0,0.0
2024-11-15 00:00:00-05:00,172.62942807176185,173.03683438867833,170.1353342086739,171.3972930908203,32504600,0.0,0.0
2024-11-18 00:00:00-05:00,172.32140362031606,174.32861141194803,171.80469351153303,174.1894989013672,20135300,0.0,0.0
2024-11-19 00:00:00-05:00,172.61951742744716,177.7368870735365,172.4605273586821,176.99163818359375,23434900,0.0,0.0
2024-11-20 00:00:00-05:00,176.21655843045156,176.5544009125721,172.67911323618793,174.86517333984375,18997100,0.0,0.0
2024-11-21 00:00:00-05:00,172.79836977486937,173.02692368437366,162.662987910428,166.56809997558594,59734400,0.0,0.0
2024-11-22 00:00:00-05:00,164.79936934193785,165.40550568311707,162.8617101914929,163.7162628173828,38604600,0.0,0.0
2024-11-25 00:00:00-05:00,165.0378213787698,167.56173904858872,164.56086640923021,166.5879364013672,33135300,0.0,0.0
2024-11-26 00:00:00-05:00,166.5680936524055,168.74422275300518,166.5184073625678,168.04864501953125,20486700,0.0,0.0
2024-11-27 00:00:00-05:00,167.92942023182215,168.40637528649307,166.95563257291508,168.157958984375,19266500,0.0,0.0
2024-11-29 00:00:00-05:00,167.43256870496816,168.35666996658753,166.10106111500806,167.8797149658203,14257200,0.0,0.0
2024-12-02 00:00:00-05:00,167.70085532970873,170.98988423095403,167.50212535142776,170.40362548828125,23789100,0.0,0.0
2024-12-03 00:00:00-05:00,170.40363650165742,171.5860852555961,169.7676914327812,170.25457763671875,22248700,0.0,0.0
2024-12-04 00:00:00-05:00,170.06574802930507,173.8019378989656,169.97632182381818,173.26535034179688,31615100,0.0,0.0
2024-12-05 00:00:00-05:00,174.24911120663256,174.9446737388749,171.2383071896845,171.5463409423828,21356200,0.0,0.0
2024-12-06 00:00:00-05:00,170.94022556750923,173.97090750291954,170.77130430056872,173.60325622558594,21462400,0.0,0.0
2024-12-09 00:00:00-05:00,173.05607839120185,175.3441150228254,172.74767645767284,174.458740234375,25389600,0.2,0.0
2024-12-10 00:00:00-05:00,181.8998876981403,185.3916437019826,180.10923775533584,184.20782470703125,54813000,0.0,0.0
2024-12-11 00:00:00-05:00,184.3471064632806,194.59358956818772,183.88950517431252,194.38467407226562,67894100,0.0,0.0
2024-12-12 00:00:00-05:00,193.9867519757691,194.16580938373951,190.71385396756912,190.96255493164062,34817500,0.0,0.0
2024-12-13 00:00:00-05:00,190.01749841639386,191.72856243728444,188.65462185235455,188.8336944580078,25143500,0.0,0.0
2024-12-16 00:00:00-05:00,191.8678225512729,197.96597529078676,191.6191215772895,195.6381378173828,44934900,0.0,0.0
2024-12-17 00:00:00-05:00,196.2250798486302,200.37341051362353,193.9668706236853,194.4045867919922,43504000,0.0,0.0
2024-12-18 00:00:00-05:00,194.2056368053088,195.976386699195,186.764507184961,187.4210662841797,34166100,0.0,0.0
2024-12-19 00:00:00-05:00,190.63427019379503,192.0269895380088,187.40115762090377,187.5304718017578,32265200,0.0,0.0
2024-12-20 00:00:00-05:00,184.81468445746083,191.88774144921763,184.2575966505468,190.41543579101562,63462900,0.0,0.0
2024-12-23 00:00:00-05:00,191.6191173596315,194.0862418964859,189.16195057639908,193.61868286132812,25675000,0.0,0.0
2024-12-24 00:00:00-05:00,193.82759815006608,195.09100341796875,192.7731083908338,195.09100341796875,10403300,0.0,0.0
2024-12-26 00:00:00-05:00,194.13597478356786,195.72766709348628,193.36998671071595,194.58364868164062,12046600,0.0,0.0
2024-12-27 00:00:00-05:00,193.93703071352402,194.30511850410315,189.6593706110804,191.75840759277344,18891400,0.0,0.0
2024-12-30 00:00:00-05:00,188.8137872976618,191.5494980812226,188.13731273783964,190.24630737304688,14264700,0.0,0.0
2024-12-31 00:00:00-05:00,190.0871254076539,190.96255767118524,187.53047217416017,188.31637573242188,17466900,0.0,0.0
2025-01-02 00:00:00-05:00,189.65937128935172,191.00236272405684,186.52574484771176,188.44570922851562,20370800,0.0,0.0
2025-01-03 00:00:00-05:00,190.37562593745199,192.20607673113864,188.9928490622425,190.79344177246094,18596200,0.0,0.0
2025-01-06 00:00:00-05:00,192.97204809761033,197.19002191956164,192.84273391814992,195.84703063964844,29563600,0.0,0.0
2025-01-07 00:00:00-05:00,196.085805432373,199.95559215597262,193.5888530048973,194.47422790527344,26487200,0.0,0.0
2025-01-08 00:00:00-05:00,191.5693958945213,195.27005246800397,191.3803807232366,192.9422149658203,24864800,0.0,0.0
2025-01-10 00:00:00-05:00,193.29041142782185,195.49887742154428,189.32113818407666,191.04214477539062,26665200,0.0,0.0
2025-01-13 00:00:00-05:00,189.08238366148746,190.1866014129224,186.38645842630518,190.01748657226562,21823700,0.0,0.0
2025-01-14 00:00:00-05:00,190.2462913969121,190.98243652196967,187.33150825894856,188.67449951171875,17174900,0.0,0.0
2025-01-15 00:00:00-05:00,192.08668076451275,195.33969375687735,190.8630762218721,194.53390502929688,21776000,0.0,0.0
2025-01-16 00:00:00-05:00,193.1312278332848,194.46426141133438,191.8081368295779,191.90762329101562,17815400,0.0,0.0
2025-01-17 00:00:00-05:00,195.50879694346804,196.20515659372487,192.74324348994662,194.98155212402344,27735100,0.0,0.0
2025-01-21 00:00:00-05:00,198.03562405056638,201.23887871445535,196.84184720049228,197.0209197998047,29971300,0.0,0.0
2025-01-22 00:00:00-05:00,198.02566579041408,199.43828553458843,196.5036170079127,197.33924865722656,26200600,0.0,0.0
2025-01-23 00:00:00-05:00,197.11045095911172,199.25923110054313,194.18572496319172,196.95127868652344,26951400,0.0,0.0
2025-01-24 00:00:00-05:00,197.07067128135972,199.85611023612495,196.97118481318788,199.16970825195312,23877500,0.0,0.0
2025-01-27 00:00:00-05:00,191.41022766272687,195.85700244066396,189.73894916830926,190.81333923339844,41728900,0.0,0.0
2025-01-28 00:00:00-05:00,191.7484641400102,194.46427471258818,189.68921264751984,194.28521728515625,24157900,0.0,0.0
2025-01-29 00:00:00-05:00,194.54386784853932,195.76747251851242,192.4249304706921,194.3946533203125,18218300,0.0,0.0
2025-01-30 00:00:00-05:00,196.97119600589963,200.35352360288593,196.64290885768258,199.82627868652344,24354700,0.0,0.0
2025-01-31 00:00:00-05:00,200.95040684244714,204.41232049224394,200.75144907949408,202.9599151611328,32001100,0.0,0.0
2025-02-03 00:00:00-05:00,199.64721499071638,202.69131276848185,199.0602842802592,200.1844024658203,27838300,0.0,0.0
2025-02-04 00:00:00-05:00,202.33316333940303,205.9741492335506,201.75617525949693,205.30763244628906,43856400,0.0,0.0
2025-02-05 00:00:00-05:00,190.0771871408914,191.74845039513906,187.05297480534406,190.33583068847656,70373900,0.0,0.0
2025-02-06 00:00:00-05:00,188.5153520057582,191.10184839531686,187.73940612479137,190.6044464111328,29297400,0.0,0.0
2025-02-07 00:00:00-05:00,190.05729013281342,190.18660431911357,182.28787402069702,184.376953125,49315000,0.0,0.0
2025-02-10 00:00:00-05:00,186.37651565839897,187.22208986080463,184.89425239135454,185.50108337402344,23105600,0.0,0.0
2025-02-11 00:00:00-05:00,184.0685692836796,185.96864842614565,183.3224663388948,184.35707092285156,21239500,0.0,0.0
2025-02-12 00:00:00-05:00,182.26798713648407,184.14816605879201,180.88521020610418,182.6559600830078,22072600,0.0,0.0
2025-02-13 00:00:00-05:00,183.3622856084759,185.31209300157155,182.18840896285295,185.17282104492188,21402500,0.0,0.0
2025-02-14 00:00:00-05:00,184.09843274259524,185.43146650970297,183.36228746976212,184.26754760742188,20448400,0.0,0.0
2025-02-18 00:00:00-05:00,184.6356329562648,184.9937630121433,180.79568881581937,182.8151397705078,29916700,0.0,0.0
2025-02-19 00:00:00-05:00,183.11355043751632,184.496327170372,182.63603366423376,184.30731201171875,19549400,0.0,0.0
2025-02-20 00:00:00-05:00,183.83977159439488,184.34711614040583,181.77057757262898,183.60101318359375,20441500,0.0,0.0
2025-02-21 00:00:00-05:00,184.18795032658747,184.37696551099646,178.14949807767616,178.7264862060547,35199200,0.0,0.0
2025-02-24 00:00:00-05:00,181.0444027181933,182.1685210235074,177.96050395181396,178.31863403320312,29854200,0.0,0.0
2025-02-25 00:00:00-05:00,177.11488051844918,177.81125539535978,173.7822965453186,174.5084991455078,41913400,0.0,0.0
2025-02-26 00:00:00-05:00,174.1603418876601,175.16508845335508,170.68847049649932,171.83248901367188,35431300,0.0,0.0
2025-02-27 00:00:00-05:00,173.08594510447406,173.65297546387492,167.06737815788244,167.6244659423828,39991000,0.0,0.0
2025-02-28 00:00:00-05:00,167.80351036476668,169.7234897370402,165.90344649975822,169.39520263671875,48130600,0.0,0.0
2025-03-03 00:00:00-05:00,171.0366301036563,172.46915017235435,165.06780660374991,166.14219665527344,40770500,0.0,0.0
2025-03-04 00:00:00-05:00,165.37618594470803,172.38954045404643,164.938469852542,170.0318603515625,45388000,0.0,0.0
2025-03-05 00:00:00-05:00,169.63396197807168,172.87701716435777,168.18154163334694,172.1209716796875,30954900,0.0,0.0
2025-03-06 00:00:00-05:00,169.6439021909127,173.9016615264532,169.6140592892689,171.45445251464844,28302000,0.0,0.0
2025-03-07 00:00:00-05:00,170.37010783184354,174.06083692312112,169.38526170085638,172.95660400390625,27385800,0.0,0.0
2025-03-10 00:00:00-04:00,167.57848498247546,167.77768707285077,163.02700292073365,165.1981658935547,43604000,0.2,0.0
2025-03-11 00:00:00-04:00,164.24206639490993,166.074610170201,160.71639599552714,163.37557983398438,39587400,0.0,0.0
2025-03-12 00:00:00-04:00,165.90529913170525,166.96100335852913,162.86764957538162,166.4331512451172,28372400,0.0,0.0
2025-03-13 00:00:00-04:00,165.36748287025196,165.45712989370372,161.4534078114044,162.10076904296875,31756200,0.0,0.0
2025-03-14 00:00:00-04:00,162.60870791000892,165.81566708355933,161.79202188086273,164.81971740722656,31995900,0.0,0.0
2025-03-17 00:00:00-04:00,164.36156568984055,165.6264259709924,163.00707358955603,163.6245574951172,31184300,0.0,0.0
2025-03-18 00:00:00-04:00,163.01701346080097,163.58471199332098,156.08521317066442,160.0192108154297,42074800,0.0,0.0
2025-03-19 00:00:00-04:00,161.10480349722013,165.19815700358515,160.3478872642785,163.22618103027344,34275600,0.0,0.0
2025-03-20 00:00:00-04:00,160.91559589904986,164.22214090970084,160.30806599087495,162.14060974121094,28138500,0.0,0.0
2025-03-21 00:00:00-04:00,160.55705156299513,163.57477782056455,160.2383403768693,163.32579040527344,36625800,0.0,0.0
2025-03-24 00:00:00-04:00,166.39330929919817,167.6382463166508,164.47111864181912,167.00082397460938,30879100,0.0,0.0
2025-03-25 00:00:00-04:00,168.2955839776117,169.93891017820465,167.63826869436164,169.8691864013672,24174400,0.0,0.0
2025-03-26 00:00:00-04:00,168.31549307909538,168.92302298152063,164.17233883294872,164.39144897460938,28901600,0.0,0.0
2025-03-27 00:00:00-04:00,163.96320493120362,164.7499985121227,161.34385234187698,161.5828857421875,24508300,0.0,0.0
2025-03-28 00:00:00-04:00,159.8399478606563,161.16456257842086,153.00773337780885,153.70489501953125,48669300,0.0,0.0
2025-03-31 00:00:00-04:00,152.489854834344,154.91000524190235,150.04978117819655,154.01365661621094,54603500,0.0,0.0
2025-04-01 00:00:00-04:00,152.99778409802235,157.45964958057314,152.99778409802235,156.43382263183594,30672900,0.0,0.0
2025-04-02 00:00:00-04:00,154.52155623121885,157.7683612723421,154.07338200320004,156.40390014648438,25041700,0.0,0.0
2025-04-03 00:00:00-04:00,150.49794733089453,152.16118136873095,149.78086239042807,150.10952758789062,46883400,0.0,0.0
2025-04-04 00:00:00-04:00,147.41049617328275,150.45811474262314,144.79115903527634,145.01026916503906,62259500,0.0,0.0
2025-04-07 00:00:00-04:00,140.9766740613606,152.23090799124293,139.96080117715204,146.15560913085938,76794100,0.0,0.0
2025-04-08 00:00:00-04:00,150.60750263275938,151.62337549950988,142.45067281990836,144.11390686035156,52200200,0.0,0.0
2025-04-09 00:00:00-04:00,143.8350407612742,158.90376321404577,143.32711193141117,158.06716918945312,70406200,0.0,0.0
2025-04-10 00:00:00-04:00,155.90596893520956,157.08119755588638,149.32274040564454,152.2010498046875,48022000,0.0,0.0
2025-04-11 00:00:00-04:00,152.28070771093053,157.03139218045564,152.2010451058409,156.5035400390625,33636200,0.0,0.0
2025-04-14 00:00:00-04:00,159.3519614550363,161.06499625643693,156.92184161132906,158.4257354736328,30333000,0.0,0.0
2025-04-15 00:00:00-04:00,158.48548058954378,159.00336349160088,154.58135959003184,155.67689514160156,27551500,0.0,0.0
2025-04-16 00:00:00-04:00,152.47990494067977,155.2585979132132,150.8963333701315,152.70896911621094,28187400,0.0,0.0
2025-04-17 00:00:00-04:00,153.66505665607545,154.0534763910807,147.8985151753075,150.54774475097656,33046600,0.0,0.0
2025-04-21 00:00:00-04:00,148.2769899279801,148.346698501599,145.50825109483685,147.07188415527344,26049100,0.0,0.0
2025-04-22 00:00:00-04:00,148.28695422864388,151.57359136677536,147.93836574543795,150.85650634765625,26971800,0.0,0.0
2025-04-23 00:00:00-04:00,154.9797361333446,156.8919577671247,153.18702360261742,154.72079467773438,31128800,0.0,0.0
2025-04-24 00:00:00-04:00,155.51754490565963,158.94361442258594,155.1590023934932,158.63487243652344,45894000,0.0,0.0
2025-04-25 00:00:00-04:00,164.4014202116321,165.42724716152773,160.38772903857225,161.30401611328125,56034000,0.0,0.0
2025-04-28 00:00:00-04:00,161.7721085344851,162.4891935610974,157.95763441398879,159.95948791503906,29745800,0.0,0.0
2025-04-29 00:00:00-04:00,159.6706470871033,160.088944095257,156.88198516909392,159.51129150390625,26809000,0.0,0.0
2025-04-30 00:00:00-04:00,157.34012853089786,158.62491214751483,154.7705764946502,158.1568145751953,34981100,0.0,0.0
2025-05-01 00:00:00-04:00,159.80011945187778,161.29404393761732,158.26636366652554,160.6466827392578,30203200,0.0,0.0
2025-05-02 00:00:00-04:00,162.7481167388763,164.3017955779231,161.21434594864942,163.3656005859375,25715000,0.0,0.0
2025-05-05 00:00:00-04:00,162.3397856484502,164.72010459701127,162.06092097475153,163.54489135742188,21341800,0.0,0.0
2025-05-06 00:00:00-04:00,161.51314352018753,164.13249581033162,160.53711717512775,162.56884765625,21277200,0.0,0.0
2025-05-07 00:00:00-04:00,163.4154348555188,164.3317067909572,147.2412056374208,150.76687622070312,127490100,0.0,0.0
2025-05-08 00:00:00-04:00,154.37219053033292,155.29841637896206,152.28069025725696,153.6551055908203,57498700,0.0,0.0
2025-05-09 00:00:00-04:00,153.5455484927057,154.42198900650553,151.58352655875794,152.1313018798828,32435300,0.0,0.0
2025-05-12 00:00:00-04:00,156.85213429722808,158.45561403019718,155.61715111506345,157.81820678710938,44138800,0.0,0.0
2025-05-13 00:00:00-04:00,158.14684186881533,159.9196462677562,155.52750456311006,158.88385009765625,42382100,0.0,0.0
2025-05-14 00:00:00-04:00,159.3121190412647,166.32359816964652,158.9635305710967,164.7001953125,48755900,0.0,0.0
2025-05-15 00:00:00-04:00,165.1682887318073,165.53680044166376,161.71234217984835,163.29591369628906,33146700,0.0,0.0
2025-05-16 00:00:00-04:00,167.05061660833445,168.66406524073284,164.94916241420358,165.51686096191406,42846900,0.0,0.0
2025-05-19 00:00:00-04:00,163.84368649742183,165.9650643097772,163.55486775907139,165.86546325683594,30426100,0.0,0.0
2025-05-20 00:00:00-04:00,165.75588463789506,167.8175076045031,162.24018376555952,163.31581115722656,46607700,0.0,0.0
2025-05-21 00:00:00-04:00,163.02700354080346,172.43872486137178,162.89752522096424,167.8772735595703,73416000,0.0,0.0
2025-05-22 00:00:00-04:00,171.15392841908286,176.05399815735478,170.0185465918855,170.17788696289062,74864400,0.0,0.0
2025-05-23 00:00:00-04:00,168.3752347830085,169.2715985296926,167.2099755896054,167.78762817382812,35211400,0.0,0.0
2025-05-27 00:00:00-04:00,169.47079940418584,172.46860243837372,169.3114438097941,172.19969177246094,37995700,0.0,0.0
2025-05-28 00:00:00-04:00,172.45864324425892,174.56009759174123,171.21370619473115,171.66188049316406,34784000,0.0,0.0
2025-05-29 00:00:00-04:00,173.29524158580244,173.71353862116436,169.93889608019336,171.16390991210938,29317300,0.0,0.0
2025-05-30 00:00:00-04:00,170.6559680857075,171.5124853397844,166.76180154699824,171.0443878173828,52639900,0.0,0.0
2025-06-02 00:00:00-04:00,167.1601697701311,169.1819461523069,166.71199550949316,168.34535217285156,38612300,0.0,0.0
2025-06-03 00:00:00-04:00,166.8116037120677,167.79758408844376,164.61054841286258,165.50689697265625,45084900,0.0,0.0
2025-06-04 00:00:00-04:00,166.0646474005772,167.5386486033552,165.68618167672102,167.3693389892578,26900800,0.0,0.0
2025-06-05 00:00:00-04:00,169.6500488073603,170.23765541573877,166.9111874462575,167.5286865234375,36379100,0.0,0.0
2025-06-06 00:00:00-04:00,170.13806952300837,173.79320267833577,170.13806952300837,172.9765167236328,35731800,0.0,0.0
2025-06-09 00:00:00-04:00,174.04348698482235,175.96800471005412,173.87397240224888,175.58908081054688,28935900,0.21,0.0
2025-06-10 00:00:00-04:00,175.6987675223273,180.5948038838724,174.41244383100403,178.09194946289062,61766100,0.0,0.0
2025-06-11 00:00:00-04:00,179.2586188457646,179.8569029175766,176.24720547354727,176.8455047607422,31646800,0.0,0.0
2025-06-12 00:00:00-04:00,175.6788256293735,176.2172980493167,174.25290075490625,175.2001953125,20941900,0.0,0.0
2025-06-13 00:00:00-04:00,171.94948907539901,176.6261505932867,171.89962825957767,174.1731414794922,27663100,0.0,0.0
2025-06-16 00:00:00-04:00,174.23296058008373,176.43668073159893,174.15318632141427,176.2671661376953,27389200,0.0,0.0
2025-06-17 00:00:00-04:00,175.2002045527736,176.8554862045177,174.08339534937244,175.44949340820312,24973000,0.0,0.0
2025-06-18 00:00:00-04:00,175.50931582595604,176.0577543370001,172.70731159680278,172.8269805908203,28707500,0.0,0.0
2025-06-20 00:00:00-04:00,173.4551572231979,173.84404717223623,164.98931866750593,166.16595458984375,75659900,0.0,0.0
2025-06-23 00:00:00-04:00,165.7970377232315,166.86398612208345,161.53917977382372,164.72010803222656,57671000,0.0,0.0
2025-06-24 00:00:00-04:00,166.4451757427373,167.74148079179992,165.65742968002243,166.2956085205078,40524300,0.0,0.0
2025-06-25 00:00:00-04:00,167.15314653822034,171.86968681108624,167.0733722889804,170.1944580078125,35479000,0.0,0.0
2025-06-26 00:00:00-04:00,171.9394978428303,173.19592338119924,169.4565906415466,173.0463409423828,31796700,0.0,0.0
2025-06-27 00:00:00-04:00,173.046329910377,178.17170771682706,171.241481190895,178.0221405029297,108140200,0.0,0.0
2025-06-30 00:00:00-04:00,180.265759020371,180.71447592478233,174.08339834249907,175.72869873046875,63378900,0.0,0.0
2025-07-01 00:00:00-04:00,175.24009156508697,175.58908681807281,173.0363714854685,175.3397979736328,35904500,0.0,0.0
2025-07-02 00:00:00-04:00,175.04064818266679,178.35121133766924,174.57199915363273,178.1318359375,29128900,0.0,0.0
2025-07-03 00:00:00-04:00,177.99224872548783,179.158918782044,176.54637635874988,179.01931762695312,21689700,0.0,0.0
2025-07-07 00:00:00-04:00,178.5506411042797,178.78996387462078,175.18025102838192,176.28709411621094,34175600,0.0,0.0
2025-07-08 00:00:00-04:00,177.3440914457585,177.44379785510552,172.3184197808512,173.864013671875,40442500,0.0,0.0
2025-07-09 00:00:00-04:00,174.75147104078385,178.92955429499338,172.27853009035698,176.11756896972656,43025600,0.0,0.0
2025-07-10 00:00:00-04:00,175.1303863111691,177.92240891673904,173.8839422139032,177.11471557617188,29252400,0.0,0.0
2025-07-11 00:00:00-04:00,176.28707682895777,180.91387676081473,175.97796112386152,179.6774139404297,34282900,0.0,0.0
2025-07-14 00:00:00-04:00,180.49507959550706,183.14751640721383,179.16886118965368,181.04351806640625,32536600,0.0,0.0
2025-07-15 00:00:00-04:00,182.28996266650833,183.69595532751242,181.08341324296114,181.48226928710938,33448300,0.0,0.0
2025-07-16 00:00:00-04:00,182.71874486155866,183.80564050002502,181.51218023918355,182.4495086669922,33104200,0.0,0.0
2025-07-17 00:00:00-04:00,181.6218637248093,183.53640005379035,179.96658229342344,183.05776977539062,31992600,0.0,0.0
2025-07-18 00:00:00-04:00,184.87259850820493,185.88970124039062,183.1874187229756,184.5335693359375,34014500,0.0,0.0
2025-07-21 00:00:00-04:00,185.720180506412,189.74868135121883,185.62045888710102,189.55923461914062,45803100,0.0,0.0
2025-07-22 00:00:00-04:00,190.95526385169356,191.1048310792618,186.92676263021804,190.79571533203125,44660200,0.0,0.0
2025-07-23 00:00:00-04:00,190.95523422678895,191.9823029377756,188.64182669674165,189.6888427734375,58681900,0.0,0.0
2025-07-24 00:00:00-04:00,196.46951227536783,197.38689334762466,190.45666688872916,191.6233367919922,74881700,0.0,0.0
2025-07-25 00:00:00-04:00,191.43387927305906,193.77720042486192,190.71592620592727,192.63046264648438,39785900,0.0,0.0
2025-07-28 00:00:00-04:00,193.0991291078416,193.49800038051387,190.29712498462092,192.0321807861328,38139500,0.0,0.0
2025-07-29 00:00:00-04:00,191.88259792418754,195.36267559548023,191.53360267868564,195.1931610107422,41389200,0.0,0.0
2025-07-30 00:00:00-04:00,195.04360005779435,197.0379108346005,194.13618500265545,195.970947265625,32445400,0.0,0.0
2025-07-31 00:00:00-04:00,195.15328548422434,195.43248777249184,190.54641729704366,191.35411071777344,51329200,0.0,0.0
2025-08-01 00:00:00-04:00,188.49228886934085,190.28717167835873,187.2857393250735,188.59201049804688,34832200,0.0,0.0
2025-08-04 00:00:00-04:00,189.7486955367273,194.7145404143055,189.57918094353215,194.4851837158203,31547400,0.0,0.0
2025-08-05 00:00:00-04:00,194.1561209300893,197.2971541323202,193.33844625639603,194.11622619628906,31602300,0.0,0.0
2025-08-06 00:00:00-04:00,193.94672263242092,196.0706684741306,193.11908183595835,195.53219604492188,21562900,0.0,0.0
2025-08-07 00:00:00-04:00,196.49942519635405,196.9780554903085,193.77719542929833,195.96096801757812,26321800,0.0,0.0
2025-08-08 00:00:00-04:00,196.65896623314958,202.03363260270996,196.60910542589713,200.84701538085938,39161800,0.0,0.0
2025-08-11 00:00:00-04:00,200.36839577051538,200.90685295750995,198.50372015999918,200.42822265625,25832400,0.0,0.0
2025-08-12 00:00:00-04:00,200.79715378526663,203.91825467935456,200.01937388440479,202.7615509033203,30397900,0.0,0.0
2025-08-13 00:00:00-04:00,203.5493232968563,203.94817934449617,196.94814463612107,201.385498046875,28342900,0.0,0.0
2025-08-14 00:00:00-04:00,200.9268104830451,203.85844975532365,200.65757426824428,202.3627166748047,25230400,0.0,0.0
2025-08-15 00:00:00-04:00,203.270115954676,205.85274455493158,200.70741950553764,203.31996154785156,34931400,0.0,0.0
2025-08-18 00:00:00-04:00,203.61911775674488,204.68608127587706,201.91399064284568,202.92111206054688,18526600,0.0,0.0
2025-08-19 00:00:00-04:00,202.45245084896237,202.86128819689205,199.39119181596234,200.99661254882812,24240200,0.0,0.0
2025-08-20 00:00:00-04:00,200.15898342104597,200.70742189093835,196.04074228977996,198.7530059814453,28955500,0.0,0.0
2025-08-21 00:00:00-04:00,199.18179321289062,201.90402322277677,198.8626961782015,199.18179321289062,19774600,0.0,0.0
2025-08-22 00:00:00-04:00,202.15329588435108,207.9467659198768,200.7273710651735,205.5037384033203,42827000,0.0,0.0
2025-08-25 00:00:00-04:00,205.84277405344866,209.92115104730735,204.69605147341804,207.8969268798828,29928900,0.0,0.0
2025-08-26 00:00:00-04:00,206.9196780429189,207.2587223876649,205.11482949587528,206.5507354736328,28464100,0.0,0.0
2025-08-27 00:00:00-04:00,205.11485047791405,208.31572581537765,205.0649896678173,206.88978576660156,23022900,0.0,0.0
2025-08-28 00:00:00-04:00,206.66043741838072,211.61630051242363,206.31142697470574,211.03794860839844,32339300,0.0,0.0
2025-08-29 00:00:00-04:00,209.91116980825524,214.03939239893296,209.60205408045064,212.30435180664062,39728400,0.0,0.0
2025-09-02 00:00:00-04:00,207.84706876322787,211.0778424398192,205.61343524607918,210.74879455566406,47523000,0.0,0.0
2025-09-03 00:00:00-04:00,225.5665071716633,230.6519900738744,224.1505332557257,230.00384521484375,103336100,0.0,0.0
2025-09-04 00:00:00-04:00,228.99670478436465,231.70896837288984,225.46678177531555,231.63917541503906,51684200,0.0,0.0
2025-09-05 00:00:00-04:00,231.5394894431058,235.08936036459093,231.2403397689098,234.33152770996094,46588900,0.0,0.0
2025-09-08 00:00:00-04:00,235.01017746372742,237.66498669397225,233.21368944217105,233.5829620361328,32474700,0.21,0.0
2025-09-09 00:00:00-04:00,233.71268917705035,240.00038899582756,232.77452245999913,239.1620330810547,38061000,0.0,0.0
2025-09-10 00:00:00-04:00,238.4334648921733,241.1880848518513,237.38552753776509,238.70294189453125,35141100,0.0,0.0
2025-09-11 00:00:00-04:00,239.41155563146188,241.77692250779666,235.78863959738683,239.9005889892578,30599300,0.0,0.0
2025-09-12 00:00:00-04:00,239.90060472674395,241.60727216892423,237.53523769524105,240.32977294921875,26771600,0.0,0.0
2025-09-15 00:00:00-04:00,244.18224230445617,251.91710844331666,244.18224230445617,251.11866760253906,58383800,0.0,0.0
2025-09-16 00:00:00-04:00,251.58774200911427,252.54585880051692,248.98283818718852,250.66954040527344,34109700,0.0,0.0
2025-09-17 00:00:00-04:00,250.72942686827483,251.10868968975305,245.7990711050268,249.042724609375,34108000,0.0,0.0
2025-09-18 00:00:00-04:00,251.18851917528045,253.49402106561863,249.31220074129322,251.537841796875,31239500,0.0,0.0
2025-09-19 00:00:00-04:00,252.75544937708653,255.50007913340238,251.3182589953225,254.2225799560547,55571400,0.0,0.0
2025-09-22 00:00:00-04:00,253.93314887572123,255.28051872493555,249.81122418035432,252.036865234375,32290500,0.0,0.0
2025-09-23 00:00:00-04:00,252.54585863312587,253.8632882566711,249.9908602190898,251.16856384277344,26628000,0.0,0.0
2025-09-24 00:00:00-04:00,251.16857220037895,251.85722723296598,245.95876438662486,246.6573944091797,28201000,0.0,0.0
2025-09-25 00:00:00-04:00,243.92272782855147,246.0086580355356,240.26988667693965,245.3100128173828,31020400,0.0,0.0
2025-09-26 00:00:00-04:00,246.58752699597628,248.93292875938775,245.4896689933639,246.0585479736328,18503200,0.0,0.0
2025-09-29 00:00:00-04:00,247.3659922504587,250.65953566268354,242.295910900337,243.5734100341797,32505800,0.0,0.0
2025-09-30 00:00:00-04:00,242.33584768941728,242.8149061000678,238.78280195485732,242.6252899169922,34724300,0.0,0.0
2025-10-01 00:00:00-04:00,240.2798631456683,245.81902814560354,238.1440427490887,244.4217529296875,31658200,0.0,0.0
2025-10-02 00:00:00-04:00,244.6712510924991,246.32801300536266,241.82682587144092,245.210205078125,25483300,0.0,0.0
2025-10-03 00:00:00-04:00,244.0125741538274,245.8190372139174,241.18809864914257,244.8708953857422,30249600,0.0,0.0
2025-10-06 00:00:00-04:00,244.30198799944458,250.82922509816828,244.10238160883648,249.94094848632812,28894700,0.0,0.0
2025-10-07 00:00:00-04:00,247.78518329877946,249.95094390133718,245.04055349112926,245.2800750732422,23181300,0.0,0.0
2025-10-08 00:00:00-04:00,244.4816510919942,245.52958847857047,243.3438778825467,244.14230346679688,21307100,0.0,0.0
2025-10-09 00:00:00-04:00,243.99259549865826,244.28202248032238,238.68297718710045,241.05833435058594,27892100,0.0,0.0
2025-10-10 00:00:00-04:00,240.9585114020794,243.61332042411627,235.37943159764913,236.10801696777344,33180300,0.0,0.0
2025-10-13 00:00:00-04:00,239.74092459803205,244.02254038501275,239.2419009980627,243.6732177734375,24995000,0.0,0.0
2025-10-14 00:00:00-04:00,240.75892736637323,246.63742490132327,240.04033214741565,244.97068786621094,22111600,0.0,0.0
2025-10-15 00:00:00-04:00,246.76716258187247,251.61767243328853,245.5096286311317,250.53977966308594,27007700,0.0,0.0
2025-10-16 00:00:00-04:00,251.27835582828322,256.4582081692579,249.61161877856424,250.96896362304688,27997200,0.0,0.0
2025-10-17 00:00:00-04:00,250.27031046967195,253.72356048353365,247.32607427452788,252.80535888671875,29671600,0.0,0.0
2025-10-20 00:00:00-04:00,254.19265795496185,256.82748687148535,253.73354951664797,256.04901123046875,22350200,0.0,0.0
2025-10-21 00:00:00-04:00,254.2425576881656,254.3822836916651,243.67322591369708,249.97091674804688,47312100,0.0,0.0
2025-10-22 00:00:00-04:00,253.87326076642051,255.85936494298178,248.8031791754094,251.19850158691406,35029400,0.0,0.0
2025-10-23 00:00:00-04:00,252.48597410141812,254.54194887812838,251.35819113136333,252.58578491210938,19901400,0.0,0.0
2025-10-24 00:00:00-04:00,256.07894057309267,261.16898745224296,254.82142179583195,259.4124450683594,28655100,0.0,0.0
2025-10-27 00:00:00-04:00,264.30287916974333,269.61249783187736,263.76392512831256,268.7441711425781,35235200,0.0,0.0
2025-10-28 00:00:00-04:00,269.1633281612099,270.2013056862688,265.9795554362353,266.9476623535156,29738600,0.0,0.0
2025-10-29 00:00:00-04:00,267.22712459889897,274.80229881772505,267.14729422835535,274.0338134765625,43580300,0.0,0.0
2025-10-30 00:00:00-04:00,291.02057063774566,291.02057063774566,279.5130879862653,280.9303283691406,74876000,0.0,0.0
2025-10-31 00:00:00-04:00,282.6569440736325,285.44150434001006,276.48901957648127,280.6408996582031,39267900,0.0,0.0
2025-11-03 00:00:00-05:00,281.6289230119746,284.972386884343,279.2535660437013,283.1659240722656,29786000,0.0,0.0
2025-11-04 00:00:00-05:00,276.20955057551157,280.7207127582489,275.72051721535576,276.9980163574219,30078400,0.0,0.0
2025-11-05 00:00:00-05:00,278.32544209852534,285.8607173914154,276.79843096748175,283.75482177734375,31010300,0.0,0.0
2025-11-06 00:00:00-05:00,284.772762601716,287.78688430464956,280.59097331869594,284.19390869140625,37173600,0.0,0.0
2025-11-07 00:00:00-05:00,282.6569436244069,283.225837847663,274.65261591386644,278.2854919433594,34479600,0.0,0.0
2025-11-10 00:00:00-05:00,283.8645774088431,290.2320924976737,282.30759586857965,289.5334777832031,29557300,0.0,0.0
2025-11-11 00:00:00-05:00,287.18807388729897,291.34994399814246,286.75892091303916,290.7411193847656,19842100,0.0,0.0
2025-11-12 00:00:00-05:00,291.11038092678234,291.43975353768866,283.1359940674285,286.15008544921875,24829900,0.0,0.0
2025-11-13 00:00:00-05:00,281.7886586854728,282.2876823136169,276.69861158680555,278.0260314941406,29494000,0.0,0.0
2025-11-14 00:00:00-05:00,270.8799731285475,278.01600396166356,270.1713681999226,275.8702087402344,31647200,0.0,0.0
2025-11-17 00:00:00-05:00,285.2219350622342,293.3759943011471,283.01625922074476,284.4634094238281,52670200,0.0,0.0
2025-11-18 00:00:00-05:00,287.3577289930973,288.23598483976616,277.65671014644306,283.7248229980469,49158700,0.0,0.0
2025-11-19 00:00:00-05:00,286.5992292728396,303.21670857801746,286.07026549054086,292.2381896972656,68198900,0.0,0.0
2025-11-20 00:00:00-05:00,303.94529376978943,305.8216273232207,288.1062900504894,288.884765625,62025200,0.0,0.0
2025-11-21 00:00:00-05:00,295.84113571634185,303.32648898994427,293.2761473513388,299.0747985839844,74137700,0.0,0.0
2025-11-24 00:00:00-05:00,310.52242205466104,318.85612204740676,308.9954110970811,317.9578552246094,85165100,0.0,0.0
2025-11-25 00:00:00-05:00,325.5729598317621,328.187838552192,317.0296784660599,322.8083801269531,88632100,0.0,0.0
2025-11-26 00:00:00-05:00,320.053780820363,323.86632857763385,316.1713929045335,319.3252258300781,51373400,0.0,0.0
2025-11-28 00:00:00-05:00,322.73852157316225,326.2117368304371,316.1713843298485,319.55474853515625,26018600,0.0,0.0
2025-12-01 00:00:00-05:00,317.0796263275952,319.2254218425781,313.27706870792247,314.2751159667969,41183000,0.0,0.0
2025-12-02 00:00:00-05:00,316.1214443613123,317.75825630619534,313.29698432996054,315.1932678222656,35854700,0.0,0.0
2025-12-03 00:00:00-05:00,315.2731421058358,320.9520026070636,313.4866291038915,319.0058288574219,41838300,0.0,0.0
2025-12-04 00:00:00-05:00,321.6007694211511,321.73048997615604,314.0854750084747,316.999755859375,31240900,0.0,0.0
2025-12-05 00:00:00-05:00,318.8661162174194,322.5289631420099,318.5467642354111,320.64263916015625,28851700,0.0,0.0
2025-12-08 00:00:00-05:00,319.63392187795114,320.02342950621124,310.8154143139121,313.3121643066406,33909400,0.21,0.0
2025-12-09 00:00:00-05:00,311.96391713296777,317.57660631064704,311.4945269093235,316.66778564453125,30194000,0.0,0.0
2025-12-10 00:00:00-05:00,315.4194206321133,320.8923078304596,314.27092168020465,319.7937316894531,33428900,0.0,0.0
2025-12-11 00:00:00-05:00,319.66391441105065,320.70257104825845,308.19885677560706,312.02386474609375,42353700,0.0,0.0
2025-12-12 00:00:00-05:00,313.29221022339095,314.46067218572114,305.1627773855729,308.887939453125,35940200,0.0,0.0
2025-12-15 00:00:00-05:00,310.91531224146183,311.0151883437652,304.4836813703359,307.8193359375,29151900,0.0,0.0
2025-12-16 00:00:00-05:00,304.55358908476643,310.3660001485481,302.1966411442108,306.1714782714844,30585000,0.0,0.0
2025-12-17 00:00:00-05:00,307.60959033164653,307.6894729197007,295.7350329501308,296.3342590332031,43930400,0.0,0.0
2025-12-18 00:00:00-05:00,301.32777470817274,303.56485302569047,298.8410213827925,302.0668029785156,33518000,0.0,0.0
2025-12-19 00:00:00-05:00,301.33777770154796,306.85059101726483,300.5787559089981,306.7607116699219,59943200,0.0,0.0
2025-12-22 00:00:00-05:00,309.4771954426739,309.7268704705607,304.90313186415943,309.3773193359375,26429900,0.0,0.0
2025-12-23 00:00:00-05:00,309.2274800840275,314.5305745464577,308.91788552805923,313.94134521484375,25478700,0.0,0.0
2025-12-24 00:00:00-05:00,314.360779810128,314.67037436380235,311.5145092668577,313.6816711425781,10097400,0.0,0.0
2025-12-26 00:00:00-05:00,314.0712183432231,314.6804107746781,311.8740659325972,313.10247802734375,10899000,0.0,0.0
2025-12-29 00:00:00-05:00,310.9652491009125,313.6117983030154,310.2162240166622,313.15240478515625,19621800,0.0,0.0
2025-12-30 00:00:00-05:00,312.09376543928346,316.5379928503015,312.0538089034933,313.4420166015625,17380900,0.0,0.0
2025-12-31 00:00:00-05:00,312.4433102220648,314.17104176667254,311.03513952358344,312.5931091308594,16377700,0.0,0.0
2026-01-02 00:00:00-05:00,316.4880203907529,322.0807464242433,309.9265541489014,314.74029541015625,32009400,0.0,0.0
2026-01-05 00:00:00-05:00,317.2470486555906,318.60526603903236,314.2209888461081,316.1285095214844,30195600,0.0,0.0
2026-01-06 00:00:00-05:00,315.9886856047422,320.5227923064431,311.3746963103618,313.9313659667969,31212100,0.0,0.0
2026-01-07 00:00:00-05:00,313.9513421990662,325.72602466406613,313.78158025326775,321.56146240234375,35104400,0.0,0.0
2026-01-08 00:00:00-05:00,328.54234711069296,329.8905982345552,321.08205673508803,325.0169372558594,31896100,0.0,0.0
2026-01-09 00:00:00-05:00,326.6647962522232,330.3999246926398,325.37646465172014,328.14288330078125,26214200,0.0,0.0
2026-01-12 00:00:00-05:00,325.37646891287716,333.6057781716088,324.5775210522192,331.4285888671875,33923900,0.0,0.0
2026-01-13 00:00:00-05:00,334.5145706345901,340.04734658205444,333.18628259299794,335.5332336425781,33517600,0.0,0.0
2026-01-14 00:00:00-05:00,334.62442706687915,336.08252056576845,330.05039437456895,335.4034118652344,28525600,0.0,0.0
2026-01-15 00:00:00-05:00,337.2110766328429,337.25103316994193,330.3100554080323,332.347412109375,28442400,0.0,0.0
2026-01-16 00:00:00-05:00,333.97528525413946,334.2149635116852,327.27401649506595,329.5710144042969,40341600,0.0,0.0
2026-01-20 00:00:00-05:00,320.4528849486331,327.30398324237245,320.01345448184367,321.5814208984375,35361000,0.0,0.0
2026-01-21 00:00:00-05:00,320.50283121296127,332.0478012719212,318.9348648307384,327.953125,35386600,0.0,0.0
2026-01-22 00:00:00-05:00,334.0152109953496,334.7142826747097,328.3226090802118,330.11029052734375,26253600,0.0,0.0
2026-01-23 00:00:00-05:00,332.05776231305794,333.2562145369407,327.0243361197249,327.5036926269531,27280000,0.0,0.0
2026-01-26 00:00:00-05:00,327.3838548641184,335.4034148973675,326.5749102768944,332.8267822265625,26042100,0.0,0.0
2026-01-27 00:00:00-05:00,334.93402312381306,337.4707297257924,333.04649592160257,334.1150817871094,21636200,0.0,0.0
2026-01-28 00:00:00-05:00,335.6231039588608,337.10119086219134,331.5084650266126,335.57318115234375,27434400,0.0,0.0
2026-01-29 00:00:00-05:00,339.857625711299,341.8450595994438,326.11553330804276,337.810302734375,39785600,0.0,0.0
2026-01-30 00:00:00-05:00,339.5580079569619,339.5580079569619,331.8580393103398,337.56060791015625,31024000,0.0,0.0
2026-02-02 00:00:00-05:00,335.7829045969607,344.38169669555197,335.193675272949,343.2431945800781,32006100,0.0,0.0
2026-02-03 00:00:00-05:00,346.8884575284791,348.5463032010534,337.0312933144156,339.26837158203125,36506700,0.0,0.0
2026-02-04 00:00:00-05:00,342.51417399710857,342.8637251238478,328.0929422734009,332.6070861816406,70618400,0.0,0.0
2026-02-05 00:00:00-05:00,311.81413592946416,332.2575275064077,306.06161379445837,330.81939697265625,88205800,0.0,0.0
2026-02-06 00:00:00-05:00,326.75466854448496,329.95052083207565,319.50412705068965,322.4402770996094,56380500,0.0,0.0
2026-02-09 00:00:00-05:00,320.5127991892576,327.2740180221729,316.84758707958963,323.8984069824219,39640100,0.0,0.0
2026-02-10 00:00:00-05:00,320.5527401483992,321.25184233940706,314.2009923012897,318.16583251953125,39170000,0.0,0.0
2026-02-11 00:00:00-05:00,318.5553213774315,320.6426005966259,309.25742736560915,310.55572509765625,45406400,0.0,0.0
2026-02-12 00:00:00-05:00,311.684307255737,315.82890653132813,306.80067966689137,308.59832763671875,47761300,0.0,0.0
2026-02-13 00:00:00-05:00,307.32996759040856,308.2287915112591,303.31517401115394,305.32257080078125,38499700,0.0,0.0
2026-02-17 00:00:00-05:00,299.6499434457439,304.0442171582303,295.86486207725466,301.6273498535156,39247600,0.0,0.0
2026-02-18 00:00:00-05:00,301.6972906518214,304.983022308801,300.8583862777236,302.9356689453125,28482100,0.0,0.0
2026-02-19 00:00:00-05:00,301.42763905495286,305.0728879320441,299.64995428739604,302.456298828125,25834400,0.0,0.0
2026-02-20 00:00:00-05:00,303.9244103176242,316.0885697634931,303.5049428811186,314.570556640625,53210800,0.0,0.0
2026-02-23 00:00:00-05:00,318.6352220336332,319.1046122516075,309.4671633706354,311.0850524902344,31423000,0.0,0.0
2026-02-24 00:00:00-05:00,310.11633870149166,311.8640638461802,305.53230897934316,310.495849609375,25615600,0.0,0.0
2026-02-25 00:00:00-05:00,311.65435118745364,313.23231441520727,309.03776179839537,312.4932556152344,29963600,0.0,0.0
2026-02-26 00:00:00-05:00,312.2335794136705,312.73292940852764,301.95694798569707,306.98040771484375,36431200,0.0,0.0
2026-02-27 00:00:00-05:00,303.7446468483449,311.9639287272481,303.4050620118916,311.354736328125,44640600,0.0,0.0
2026-03-02 00:00:00-05:00,302.83581985466094,308.0889612664211,300.908305641281,306.12152099609375,34790200,0.0,0.0
2026-03-03 00:00:00-05:00,298.2018299939976,303.5448811012492,296.3242691134317,303.1853332519531,35497000,0.0,0.0
2026-03-04 00:00:00-05:00,302.49628364637806,305.07291645770977,300.3590508331652,302.7359619140625,29536200,0.0,0.0
2026-03-05 00:00:00-05:00,302.6460874794852,302.90572878105803,297.60263367704704,300.4888916015625,35752300,0.0,0.0
2026-03-06 00:00:00-05:00,295.7050936872067,300.1393243405422,294.7962729857715,298.1319274902344,25576900,0.0,0.0
2026-03-09 00:00:00-04:00,294.1842573074437,306.6168332730834,293.9044256827884,306.1770935058594,29312100,0.21,0.0
2026-03-10 00:00:00-04:00,305.98724420005084,309.3252467158022,305.3875962722132,306.8567199707031,23239700,0.0,0.0
2026-03-11 00:00:00-04:00,306.56689883882945,311.23412470378855,305.7374076911934,308.5157470703125,24125700,0.0,0.0
2026-03-12 00:00:00-04:00,306.636841807898,308.7555713296518,300.8502897843219,303.3687744140625,24928300,0.0,0.0
2026-03-13 00:00:00-04:00,306.8267356773544,307.50632242162294,300.26065041451466,302.09954833984375,23693100,0.0,0.0
2026-03-16 00:00:00-04:00,304.16832484157635,306.3070315122431,302.8391017033621,305.3775939941406,23519700,0.0,0.0
2026-03-17 00:00:00-04:00,305.67739809365116,311.2341070358109,305.3176276402165,310.7344055175781,21955200,0.0,0.0
2026-03-18 00:00:00-04:00,309.0853604878573,312.28346234614037,306.74676108497374,307.5063171386719,20009800,0.0,0.0
2026-03-19 00:00:00-04:00,303.8285227221892,307.8760927647981,302.16951004441273,306.9466552734375,25075800,0.0,0.0
2026-03-20 00:00:00-04:00,305.2776414809433,305.8173276578073,298.0919312440676,300.8203125,44364100,0.0,0.0
2026-03-23 00:00:00-04:00,301.92965766257777,305.7973733016039,300.75036931754545,301.87969970703125,29326900,0.0,0.0
2026-03-24 00:00:00-04:00,299.02141279307426,299.7409842283802,290.15668188195673,290.2666320800781,36864300,0.0,0.0
2026-03-25 00:00:00-04:00,293.2648285118823,295.82329783701033,289.0673235725591,290.7563171386719,29460700,0.0,0.0
2026-03-26 00:00:00-04:00,287.7381369232671,287.7781215852462,278.33375052565475,280.7523193359375,39080600,0.0,0.0
2026-03-27 00:00:00-04:00,277.1144865271076,279.203235317384,273.7864876697142,274.1762390136719,35890600,0.0,0.0
2026-03-30 00:00:00-04:00,276.2550012483934,276.9245842043685,271.9475460941929,273.33673095703125,35141200,0.0,0.0
2026-03-31 00:00:00-04:00,277.87403020607053,287.9080147834651,276.9245851168754,287.3883361816406,43875400,0.0,0.0
2026-04-01 00:00:00-04:00,290.6663854824321,300.34059988895723,290.23664948178913,297.2124938964844,37684500,0.0,0.0
2026-04-02 00:00:00-04:00,290.5164904801884,297.90206355243157,289.2772403921399,295.59344482421875,21666500,0.0,0.0
2026-04-06 00:00:00-04:00,295.69337737406744,300.4405418912755,295.0037868253031,299.8109130859375,16945500,0.0,0.0
2026-04-07 00:00:00-04:00,302.54929810267237,305.4475608650088,297.5422790326475,305.27764892578125,23205400,0.0,0.0
2026-04-08 00:00:00-04:00,320.25872115869026,321.88772251879675,314.8319393907938,317.1305847167969,33547100,0.0,0.0
2026-04-09 00:00:00-04:00,315.72141928886384,319.3492572184689,310.8743084256086,318.29986572265625,23739200,0.0,0.0
2026-04-10 00:00:00-04:00,319.8289680511782,321.6378852163977,316.1311948927162,317.0506286621094,19152600,0.0,0.0
2026-04-13 00:00:00-04:00,316.9507009019676,321.43801087893695,315.28168437302884,321.1181945800781,18866400,0.0,0.0
2026-04-14 00:00:00-04:00,324.59612530340485,333.09105123243734,323.5567375910905,332.7112731933594,27721400,0.0,0.0
2026-04-15 00:00:00-04:00,332.69130668872015,337.278563176308,330.70247381548376,336.91876220703125,24918800,0.0,0.0
2026-04-16 00:00:00-04:00,338.5477782390461,339.67710854893676,334.3202924195682,335.81939697265625,20541500,0.0,0.0
2026-04-17 00:00:00-04:00,337.4484504303517,342.1156763245155,336.0392884001999,341.4760437011719,25581900,0.0,0.0
2026-04-20 00:00:00-04:00,340.55660000710446,341.1962021124509,336.40905286572576,337.2185974121094,18784200,0.0,0.0
2026-04-21 00:00:00-04:00,337.48841459650436,339.13742351057505,331.1522029907326,332.0916442871094,23123800,0.0,0.0
2026-04-22 00:00:00-04:00,336.818816762841,339.6171637007564,334.96994545488326,339.1174621582031,20293000,0.0,0.0
2026-04-23 00:00:00-04:00,340.9763246437424,341.7558578013153,335.97930940305434,338.6877136230469,18650300,0.0,0.0
2026-04-24 00:00:00-04:00,338.5277988797623,345.06387272769797,335.1897964239415,344.19439697265625,26426100,0.0,0.0
2026-04-27 00:00:00-04:00,345.77347673538645,352.9691603649003,342.5254168368208,350.130859375,28576900,0.0,0.0
2026-04-28 00:00:00-04:00,348.34192077884484,352.20963620070955,345.91337868788094,349.5711975097656,27824100,0.0,0.0
2026-04-29 00:00:00-04:00,347.36252924438134,355.5776236260777,344.0045190996302,349.7311096191406,35376300,0.0,0.0
2026-04-30 00:00:00-04:00,373.8467067603946,385.6096696957082,365.60163158627074,384.5702819824219,72040000,0.0,0.0
2026-05-01 00:00:00-04:00,381.4022037517389,386.52914645154755,378.82372671588394,385.45977783203125,30105200,0.0,0.0
2026-05-04 00:00:00-04:00,385.39979379858875,387.14874909409923,379.56328378663693,383.0212097167969,26298600,0.0,0.0
2026-05-05 00:00:00-04:00,385.99945170269467,392.58551415458055,383.79074899852696,388.1981201171875,23878600,0.0,0.0
2026-05-06 00:00:00-04:00,394.0146525811788,399.61131576273664,392.52555179602564,397.8023986816406,31308500,0.0,0.0
2026-05-07 00:00:00-04:00,399.6812819584635,399.8611671879692,392.4455831227277,397.7524108886719,24433500,0.0,0.0
2026-05-08 00:00:00-04:00,396.7630105926761,401.76002583943523,396.1233780013978,400.56072998046875,21461800,0.0,0.0
2026-05-11 00:00:00-04:00,393.41500861238904,397.2027547509894,388.23810807955056,388.40802001953125,30753700,0.0,0.0
2026-05-12 00:00:00-04:00,387.10877062384725,388.28805889354703,382.541491402114,387.1187744140625,26017500,0.0,0.0
2026-05-13 00:00:00-04:00,385.3698394939953,403.4590416115898,384.77019153718186,402.3796691894531,28144600,0.0,0.0
2026-05-14 00:00:00-04:00,397.04285074569174,402.6894719958145,395.6037078837972,400.8305969238281,21136700,0.0,0.0
2026-05-15 00:00:00-04:00,396.0834349796574,399.30151410906007,392.9452946767326,396.54315185546875,20309700,0.0,0.0
2026-05-18 00:00:00-04:00,395.4538101055549,408.36608091552193,394.29449886421145,396.70306396484375,26837200,0.0,0.0
2026-05-19 00:00:00-04:00,396.72302500471704,396.91291402359946,385.8794958446922,387.4285888671875,39545700,0.0,0.0
2026-05-20 00:00:00-04:00,387.4685872554011,393.62488340369265,382.6714341601505,388.6778564453125,31744400,0.0,0.0
2026-05-21 00:00:00-04:00,385.46976743485186,392.2656959548347,382.7913440893277,387.4285888671875,24852800,0.0,0.0
2026-05-22 00:00:00-04:00,387.1187843592316,388.5079387636157,381.54209816202837,382.74139404296875,20442100,0.0,0.0
2026-05-26 00:00:00-04:00,384.2804712769477,389.0276356997364,382.3716078175452,388.6478576660156,27747400,0.0,0.0
2026-05-27 00:00:00-04:00,386.4391861502527,393.64487351491664,385.66962629134815,388.5978698730469,23087300,0.0,0.0
2026-05-28 00:00:00-04:00,387.76839182151133,391.6360768291116,384.9300907577927,389.8971252441406,24357500,0.0,0.0
2026-05-29 00:00:00-04:00,385.0100143138995,385.0100143138995,378.2340629764561,380.1129455566406,44415800,0.0,0.0
2026-06-01 00:00:00-04:00,376.2952290661171,378.3340198477676,373.2970198869562,376.14532470703125,28672100,0.0,0.0
2026-06-02 00:00:00-04:00,366.371163421305,373.31702687507857,358.2260345973877,361.6340026855469,50412300,0.0,0.0
2026-06-03 00:00:00-04:00,361.81388965190393,366.2312646097652,357.8662353535933,358.77569580078125,55441600,0.0,0.0
2026-06-04 00:00:00-04:00,358.68575901079333,373.0271992966173,357.99616844622375,371.96783447265625,44055500,0.0,0.0
2026-06-05 00:00:00-04:00,366.1213024821565,371.8578661166277,363.90262653478294,368.30999755859375,37471200,0.0,0.0
2026-06-08 00:00:00-04:00,365.17999267578125,366.20001220703125,360.5299987792969,363.30999755859375,27942500,0.22,0.0
2026-06-09 00:00:00-04:00,367.0899963378906,372.0799865722656,357.29998779296875,364.260009765625,29535100,0.0,0.0
2026-06-10 00:00:00-04:00,363.19000244140625,368.55999755859375,355.20001220703125,356.3800048828125,32357100,0.0,0.0
2026-06-11 00:00:00-04:00,355.92999267578125,358.79998779296875,346.3599853515625,357.7699890136719,35538200,0.0,0.0
2026-06-12 00:00:00-04:00,362.6199951171875,366.57000732421875,354.94000244140625,359.67999267578125,24704600,0.0,0.0
2026-06-15 00:00:00-04:00,367.92999267578125,372.989990234375,366.54998779296875,369.3500061035156,27727500,0.0,0.0
2026-06-16 00:00:00-04:00,369.6000061035156,376.0,367.05999755859375,373.25,24876100,0.0,0.0
2026-06-17 00:00:00-04:00,369.1300048828125,372.3299865722656,362.0199890136719,363.7900085449219,24543600,0.0,0.0
2026-06-18 00:00:00-04:00,365.75,369.4800109863281,358.6700134277344,368.0299987792969,44470100,0.0,0.0
2026-06-22 00:00:00-04:00,357.95001220703125,358.9200134277344,341.7200012207031,349.67999267578125,52814800,0.0,0.0
2026-06-23 00:00:00-04:00,340.69000244140625,349.2900085449219,340.20001220703125,346.1300048828125,34007700,0.0,0.0
2026-06-24 00:00:00-04:00,349.0400085449219,353.4800109863281,341.92999267578125,345.2900085449219,44997300,0.0,0.0
2026-06-25 00:00:00-04:00,336.7300109863281,345.57000732421875,335.8399963378906,343.7099914550781,44491400,0.0,0.0
2026-06-26 00:00:00-04:00,342.54998779296875,346.3599853515625,330.20001220703125,337.3900146484375,114706300,0.0,0.0
2026-06-29 00:00:00-04:00,341.8299865722656,354.3500061035156,340.6700134277344,353.6499938964844,34213900,0.0,0.0
2026-06-30 00:00:00-04:00,353.8699951171875,358.6199951171875,350.3999938964844,357.3699951171875,35237200,0.0,0.0
2026-07-01 00:00:00-04:00,358.3699951171875,362.9700012207031,356.42999267578125,361.2099914550781,26736400,0.0,0.0
2026-07-02 00:00:00-04:00,359.4800109863281,364.2099914550781,353.4200134277344,359.9100036621094,25974800,0.0,0.0
2026-07-06 00:00:00-04:00,361.54998779296875,367.92999267578125,357.3800048828125,366.4599914550781,26915800,0.0,0.0
2026-07-07 00:00:00-04:00,369.07000732421875,373.1600036621094,365.5,367.0299987792969,24045600,0.0,0.0
2026-07-08 00:00:00-04:00,364.760009765625,367.8399963378906,358.0199890136719,361.9200134277344,22094800,0.0,0.0
2026-07-09 00:00:00-04:00,354.30999755859375,359.6499938964844,351.0799865722656,358.8900146484375,24729100,0.0,0.0
2026-07-10 00:00:00-04:00,357.5299987792969,357.82000732421875,352.75,357.17999267578125,18146100,0.0,0.0
2026-07-13 00:00:00-04:00,356.19000244140625,358.1300048828125,351.75,352.510009765625,15901700,0.0,0.0
2026-07-14 00:00:00-04:00,351.20001220703125,360.1600036621094,351.0899963378906,359.510009765625,18259400,0.0,0.0
2026-07-15 00:00:00-04:00,357.9700012207031,373.6499938964844,357.760009765625,370.9200134277344,28284600,0.0,0.0
2026-07-16 00:00:00-04:00,373.05999755859375,375.2699890136719,352.29998779296875,354.4599914550781,41158500,0.0,0.0
2026-07-17 00:00:00-04:00,346.0,348.5199890136719,341.3599853515625,346.7699890136719,29959300,0.0,0.0
2026-07-20 00:00:00-04:00,350.8800048828125,359.67999267578125,350.5199890136719,351.989990234375,24736600,0.0,0.0
2026-07-21 00:00:00-04:00,351.32000732421875,351.32000732421875,347.0,347.1499938964844,23369800,0.0,0.0
2026-07-22 00:00:00-04:00,348.1600036621094,349.94000244140625,341.7300109863281,342.0899963378906,39334100,0.0,0.0
2026-07-23 00:00:00-04:00,321.1300048828125,324.489990234375,314.8999938964844,317.69000244140625,69419700,0.0,0.0
2026-07-24 00:00:00-04:00,318.4200134277344,324.17999267578125,317.32000732421875,319.739990234375,31806600,0.0,0.0
2026-07-27 00:00:00-04:00,325.0400085449219,330.4200134277344,324.45001220703125,326.55999755859375,28471600,0.0,0.0
2026-07-28 00:00:00-04:00,327.8999938964844,335.8800048828125,324.44000244140625,333.7099914550781,29511900,0.0,0.0
2026-07-29 00:00:00-04:00,334.6700134277344,342.5,331.6199951171875,336.7099914550781,27501600,0.0,0.0
2026-07-30 00:00:00-04:00,334.20001220703125,336.510009765625,330.3399963378906,333.6600036621094,30168000,0.0,0.0
2026-07-31 00:00:00-04:00,340.8299865722656,358.5799865722656,340.0,356.1300048828125,46498000,0.0,0.0
2026-08-03 00:00:00-04:00,365.45001220703125,376.69000244140625,363.3500061035156,373.510009765625,38669700,0.0,0.0
2026-08-04 00:00:00-04:00,368.2200012207031,380.5199890136719,367.5,377.6499938964844,35705700,0.0,0.0
2026-08-05 00:00:00-04:00,383.3399963378906,384.4800109863281,356.7699890136719,362.42999267578125,46926300,0.0,0.0
2026-08-06 00:00:00-04:00,360.7699890136719,364.1300048828125,356.8800048828125,357.75,25235900,0.0,0.0
2026-08-07 00:00:00-04:00,356.7200012207031,358.8999938964844,353.7799987792969,354.29998779296875,19859900,0.0,0.0
2026-08-10 00:00:00-04:00,355.17999267578125,357.6099853515625,352.7099914550781,357.5199890136719,18991400,0.0,0.0
2026-08-11 00:00:00-04:00,355.8900146484375,356.80999755859375,343.3900146484375,343.79998779296875,29081800,0.0,0.0
2026-08-12 00:00:00-04:00,346.30999755859375,346.4800109863281,340.8800048828125,343.5400085449219,25012000,0.0,0.0
2026-08-13 00:00:00-04:00,345.6199951171875,347.92999267578125,343.760009765625,346.3599853515625,17607761,0.0,0.0
