Date,Open,High,Low,Close,Volume,Dividends,Stock Splits
2012-05-18 00:00:00-04:00,41.68395594194816,44.60827708492466,37.66921176060305,37.89720916748047,573576400,0.0,0.0
2012-05-21 00:00:00-04:00,36.212001928669224,36.340871326058476,32.712732099058826,33.7337646484375,168192700,0.0,0.0
2012-05-22 00:00:00-04:00,32.326124010617924,33.2975924601654,30.67066162013631,30.730138778686523,101786600,0.0,0.0
2012-05-23 00:00:00-04:00,31.096920616473653,32.21708297729492,31.087007440975867,31.721435546875,73600000,0.0,0.0
2012-05-24 00:00:00-04:00,32.6631681608809,32.92090317457285,31.493439860261315,32.742469787597656,50237200,0.0,0.0
2012-05-25 00:00:00-04:00,32.61360290482297,32.663166892282185,30.839184170758223,31.632219314575195,37149800,0.0,0.0
2012-05-29 00:00:00-04:00,31.205961267242266,31.414134167882406,28.40059693148421,28.588943481445312,78063400,0.0,0.0
2012-05-30 00:00:00-04:00,28.450163577831507,29.292762706291445,27.617475734234347,27.944602966308594,57267900,0.0,0.0
2012-05-31 00:00:00-04:00,28.301468259758224,29.411719364820254,26.596441735255944,29.342329025268555,111639200,0.0,0.0
2012-06-01 00:00:00-04:00,28.63850807742337,28.896244969506256,27.151565778230133,27.47869300842285,41855500,0.0,0.0
2012-06-04 00:00:00-04:00,26.963222124956083,27.409303696975865,26.209837771589473,26.66583251953125,35230300,0.0,0.0
2012-06-05 00:00:00-04:00,26.46757685541412,27.51834901009024,25.525845863379725,25.64480209350586,42473400,0.0,0.0
2012-06-06 00:00:00-04:00,25.84305641830239,26.933481130663242,25.2978450074944,26.576614379882812,61489200,0.0,0.0
2012-06-07 00:00:00-04:00,26.764960924725553,27.111914500046897,25.922359924872257,26.08096694946289,26159500,0.0,0.0
2012-06-08 00:00:00-04:00,26.318878549708657,27.518346348725334,26.20983739761256,26.864091873168945,38034000,0.0,0.0
2012-06-11 00:00:00-04:00,26.943393931183895,27.825645729733164,26.606353535857124,26.774873733520508,28219600,0.0,0.0
2012-06-12 00:00:00-04:00,27.240781553602677,27.528257962693704,26.72530778672936,27.16147804260254,15816800,0.0,0.0
2012-06-13 00:00:00-04:00,27.41921817993417,27.855388487568575,26.864093537055425,27.03261375427246,17102800,0.0,0.0
2012-06-14 00:00:00-04:00,27.40930171161467,28.07346932432011,27.141651653342738,28.043731689453125,16855000,0.0,0.0
2012-06-15 00:00:00-04:00,28.2618178710145,29.83797691579072,28.103210838020853,29.748760223388672,43563800,0.0,0.0
2012-06-18 00:00:00-04:00,29.69919355856881,31.800741417028814,29.153982133412523,31.136571884155273,42978900,0.0,0.0
2012-06-19 00:00:00-04:00,31.265441269589193,31.89986938464277,30.432753423208908,31.632219314575195,30849000,0.0,0.0
2012-06-20 00:00:00-04:00,31.64213088099386,31.652044056130535,30.878833412173424,31.32491683959961,15553600,0.0,0.0
2012-06-21 00:00:00-04:00,31.394304070099434,32.21707861762752,31.23569706508761,31.562824249267578,21875300,0.0,0.0
2012-06-22 00:00:00-04:00,32.127866656129584,33.15881423075548,31.780914963462138,32.76229476928711,74834000,0.0,0.0
2012-06-25 00:00:00-04:00,32.5739513866408,32.73255842117111,31.27535369164953,31.780916213989258,24352900,0.0,0.0
2012-06-26 00:00:00-04:00,32.40542837988886,33.148899542504914,32.217083713362484,32.811859130859375,24858700,0.0,0.0
2012-06-27 00:00:00-04:00,32.17743165438153,32.61360383199823,31.622307037927957,31.949434280395508,28568000,0.0,0.0
2012-06-28 00:00:00-04:00,31.68178487189353,31.909782250695258,30.63101278158317,31.08700942993164,17713300,0.0,0.0
2012-06-29 00:00:00-04:00,31.64213282010145,31.711523159565747,30.492230904206057,30.82927131652832,19526900,0.0,0.0
2012-07-02 00:00:00-04:00,30.977966884783374,31.453788002354834,30.284059670266206,30.502145767211914,14122000,0.0,0.0
2012-07-03 00:00:00-04:00,30.640925515575756,31.166312498522267,30.531882470441857,30.928401947021484,8763600,0.0,0.0
2012-07-05 00:00:00-04:00,31.04735488489646,31.354655763792447,30.749967181544847,31.196048736572266,10032100,0.0,0.0
2012-07-06 00:00:00-04:00,31.16631042108823,31.622305141716847,30.98787704667012,31.453784942626953,10945600,0.0,0.0
2012-07-09 00:00:00-04:00,31.82056327607436,32.59377583300649,31.711522127925623,31.88995361328125,17785200,0.0,0.0
2012-07-10 00:00:00-04:00,32.14769279063826,32.19725677761522,30.88874785767628,31.196048736572266,14269500,0.0,0.0
2012-07-11 00:00:00-04:00,31.205965792000377,31.285269315470394,30.284061149945746,30.70040512084961,13030300,0.0,0.0
2012-07-12 00:00:00-04:00,30.43275457590144,31.12665988033791,30.333624706483377,30.54179573059082,11300700,0.0,0.0
2012-07-13 00:00:00-04:00,30.769793536164048,30.79953117205568,30.293970563704004,30.452577590942383,8108300,0.0,0.0
2012-07-16 00:00:00-04:00,30.234493255615234,30.234493255615234,27.96442711673444,28.004079818725586,24672100,0.0,0.0
2012-07-17 00:00:00-04:00,28.232076720167488,28.341119758110832,26.913654652491505,27.84547233581543,30438600,0.0,0.0
2012-07-18 00:00:00-04:00,28.063557060331817,29.035027463668328,27.90495003340849,28.85659408569336,16841800,0.0,0.0
2012-07-19 00:00:00-04:00,29.153981706040213,29.24319839477539,28.38077103391697,28.74755096435547,13685100,0.0,0.0
2012-07-20 00:00:00-04:00,28.747552197254333,29.21346012116233,28.469988943647135,28.509641647338867,11869100,0.0,0.0
2012-07-23 00:00:00-04:00,27.87521231874416,28.74755096435547,27.76616927901341,28.499727249145508,12390700,0.0,0.0
2012-07-24 00:00:00-04:00,28.5691191393363,29.193635994418905,27.855387481415466,28.202341079711914,11539800,0.0,0.0
2012-07-25 00:00:00-04:00,28.14286189813889,29.2332866776086,27.835561005357107,29.084592819213867,17230200,0.0,0.0
2012-07-26 00:00:00-04:00,27.508433180250552,27.984254273373395,26.497311939305796,26.616268157958984,64597400,0.0,0.0
2012-07-27 00:00:00-04:00,22.9881272997998,24.32637567881242,22.086049168995736,23.503599166870117,123102300,0.0,0.0
2012-07-30 00:00:00-04:00,23.791077843142116,23.83073054710495,22.82952246098332,22.948476791381836,29285900,0.0,0.0
2012-07-31 00:00:00-04:00,23.1665646777684,23.1665646777684,21.4218852737853,21.521013259887695,56179400,0.0,0.0
2012-08-01 00:00:00-04:00,21.31284012900912,21.39214364455703,20.658585653052622,20.6982364654541,44604400,0.0,0.0
2012-08-02 00:00:00-04:00,20.589195828706035,20.658586170204405,19.647464903598173,19.865550994873047,56374500,0.0,0.0
2012-08-03 00:00:00-04:00,20.182763531101056,21.967093485358756,19.726766921882845,20.906408309936523,80647000,0.0,0.0
2012-08-06 00:00:00-04:00,21.20379624562625,21.95718055884126,21.114579557828097,21.729183197021484,27778900,0.0,0.0
2012-08-07 00:00:00-04:00,22.006746824025228,22.254570541004142,20.32154479227067,20.539628982543945,36782900,0.0,0.0
2012-08-08 00:00:00-04:00,20.5297158069754,20.96588607826686,20.043981548586125,20.539628982543945,29537400,0.0,0.0
2012-08-09 00:00:00-04:00,20.569369569991387,20.985713511616193,20.430588886364788,20.827106475830078,15610700,0.0,0.0
2012-08-10 00:00:00-04:00,21.223620642811394,21.630051342816138,20.946057429572544,21.62013816833496,25794700,0.0,0.0
2012-08-13 00:00:00-04:00,21.957181575224986,22.254571178566422,21.21371040298885,21.411970138549805,24973100,0.0,0.0
2012-08-14 00:00:00-04:00,21.22361944535396,21.411965968380226,20.073717740841847,20.202585220336914,39308800,0.0,0.0
2012-08-15 00:00:00-04:00,20.460324957768922,21.223622440780325,20.222414422300083,21.015451431274414,47861100,0.0,0.0
2012-08-16 00:00:00-04:00,20.262066864629816,20.301717674662108,19.518595741762105,19.69702911376953,157565300,0.0,0.0
2012-08-17 00:00:00-04:00,19.835808782544806,19.905199114653126,18.834600827458935,18.884164810180664,129293400,0.0,0.0
2012-08-20 00:00:00-04:00,18.88416569089496,19.95476402801941,18.586777999205605,19.8358097076416,101186600,0.0,0.0
2012-08-21 00:00:00-04:00,19.40955181689609,19.806069352792615,18.923817599079758,18.993207931518555,70640600,0.0,0.0
2012-08-22 00:00:00-04:00,19.19146941944757,19.359989624129515,18.794949956140695,19.27077293395996,49892200,0.0,0.0
2012-08-23 00:00:00-04:00,19.33025009715802,19.558247465038026,19.19146941944757,19.27077293395996,32813700,0.0,0.0
2012-08-24 00:00:00-04:00,19.35007467823663,19.508681692751296,19.08242463221385,19.241031646728516,29622200,0.0,0.0
2012-08-27 00:00:00-04:00,19.32033583101434,19.359988531404905,18.933731455930445,18.983295440673828,20704000,0.0,0.0
2012-08-28 00:00:00-04:00,18.93373176941876,19.211293113769045,18.78503792198184,19.171642303466797,25417000,0.0,0.0
2012-08-29 00:00:00-04:00,19.151817183992804,19.2112943486417,18.90399345875326,18.933732986450195,16124700,0.0,0.0
2012-08-30 00:00:00-04:00,19.10225388675654,19.280687277907607,18.894080966831943,18.92382049560547,30647500,0.0,0.0
2012-08-31 00:00:00-04:00,18.517387982546335,18.537214333198794,17.873046712300358,17.90278434753418,58764200,0.0,0.0
2012-09-04 00:00:00-04:00,17.922610459690798,18.1109570068931,17.397223518861157,17.57565689086914,46622400,0.0,0.0
2012-09-05 00:00:00-04:00,18.110955910207366,18.5867769462527,18.021739229605775,18.418256759643555,60781800,0.0,0.0
2012-09-06 00:00:00-04:00,18.576864401650436,19.092338153553023,18.557038051790002,18.79494857788086,46066500,0.0,0.0
2012-09-07 00:00:00-04:00,18.93373551756136,19.250949625754792,18.61652140936793,18.81477928161621,36371700,0.0,0.0
2012-09-10 00:00:00-04:00,18.894077271557375,19.03285982127924,18.388516725754446,18.64625358581543,24797800,0.0,0.0
2012-09-11 00:00:00-04:00,18.75529981109439,19.409554301769603,18.685909469772017,19.260860443115234,50508200,0.0,0.0
2012-09-12 00:00:00-04:00,20.579284416181512,20.975802037826163,20.103463270207932,20.747804641723633,121584000,0.0,0.0
2012-09-13 00:00:00-04:00,20.77754021694375,21.293014019231162,20.430588514197385,20.52971649169922,65041600,0.0,0.0
2012-09-14 00:00:00-04:00,20.946057745696553,21.887788537429515,20.718060401422587,21.80848503112793,72819800,0.0,0.0
2012-09-17 00:00:00-04:00,22.472651119114317,22.55195462017085,21.312836234447175,21.33266258239746,50667600,0.0,0.0
2012-09-18 00:00:00-04:00,21.41196877668871,21.788659981401956,21.183971418816355,21.67961883544922,36760500,0.0,0.0
2012-09-19 00:00:00-04:00,21.798574778998894,23.166562809536224,21.5804905801175,23.08725929260254,78782800,0.0,0.0
2012-09-20 00:00:00-04:00,22.819607685188366,23.037691869459838,22.343786615462502,22.39335060119629,57248900,0.0,0.0
2012-09-21 00:00:00-04:00,22.770044271349363,23.037694361046537,22.40326619946366,22.66100311279297,51218100,0.0,0.0
2012-09-24 00:00:00-04:00,21.590403877087116,21.788661725160036,20.18276502556591,20.60902214050293,79106500,0.0,0.0
2012-09-25 00:00:00-04:00,21.01545364671643,21.025364932337386,20.04398316104216,20.10346221923828,46291700,0.0,0.0
2012-09-26 00:00:00-04:00,19.974588614599906,20.599105359046288,19.62763507776799,20.44049835205078,38271900,0.0,0.0
2012-09-27 00:00:00-04:00,20.807277874870678,20.817191049879046,19.9845032566243,20.143110275268555,30215900,0.0,0.0
2012-09-28 00:00:00-04:00,20.390937229787273,21.758925347164713,20.32154688440851,21.47144889831543,65486000,0.0,0.0
2012-10-01 00:00:00-04:00,21.88779305432413,22.3933537203565,21.540839433626015,21.79857635498047,51262700,0.0,0.0
2012-10-02 00:00:00-04:00,21.88779098516606,22.294221736756388,21.630054088176717,22.07613754272461,29341400,0.0,0.0
2012-10-03 00:00:00-04:00,22.105874873561763,22.29422142851623,21.610227437914684,21.63996696472168,32000100,0.0,0.0
2012-10-04 00:00:00-04:00,22.125702549779373,22.205006068602252,21.223624314139705,21.75892448425293,46892100,0.0,0.0
2012-10-05 00:00:00-04:00,21.302928761909314,21.441709453214845,20.698238222800743,20.727977752685547,40529300,0.0,0.0
2012-10-08 00:00:00-04:00,20.222414016723633,20.569367583019922,19.984503486026274,20.222414016723633,32236700,0.0,0.0
2012-10-09 00:00:00-04:00,20.212502987622063,20.37111002492674,19.796159042011023,20.053895950317383,27161800,0.0,0.0
2012-10-10 00:00:00-04:00,19.75650679624513,19.766419971701364,19.280685718815253,19.469030380249023,39321800,0.0,0.0
2012-10-11 00:00:00-04:00,19.70694100156834,19.78624451480573,19.439292826107703,19.578073501586914,21817300,0.0,0.0
2012-10-12 00:00:00-04:00,19.578074045969053,19.627638034091248,19.310423972321324,19.35007667541504,18809400,0.0,0.0
2012-10-15 00:00:00-04:00,19.5086837063,19.70694154953373,19.32033714809475,19.35007667541504,20189700,0.0,0.0
2012-10-16 00:00:00-04:00,19.508684547212066,19.518597723412796,19.131991414564396,19.3104248046875,21834700,0.0,0.0
2012-10-17 00:00:00-04:00,19.330248507005525,20.30171695255321,19.20138101555319,19.706939697265625,44074500,0.0,0.0
2012-10-18 00:00:00-04:00,19.528512915796657,19.617729620069213,18.725562577343656,18.81477928161621,52157400,0.0,0.0
2012-10-19 00:00:00-04:00,18.834604263305664,18.894081431570637,18.636344514762307,18.834604263305664,34835000,0.0,0.0
2012-10-22 00:00:00-04:00,19.03286299162375,19.260860366705625,18.88416724281428,19.151817321777344,32447300,0.0,0.0
2012-10-23 00:00:00-04:00,19.08242795406244,19.627639425023332,18.933734088413566,19.330251693725586,78381200,0.0,0.0
2012-10-24 00:00:00-04:00,23.919943601249788,24.03889981369892,22.65108741909826,23.02777862548828,228949900,0.0,0.0
2012-10-25 00:00:00-04:00,23.087259865734346,23.10708432740116,22.27439643355382,22.36361312866211,76142000,0.0,0.0
2012-10-26 00:00:00-04:00,22.205004820984207,22.68082590718685,21.689531032225545,21.74901008605957,73175800,0.0,0.0
2012-10-31 00:00:00-04:00,20.63875689950619,21.312837648585255,20.54954021855486,20.926233291625977,99378200,0.0,0.0
2012-11-01 00:00:00-04:00,20.896498312701,21.2533651141246,20.827107965923105,21.025365829467773,37713900,0.0,0.0
2012-11-02 00:00:00-04:00,21.074929966578637,21.50118707944903,20.886583404689283,20.99562644958496,38344400,0.0,0.0
2012-11-05 00:00:00-05:00,20.916321941869683,21.29301315706107,20.737888564399327,21.06501579284668,31806700,0.0,0.0
2012-11-06 00:00:00-05:00,21.055106215687353,21.183975628437587,20.807282458124067,20.985715866088867,29062700,0.0,0.0
2012-11-07 00:00:00-05:00,20.668500318748197,20.767630193015197,20.192679191160707,20.291807174682617,33396800,0.0,0.0
2012-11-08 00:00:00-05:00,20.341373658936558,20.54954469938489,19.806073456506315,19.81598663330078,34254600,0.0,0.0
2012-11-09 00:00:00-05:00,19.786243396708013,19.82589609645843,18.96346878433478,19.04277229309082,42295500,0.0,0.0
2012-11-12 00:00:00-05:00,18.983295258042574,19.994416419336492,18.705733920958224,19.895286560058594,67349200,0.0,0.0
2012-11-13 00:00:00-05:00,19.439292906687562,19.934940339162043,19.38972702899317,19.687116622924805,71775100,0.0,0.0
2012-11-14 00:00:00-05:00,19.925028868955184,22.304136370305415,19.75650865186085,22.165355682373047,229751000,0.0,0.0
2012-11-15 00:00:00-05:00,22.14552519047981,22.30413220154231,21.461531273557323,21.977005004882812,78857700,0.0,0.0
2012-11-16 00:00:00-05:00,22.0563121623837,23.721687945028954,21.986921819897653,23.354907989501953,107182200,0.0,0.0
2012-11-19 00:00:00-05:00,23.751423719592,23.91003263521852,22.62134819462408,22.720478057861328,85021300,0.0,0.0
2012-11-20 00:00:00-05:00,22.532132487097613,23.691947588720613,22.50239485035405,22.89891242980957,46655300,0.0,0.0
2012-11-21 00:00:00-05:00,23.017863217456913,24.316460690186002,22.849343035768502,24.108287811279297,89862400,0.0,0.0
2012-11-23 00:00:00-05:00,24.366027603813563,24.465157468046527,23.672120444927714,23.79107666015625,29520900,0.0,0.0
2012-11-26 00:00:00-05:00,24.722894656635198,25.862883382187523,24.594025264356155,25.714189529418945,123865000,0.0,0.0
2012-11-27 00:00:00-05:00,25.813322119441043,26.26931690149423,25.238369217425102,25.92236328125,85760600,0.0,0.0
2012-11-28 00:00:00-05:00,25.714189299900994,26.259400718767676,25.525842746344637,26.13053321838379,49205600,0.0,0.0
2012-11-29 00:00:00-05:00,26.26931284762686,27.280434022333143,25.932272456058097,27.08217430114746,88759700,0.0,0.0
2012-11-30 00:00:00-05:00,27.02269813338353,27.756256103515625,26.527050702963606,27.756256103515625,127049600,0.0,0.0
2012-12-03 00:00:00-05:00,27.756255242739734,28.62859386129811,26.745134062261165,26.80461311340332,123526100,0.0,0.0
2012-12-04 00:00:00-05:00,26.824437344507505,27.51834447596217,26.447746144207287,27.22095489501953,72869200,0.0,0.0
2012-12-05 00:00:00-05:00,27.508433220769245,27.65712707624603,27.022698951147756,27.468780517578125,58976300,0.0,0.0
2012-12-06 00:00:00-05:00,27.439042201036212,27.50843253915634,26.586528011000564,26.73522186279297,46001500,0.0,0.0
2012-12-07 00:00:00-05:00,26.83435225460812,27.53817260667471,26.60635488466547,27.250696182250977,51751900,0.0,0.0
2012-12-10 00:00:00-05:00,26.933482860643796,27.924777773599775,26.864092519256076,27.5976505279541,50608500,0.0,0.0
2012-12-11 00:00:00-05:00,27.825645901482055,27.994166100185602,27.41921516768142,27.73642921447754,77099100,0.0,0.0
2012-12-12 00:00:00-05:00,27.756258271603265,27.895038957922864,27.131743292420012,27.339914321899414,46704200,0.0,0.0
2012-12-13 00:00:00-05:00,27.34982230383085,28.499724062574273,27.19121529509001,27.994163513183594,81051600,0.0,0.0
2012-12-14 00:00:00-05:00,27.934689155328993,28.083383004572546,26.527050393716586,26.576614379882812,91631600,0.0,0.0
2012-12-17 00:00:00-05:00,26.536963878461393,26.76496124267578,26.090880434785504,26.51713752746582,57742500,0.0,0.0
2012-12-18 00:00:00-05:00,26.725309349449226,27.66704025204381,26.6658321854075,27.468780517578125,60512900,0.0,0.0
2012-12-19 00:00:00-05:00,27.587736364972333,27.974340762155833,26.71539770470715,27.1713924407959,61390300,0.0,0.0
2012-12-20 00:00:00-05:00,27.250697496004076,27.3597405437314,26.89383071489285,27.121829986572266,35574800,0.0,0.0
2012-12-21 00:00:00-05:00,26.42792014364876,26.774873713966443,25.892621916061493,26.031402587890625,54555200,0.0,0.0
2012-12-24 00:00:00-05:00,26.269316667747947,26.725311445743657,25.97192893346771,26.695573806762695,28230100,0.0,0.0
2012-12-26 00:00:00-05:00,26.794703960609965,26.943397829297467,26.15036071172226,26.27923011779785,33175400,0.0,0.0
2012-12-27 00:00:00-05:00,26.318876237064515,26.566699937566984,25.297843801070997,25.82322883605957,43481700,0.0,0.0
2012-12-28 00:00:00-05:00,25.25819304928085,25.88270988152531,24.93106581502016,25.684450149536133,56574800,0.0,0.0
2012-12-31 00:00:00-05:00,25.97192927128102,26.755051323468994,25.8827125716875,26.388273239135742,60374500,0.0,0.0
2013-01-02 00:00:00-05:00,27.201131510853884,27.93468948098598,27.18130515985831,27.756256103515625,69846400,0.0,0.0
2013-01-03 00:00:00-05:00,27.637302343364585,28.22216651447435,27.34982779137143,27.528261184692383,63140600,0.0,0.0
2013-01-04 00:00:00-05:00,27.76617046982367,28.67816185653878,27.587737084700827,28.509641647338867,72715400,0.0,0.0
2013-01-07 00:00:00-05:00,28.440251724370295,29.530676512225043,28.40059902009612,29.163896560668945,83781800,0.0,0.0
2013-01-08 00:00:00-05:00,29.253113192535004,29.342329886217787,28.608771875405466,28.807029724121094,45871300,0.0,0.0
2013-01-09 00:00:00-05:00,29.411718154039967,30.33362266326361,29.23328477925541,30.32370948791504,104787700,0.0,0.0
2013-01-10 00:00:00-05:00,30.333623486293703,31.176224506335597,30.01640942951203,31.027528762817383,95316400,0.0,0.0
2013-01-11 00:00:00-05:00,31.007707834097673,31.681786836163703,30.829274434148232,31.443876266479492,89598000,0.0,0.0
2013-01-14 00:00:00-05:00,31.80074253933083,31.929608155004303,30.353450987023894,30.680578231811523,98892800,0.0,0.0
2013-01-15 00:00:00-05:00,30.373272769534697,31.43395792755055,29.61988847721857,29.837974548339844,173242600,0.0,0.0
2013-01-16 00:00:00-05:00,29.947017613915627,30.085800183733618,29.272938679314443,29.590152740478516,75332700,0.0,0.0
2013-01-17 00:00:00-05:00,29.81814925698802,30.15518966001257,29.768585270379365,29.877626419067383,40256700,0.0,0.0
2013-01-18 00:00:00-05:00,30.046147169085256,30.175016561812157,29.015201480994705,29.401805877685547,49631500,0.0,0.0
2013-01-22 00:00:00-05:00,29.491025282145465,30.6211009400195,29.48111210558138,30.462493896484375,55243300,0.0,0.0
2013-01-23 00:00:00-05:00,30.829271471432325,31.225789049467043,30.53188186984757,30.551708221435547,48899800,0.0,0.0
2013-01-24 00:00:00-05:00,30.997789062844756,31.215873239675656,30.541792468523138,30.8094425201416,43845100,0.0,0.0
2013-01-25 00:00:00-05:00,31.13656870039563,31.652042436659585,30.859005483004715,31.265438079833984,54363600,0.0,0.0
2013-01-28 00:00:00-05:00,31.602477619204222,32.226992515765005,31.533087285224667,32.18734359741211,59682500,0.0,0.0
2013-01-29 00:00:00-05:00,31.72143468294403,31.790825018793793,30.44266343973032,30.521968841552734,72976500,0.0,0.0
2013-01-30 00:00:00-05:00,30.710313122520105,31.215873708477023,30.611183262201035,30.968050003051758,87682100,0.0,0.0
2013-01-31 00:00:00-05:00,28.89624789843402,31.19605191844217,28.489817113384913,30.710317611694336,190744900,0.0,0.0
2013-02-01 00:00:00-05:00,30.74005131085749,30.749964485532725,29.372063457591032,29.471193313598633,85856700,0.0,0.0
2013-02-04 00:00:00-05:00,28.807028210962404,28.945810777592957,27.766169360330238,27.865299224853516,92362200,0.0,0.0
2013-02-05 00:00:00-05:00,28.013992913699006,28.707898179845373,27.795908725609273,28.390684127807617,47948200,0.0,0.0
2013-02-06 00:00:00-05:00,28.489816331470934,29.035029682588046,28.410512811948724,28.797117233276367,38375900,0.0,0.0
2013-02-07 00:00:00-05:00,28.856595163495832,28.89624597633518,28.023907295674768,28.400598526000977,34540100,0.0,0.0
2013-02-08 00:00:00-05:00,28.63850830391676,28.91607154929616,28.261817083736425,28.301467895507812,37708800,0.0,0.0
2013-02-11 00:00:00-05:00,28.36094974247613,28.43034008796882,27.795911911184113,28.013996124267578,37361800,0.0,0.0
2013-02-12 00:00:00-05:00,27.429132121922137,27.91486643434184,26.86409428687769,27.131744384765625,93498700,0.0,0.0
2013-02-13 00:00:00-05:00,27.12182844505727,28.073470619605633,27.07226256675063,27.66703987121582,50164000,0.0,0.0
2013-02-14 00:00:00-05:00,27.776080579286297,28.38076911786821,27.76616740445777,28.251901626586914,35615800,0.0,0.0
2013-02-15 00:00:00-05:00,28.27173464588604,28.499732048495147,27.845477481424094,28.073474884033203,33109300,0.0,0.0
2013-02-19 00:00:00-05:00,27.984252576947416,28.826853559988955,27.875211431432515,28.678159713745117,49396400,0.0,0.0
2013-02-20 00:00:00-05:00,28.66824635764021,28.79711385270631,28.083382260793275,28.212249755859375,42098200,0.0,0.0
2013-02-21 00:00:00-05:00,28.033821170500214,28.301469363387415,26.913656846000183,27.042526245117188,49642300,0.0,0.0
2013-02-22 00:00:00-05:00,27.379567444059653,27.389478729737707,26.58653034691509,26.893831253051758,36350200,0.0,0.0
2013-02-25 00:00:00-05:00,26.923570704677594,27.399391827145088,26.913657528283053,27.03261375427246,34652000,0.0,0.0
2013-02-26 00:00:00-05:00,27.121829821358347,27.220957801512036,26.46757532046988,27.151567459106445,31611700,0.0,0.0
2013-02-27 00:00:00-05:00,27.1020068551604,27.1020068551604,26.398186385514578,26.636098861694336,44319700,0.0,0.0
2013-02-28 00:00:00-05:00,26.606354216200998,27.062348944629775,26.110706785781076,27.012784957885742,83027800,0.0,0.0
2013-03-01 00:00:00-05:00,26.814525086661895,27.875212170339246,26.57661454821633,27.538171768188477,54064800,0.0,0.0
2013-03-04 00:00:00-05:00,27.51834571062556,27.815733414166242,27.20113165598352,27.47869300842285,32400700,0.0,0.0
2013-03-05 00:00:00-05:00,27.637302365667246,27.934691985023846,26.973134673739427,27.280437469482422,40622200,0.0,0.0
2013-03-06 00:00:00-05:00,27.85538363153114,27.885121264785518,27.111912548255813,27.211042404174805,33532600,0.0,0.0
2013-03-07 00:00:00-05:00,27.329999230987916,28.430337140422115,27.23086936595643,28.331207275390625,74540200,0.0,0.0
2013-03-08 00:00:00-05:00,28.1825140414329,28.222164853868335,27.488606861735708,27.716604232788086,44198900,0.0,0.0
2013-03-11 00:00:00-04:00,27.766169197783274,28.3906841263576,27.58773582083493,27.895036697387695,35642100,0.0,0.0
2013-03-12 00:00:00-04:00,27.85538619818039,28.07347038870108,27.35973876366026,27.587736129760742,27569600,0.0,0.0
2013-03-13 00:00:00-04:00,27.379563175709826,27.40930080959817,26.685656060228442,26.844263076782227,39619500,0.0,0.0
2013-03-14 00:00:00-04:00,26.864090273800638,27.19121749210313,26.596440215895456,26.80461311340332,27646400,0.0,0.0
2013-03-15 00:00:00-04:00,26.794701926528298,26.824439563561235,26.328792111732522,26.41800880432129,31597400,0.0,0.0
2013-03-18 00:00:00-04:00,26.140446993826036,26.55679092186377,25.555582859421957,26.259401321411133,26653700,0.0,0.0
2013-03-19 00:00:00-04:00,26.299049901471236,26.66582789322706,25.981833999236795,26.31887435913086,25254200,0.0,0.0
2013-03-20 00:00:00-04:00,26.44774530609194,26.457658480883698,25.55558037302592,25.634883880615234,44006500,0.0,0.0
2013-03-21 00:00:00-04:00,25.436626660415957,25.882710116061325,25.3374967935231,25.51593017578125,24336100,0.0,0.0
2013-03-22 00:00:00-04:00,25.575408026401394,25.783580941540997,25.40688781538171,25.506017684936523,18456300,0.0,0.0
2013-03-25 00:00:00-04:00,25.52584328455009,25.575407272493955,24.86167563607957,24.911239624023438,39199000,0.0,0.0
2013-03-26 00:00:00-04:00,24.861675861210554,25.258193440586926,24.81211187281787,24.990543365478516,26957200,0.0,0.0
2013-03-27 00:00:00-04:00,24.78237473895496,26.051233006257704,24.504811461210412,25.862886428833008,52297400,0.0,0.0
2013-03-28 00:00:00-04:00,25.8628852487152,25.94218876863145,25.297847432968805,25.357324600219727,28585700,0.0,0.0
2013-04-01 00:00:00-04:00,25.406884389393106,25.664621259183114,25.059932728853425,25.307756423950195,22249300,0.0,0.0
2013-04-02 00:00:00-04:00,25.545672653482292,25.89262628230638,25.07976279249888,25.198719024658203,35153300,0.0,0.0
2013-04-03 00:00:00-04:00,25.605146179863368,26.16027077252511,25.476278679881943,26.0214900970459,48195200,0.0,0.0
2013-04-04 00:00:00-04:00,26.38827092518001,26.992959525156525,25.88271030206377,26.834352493286133,82016800,0.0,0.0
2013-04-05 00:00:00-04:00,26.62618235760981,27.557998228120642,26.378358625735544,27.151567459106445,64566600,0.0,0.0
2013-04-08 00:00:00-04:00,26.953308571607234,26.963221747390413,26.398182072218965,26.616268157958984,27256000,0.0,0.0
2013-04-09 00:00:00-04:00,26.34861496259824,26.655915812491852,26.19000795034704,26.35852813720703,21311100,0.0,0.0
2013-04-10 00:00:00-04:00,26.77487718110889,27.597651924879393,26.665834130125845,27.330001831054688,45949400,0.0,0.0
2013-04-11 00:00:00-04:00,27.240784720363745,27.855388420121574,27.012787336076595,27.776084899902344,33368500,0.0,0.0
2013-04-12 00:00:00-04:00,27.756255320475994,27.756255320475994,27.002871020602264,27.16147804260254,28697400,0.0,0.0
2013-04-15 00:00:00-04:00,26.923570773555618,27.240784856012137,26.130535567414316,26.289142608642578,30275400,0.0,0.0
2013-04-16 00:00:00-04:00,26.57661256286768,26.87400213176745,26.170181853708264,26.68565559387207,27365900,0.0,0.0
2013-04-17 00:00:00-04:00,26.41801017551284,26.963223535269982,26.160273260295025,26.398183822631836,26440600,0.0,0.0
2013-04-18 00:00:00-04:00,26.586528188658193,26.586528188658193,24.931065675285435,25.466365814208984,39059000,0.0,0.0
2013-04-19 00:00:00-04:00,25.39697653009673,25.73401506139109,25.109500097462277,25.506017684936523,20380900,0.0,0.0
2013-04-22 00:00:00-04:00,25.585319974575082,26.1305332855889,25.476278824968244,25.743927001953125,25687600,0.0,0.0
2013-04-23 00:00:00-04:00,25.99175387747659,26.10079693108086,25.545672267790753,25.753843307495117,25191500,0.0,0.0
2013-04-24 00:00:00-04:00,25.7042780193404,26.170185959069638,25.575408618711116,25.88271141052246,19729900,0.0,0.0
2013-04-25 00:00:00-04:00,25.843054735945948,26.17018193928407,25.77366440353252,25.912445068359375,17150000,0.0,0.0
2013-04-26 00:00:00-04:00,26.368444435614386,27.37956567655914,26.368444435614386,26.616268157958984,33018000,0.0,0.0
2013-04-29 00:00:00-04:00,26.923567727518435,27.171391437742827,26.626180031547108,26.745134353637695,29201100,0.0,0.0
2013-04-30 00:00:00-04:00,26.893831131690646,27.607564704974468,26.774876796640054,27.528261184692383,36245700,0.0,0.0
2013-05-01 00:00:00-04:00,27.607561325690273,27.676951661100286,27.072261211250442,27.19121742248535,64567600,0.0,0.0
2013-05-02 00:00:00-04:00,27.76617126490911,28.767379372855277,27.73643173628872,28.71781349182129,104257000,0.0,0.0
2013-05-03 00:00:00-04:00,28.78720726159567,28.81694490105808,27.904953439556547,28.063560485839844,58506400,0.0,0.0
2013-05-06 00:00:00-04:00,28.0833862299251,28.212253743204535,27.24078513311312,27.330001831054688,43939400,0.0,0.0
2013-05-07 00:00:00-04:00,27.31017453039302,27.607564143460994,26.616269214724475,26.655920028686523,41259100,0.0,0.0
2013-05-08 00:00:00-04:00,26.6460082106767,27.0623521775972,26.41801081922491,26.883920669555664,34654900,0.0,0.0
2013-05-09 00:00:00-04:00,26.84426392341992,27.310171812897764,26.616266566276174,26.80461311340332,33457200,0.0,0.0
2013-05-10 00:00:00-04:00,26.903740989545128,27.062348010545428,26.33870324088845,26.44774627685547,30847100,0.0,0.0
2013-05-13 00:00:00-04:00,26.3684483652775,27.092093288589012,26.29905801519903,26.586532592773438,29068800,0.0,0.0
2013-05-14 00:00:00-04:00,26.6559191097457,27.042525404331627,26.586528769645522,26.834352493286133,24930300,0.0,0.0
2013-05-15 00:00:00-04:00,26.68565657462259,26.755046909359343,26.170182815514107,26.36844253540039,30299800,0.0,0.0
2013-05-16 00:00:00-04:00,26.249488072383755,26.31887841173886,25.674537115340808,25.90253448486328,35499100,0.0,0.0
2013-05-17 00:00:00-04:00,26.170183948022895,26.368443676488823,25.971926110301865,26.0214900970459,29462700,0.0,0.0
2013-05-20 00:00:00-04:00,25.95210294038384,25.96201611709673,25.466368625922847,25.53575897216797,42402900,0.0,0.0
2013-05-21 00:00:00-04:00,25.644799342025344,25.852970358979587,25.367236095341426,25.436626434326172,26261300,0.0,0.0
2013-05-22 00:00:00-04:00,25.426715212212535,25.624974959468553,24.70307034899471,24.940980911254883,45314500,0.0,0.0
2013-05-23 00:00:00-04:00,24.584111485919806,25.30775816227377,24.55437385054223,24.841848373413086,37663100,0.0,0.0
2013-05-24 00:00:00-04:00,24.752635594530062,24.752635594530062,23.870383645106102,24.09838104248047,58727900,0.0,0.0
2013-05-28 00:00:00-04:00,24.326377572817346,24.326377572817346,23.711773907455942,23.890207290649414,50079700,0.0,0.0
2013-05-29 00:00:00-04:00,23.582904632416415,23.602729091814254,23.057517698104935,23.116994857788086,64237800,0.0,0.0
2013-05-30 00:00:00-04:00,23.91994640327118,24.564289635837373,23.721688546958184,24.33629035949707,60733200,0.0,0.0
2013-05-31 00:00:00-04:00,24.415592365628964,24.732808319393428,24.0587274901045,24.138031005859375,35925000,0.0,0.0
2013-06-03 00:00:00-04:00,24.058727506115876,24.1082914944663,23.50360100471734,23.642383575439453,35733800,0.0,0.0
2013-06-04 00:00:00-04:00,23.682034166932095,23.721686869838297,23.116996385733277,23.315256118774414,34760800,0.0,0.0
2013-06-05 00:00:00-04:00,23.14673459744159,23.503599449591437,22.591610023518072,22.700651168823242,53819700,0.0,0.0
2013-06-06 00:00:00-04:00,22.789868770556822,22.88899863542806,22.472654715564797,22.770042419433594,31260700,0.0,0.0
2013-06-07 00:00:00-04:00,22.82952238988181,23.19630044667074,22.661002180054602,23.08725929260254,38699200,0.0,0.0
2013-06-10 00:00:00-04:00,23.850554048083126,24.385854185559452,23.78116370968692,24.11820411682129,58393000,0.0,0.0
2013-06-11 00:00:00-04:00,23.820816040039062,24.138030091036264,23.791076513728743,23.820816040039062,29885900,0.0,0.0
2013-06-12 00:00:00-04:00,23.949686172144226,24.04881604666495,23.37473516881814,23.563081741333008,26445800,0.0,0.0
2013-06-13 00:00:00-04:00,23.51351288063716,23.622555917873807,23.067431337909223,23.523426055908203,31189300,0.0,0.0
2013-06-14 00:00:00-04:00,23.354905091539198,23.682032301771578,23.057517406144232,23.42429542541504,30677100,0.0,0.0
2013-06-17 00:00:00-04:00,23.701860506999598,24.03890091856066,23.543253476940855,23.810903549194336,33664500,0.0,0.0
2013-06-18 00:00:00-04:00,23.880292278140107,24.475069546124203,23.87037910308681,23.99924659729004,36709100,0.0,0.0
2013-06-19 00:00:00-04:00,23.989339877635654,24.97072170571004,23.890209998985224,24.09838104248047,31790600,0.0,0.0
2013-06-20 00:00:00-04:00,24.068641061090883,24.534548987457228,23.444124209865684,23.69194793701172,42765600,0.0,0.0
2013-06-21 00:00:00-04:00,24.375942544356135,24.484985591982618,23.840642373184362,24.316465377807617,45833900,0.0,0.0
2013-06-24 00:00:00-04:00,23.741512983366462,23.90012001191192,23.176473317085236,23.731599807739258,40626000,0.0,0.0
2013-06-25 00:00:00-04:00,23.92985733563546,24.217333752836566,23.830729362147395,24.03890037536621,24713200,0.0,0.0
2013-06-26 00:00:00-04:00,24.29663579414165,24.435416461213286,23.78116204395445,23.949682235717773,29890300,0.0,0.0
2013-06-27 00:00:00-04:00,24.028989523393328,24.62376687555924,23.999249994024254,24.44533348083496,34694100,0.0,0.0
2013-06-28 00:00:00-04:00,24.465158066244836,24.762545775470265,24.207421169235158,24.663415908813477,96778900,0.0,0.0
2013-07-01 00:00:00-04:00,24.752633602328984,24.8418502968593,24.405681891094442,24.594026565551758,20582200,0.0,0.0
2013-07-02 00:00:00-04:00,24.484984280900115,24.554374619948625,24.08846481648875,24.197507858276367,18394100,0.0,0.0
2013-07-03 00:00:00-04:00,24.009163264344743,24.494897568134785,23.939772919624037,24.30655288696289,10404400,0.0,0.0
2013-07-05 00:00:00-04:00,24.435415402315474,24.445328576783123,23.98933389573962,24.157854080200195,20229500,0.0,0.0
2013-07-08 00:00:00-04:00,24.256987276095845,24.82202699817362,24.207423283810392,24.494897842407227,27064600,0.0,0.0
2013-07-09 00:00:00-04:00,24.85176132935085,25.268105237664546,24.812110518949233,25.25819206237793,30387900,0.0,0.0
2013-07-10 00:00:00-04:00,25.35732094520097,25.605144645560927,25.24827791200426,25.57540512084961,26721800,0.0,0.0
2013-07-11 00:00:00-04:00,25.734015286652905,25.77366799111993,25.228456539913477,25.5853214263916,26777400,0.0,0.0
2013-07-12 00:00:00-04:00,25.51592994456881,25.704276500884035,25.327583388253583,25.684450149536133,16537900,0.0,0.0
2013-07-15 00:00:00-04:00,25.704275899438365,26.19992332706889,25.42671265929711,26.05122947692871,24234000,0.0,0.0
2013-07-16 00:00:00-04:00,26.16027168782369,26.5171384552505,25.78358045945259,26.09088134765625,30817600,0.0,0.0
2013-07-17 00:00:00-04:00,26.140447441373997,26.546878200613943,26.071055209892197,26.41800880432129,21518500,0.0,0.0
2013-07-18 00:00:00-04:00,26.517136594719748,26.536962945017926,25.89262168628585,25.952098846435547,24806900,0.0,0.0
2013-07-19 00:00:00-04:00,25.595231703086725,25.882708105672336,25.37714752545767,25.654708862304688,46539700,0.0,0.0
2013-07-22 00:00:00-04:00,25.763751677347518,25.902532344590572,25.4961016270261,25.82322883605957,27526300,0.0,0.0
2013-07-23 00:00:00-04:00,25.87279684842249,26.07105469075923,25.743927454695914,25.90253448486328,28221600,0.0,0.0
2013-07-24 00:00:00-04:00,26.090883542396288,26.299056471154884,25.82323344431171,26.27923011779785,82635600,0.0,0.0
2013-07-25 00:00:00-04:00,33.24803620527506,34.576371696395775,32.46491222421716,34.06089782714844,365457900,0.0,0.0
2013-07-26 00:00:00-04:00,33.47603478358835,34.42767713799736,33.26786372759086,33.71394348144531,136028900,0.0,0.0
2013-07-29 00:00:00-04:00,33.773416562598584,35.31983795063245,33.713937507927696,35.121578216552734,124718800,0.0,0.0
2013-07-30 00:00:00-04:00,35.33965846761584,37.62954686278098,35.0125293931698,37.30242156982422,173582800,0.0,0.0
2013-07-31 00:00:00-04:00,37.62954649415167,37.976501913482466,36.01373883050185,36.479644775390625,154828700,0.0,0.0
2013-08-01 00:00:00-04:00,36.975302046095045,37.95668574143519,36.59860889438476,37.16365051269531,106066500,0.0,0.0
2013-08-02 00:00:00-04:00,37.33216090335736,38.15493737793412,37.1735538913472,37.71876525878906,73058500,0.0,0.0
2013-08-05 00:00:00-04:00,38.095460221769066,38.977712006221545,37.91702685171242,38.84884262084961,79994800,0.0,0.0
2013-08-06 00:00:00-04:00,38.76954299275788,38.908323669598325,37.609726027824436,38.21441650390625,63950800,0.0,0.0
2013-08-07 00:00:00-04:00,38.2738964611504,38.601021809785145,37.371818258898934,38.53163146972656,68854800,0.0,0.0
2013-08-08 00:00:00-04:00,38.7893700560388,38.848845329210924,38.09546287760805,38.204505920410156,41301000,0.0,0.0
2013-08-09 00:00:00-04:00,38.25407265468392,38.40276841126842,37.67911976281336,38.16485595703125,43532300,0.0,0.0
2013-08-12 00:00:00-04:00,37.867464603508864,38.164852306743974,37.76833284810395,37.887290954589844,31161000,0.0,0.0
2013-08-13 00:00:00-04:00,37.90711572793927,37.98641734747277,36.449911126800785,36.69773483276367,65379200,0.0,0.0
2013-08-14 00:00:00-04:00,36.50939270322452,37.22312245435927,36.30121790188239,36.33095932006836,48423900,0.0,0.0
2013-08-15 00:00:00-04:00,36.04348524738709,36.74730375941327,35.706444810692986,36.24174499511719,56521100,0.0,0.0
2013-08-16 00:00:00-04:00,36.64817816449192,37.163652029585236,36.57878781548805,36.75722122192383,45840800,0.0,0.0
2013-08-19 00:00:00-04:00,37.10416854165965,37.946767697064445,36.81669211207826,37.48086166381836,57609600,0.0,0.0
2013-08-20 00:00:00-04:00,38.01615876070356,38.244159920562346,37.3619042631919,38.07563781738281,57995200,0.0,0.0
2013-08-21 00:00:00-04:00,38.045894911480154,38.51180088907072,37.817897564682745,37.98641586303711,46116900,0.0,0.0
2013-08-22 00:00:00-04:00,38.03598312468572,38.41267623431682,38.006245488645575,38.21441650390625,21931200,0.0,0.0
2013-08-23 00:00:00-04:00,38.660492595489025,40.27630398586103,38.59110227027266,40.196998596191406,86442300,0.0,0.0
2013-08-26 00:00:00-04:00,40.543960869368185,41.57490463922676,40.266395740011475,40.98012924194336,94162400,0.0,0.0
2013-08-27 00:00:00-04:00,40.32588102990618,40.841354885313365,39.07684720832597,39.2949333190918,72695100,0.0,0.0
2013-08-28 00:00:00-04:00,39.612134582589825,40.49438624447427,39.53283297440932,40.196998596191406,57918200,0.0,0.0
2013-08-29 00:00:00-04:00,40.534049871687856,41.41630177152316,40.44483317499159,40.920654296875,58303400,0.0,0.0
2013-08-30 00:00:00-04:00,41.65420966030882,41.89211830444438,40.702567520787134,40.930564880371094,67735100,0.0,0.0
2013-09-03 00:00:00-04:00,41.47577841557503,41.79299247836609,41.14864928623367,41.505516052246094,48774900,0.0,0.0
2013-09-04 00:00:00-04:00,41.64430294730801,41.802910002375135,41.079265077288255,41.41630554199219,42581900,0.0,0.0
2013-09-05 00:00:00-04:00,41.42620985228041,42.39767828497758,41.4063835028593,42.28863525390625,50035400,0.0,0.0
2013-09-06 00:00:00-04:00,42.714895337354754,44.221663966646744,42.03090325059625,43.56740951538086,117535700,0.0,0.0
2013-09-09 00:00:00-04:00,43.97383787338253,44.400094939323424,43.31958345752969,43.65662384033203,75794700,0.0,0.0
2013-09-10 00:00:00-04:00,43.85488706807085,43.874709637920446,42.85367712362239,43.220455169677734,54540300,0.0,0.0
2013-09-11 00:00:00-04:00,43.01228076851691,44.69748268487575,42.73471943458353,44.647918701171875,72328300,0.0,0.0
2013-09-12 00:00:00-04:00,45.13365186336737,45.222868548266526,44.26131514600848,44.360443115234375,68072300,0.0,0.0
2013-09-13 00:00:00-04:00,44.64792308050412,44.687575783952425,43.54758513949836,43.924278259277344,52765300,0.0,0.0
2013-09-16 00:00:00-04:00,44.45958433025485,44.54880104173425,42.0606519705722,42.13995361328125,70424200,0.0,0.0
2013-09-17 00:00:00-04:00,42.130037842271115,45.044443804611696,42.0606474942266,44.67766571044922,91934600,0.0,0.0
2013-09-18 00:00:00-04:00,44.44965739611026,45.074174156627926,44.01348906102062,44.83626174926758,79317000,0.0,0.0
2013-09-19 00:00:00-04:00,45.113825032571086,45.649125136262846,44.83626369650406,45.579734802246094,63972400,0.0,0.0
2013-09-20 00:00:00-04:00,45.91677833556244,47.1856345662617,45.34182927408554,47.076595306396484,115508400,0.0,0.0
2013-09-23 00:00:00-04:00,46.8684181932251,47.1360682501953,45.88703843249068,46.77920150756836,75177000,0.0,0.0
2013-09-24 00:00:00-04:00,48.08771547961407,49.227706163823996,47.740763766066735,48.02824020385742,136716100,0.0,0.0
2013-09-25 00:00:00-04:00,48.80144447428573,49.10874723573781,48.03814699441292,49.029441833496094,87879700,0.0,0.0
2013-09-26 00:00:00-04:00,49.57465424575335,50.15951836395294,49.06909553140649,49.95134735107422,98220100,0.0,0.0
2013-09-27 00:00:00-04:00,49.85222201943461,50.83360186443212,49.42596490486317,50.79395294189453,81410500,0.0,0.0
2013-09-30 00:00:00-04:00,49.70352318039293,51.15081275402266,49.36648278008973,49.79273986816406,100095000,0.0,0.0
2013-10-01 00:00:00-04:00,49.53500705393293,50.5857772212216,49.019533255371165,49.98108673095703,98114000,0.0,0.0
2013-10-02 00:00:00-04:00,49.693612269991135,50.65516571044401,49.51517889310508,49.84230422973633,62834000,0.0,0.0
2013-10-03 00:00:00-04:00,50.03065581460564,50.27847954456665,48.632930128885135,48.75188446044922,82045000,0.0,0.0
2013-10-04 00:00:00-04:00,49.33674672708719,50.7146460079218,49.13848699440461,50.5956916809082,74447000,0.0,0.0
2013-10-07 00:00:00-04:00,50.28839412273654,50.84352067553467,49.96126874414302,50.080223083496094,57204000,0.0,0.0
2013-10-08 00:00:00-04:00,50.159524500337945,50.159524500337945,46.67016949671482,46.729644775390625,136081000,0.0,0.0
2013-10-09 00:00:00-04:00,46.96754824601822,47.42354294221997,44.86600056689016,46.362857818603516,147297000,0.0,0.0
2013-10-10 00:00:00-04:00,47.45328429539713,49.24752936868517,47.413635374590136,48.62301254272461,99774000,0.0,0.0
2013-10-11 00:00:00-04:00,48.75188164034616,49.43587373413591,48.36527724900892,48.682491302490234,58428000,0.0,0.0
2013-10-14 00:00:00-04:00,47.889459126487736,49.19796812328544,47.49293964440175,49.079010009765625,68781000,0.0,0.0
2013-10-15 00:00:00-04:00,49.554827904780254,50.556033972537875,48.75187776858608,49.069091796875,81167000,0.0,0.0
2013-10-16 00:00:00-04:00,49.60439753045394,50.79395216260076,49.465616849976634,50.694820404052734,64678000,0.0,0.0
2013-10-17 00:00:00-04:00,50.674996776281745,51.76542348998429,50.50647844992661,51.75550842285156,71522000,0.0,0.0
2013-10-18 00:00:00-04:00,53.70836364968172,54.352706915243076,53.13341073192046,53.748016357421875,88260000,0.0,0.0
2013-10-21 00:00:00-04:00,54.20399437071785,54.33286374023098,53.04417760807807,53.38121795654297,58235000,0.0,0.0
2013-10-22 00:00:00-04:00,53.85705066308085,54.28330396682013,51.74559158758478,52.221412658691406,83204000,0.0,0.0
2013-10-23 00:00:00-04:00,51.29950830097211,51.79515572416991,50.684906555023964,51.448204040527344,57207000,0.0,0.0
2013-10-24 00:00:00-04:00,51.92401787606782,52.38001253429764,51.14089414900624,51.993408203125,46775000,0.0,0.0
2013-10-25 00:00:00-04:00,52.71705280824651,52.77653185198848,51.42837044575071,51.49776077270508,45085000,0.0,0.0
2013-10-28 00:00:00-04:00,51.0913374831684,51.249944507929335,49.17813811990167,49.79273986816406,73472000,0.0,0.0
2013-10-29 00:00:00-04:00,50.288383149386505,50.34786219682935,48.82126734586809,48.96996307373047,102143000,0.0,0.0
2013-10-30 00:00:00-04:00,49.564750110078265,49.77292115298291,48.32563135732631,48.58336639404297,127073000,0.0,0.0
2013-10-31 00:00:00-04:00,46.749466266716055,51.54733362457027,46.09521179889457,49.77291488647461,248809000,0.0,0.0
2013-11-01 00:00:00-04:00,50.40734411063124,51.63655144946817,49.287183597232286,49.31692123413086,95033000,0.0,0.0
2013-11-04 00:00:00-05:00,48.94023029362661,49.3169234309111,47.60198363272055,47.80024337768555,80371000,0.0,0.0
2013-11-05 00:00:00-05:00,47.37398602300645,49.74318032120978,47.09642086878662,49.673789978027344,76835000,0.0,0.0
2013-11-06 00:00:00-05:00,49.82247740792427,50.010825849240426,48.28597114947374,48.69240188598633,67889000,0.0,0.0
2013-11-07 00:00:00-05:00,48.811360308030636,49.435873343802974,46.88824586980854,47.1459846496582,97128000,0.0,0.0
2013-11-08 00:00:00-05:00,47.39380657532851,48.2264943731004,46.83868011631737,47.116241455078125,70731000,0.0,0.0
2013-11-11 00:00:00-05:00,46.63051272184821,47.116245102279386,45.331915049357065,45.79782485961914,80910000,0.0,0.0
2013-11-12 00:00:00-05:00,45.599563679171936,46.95763658210404,45.43104536764662,46.204254150390625,68196000,0.0,0.0
2013-11-13 00:00:00-05:00,45.82756537226565,48.31571783001201,45.65904704482355,48.28597640991211,79245000,0.0,0.0
2013-11-14 00:00:00-05:00,48.27605359207238,49.13847893915115,47.611884163686284,48.56352996826172,75117000,0.0,0.0
2013-11-15 00:00:00-05:00,48.68249816315733,49.04927625515461,48.285978649680565,48.58336639404297,42453000,0.0,0.0
2013-11-18 00:00:00-05:00,48.04806740834787,48.41484548081514,45.40130792702801,45.43104934692383,85910000,0.0,0.0
2013-11-19 00:00:00-05:00,45.85730058326109,46.59086047588595,45.32200420917265,45.9564323425293,75602000,0.0,0.0
2013-11-20 00:00:00-05:00,46.20425123763065,47.13606698838702,45.906863553899,46.02581787109375,53933000,0.0,0.0
2013-11-21 00:00:00-05:00,46.58094871675692,47.046854745362154,46.283557223468144,46.29347229003906,34886000,0.0,0.0
2013-11-22 00:00:00-05:00,46.630510613994176,46.858507975531744,45.55991036174152,45.82756042480469,40545000,0.0,0.0
2013-11-25 00:00:00-05:00,45.956435243579264,46.24391169136937,43.6566312242388,44.429840087890625,82565000,0.0,0.0
2013-11-26 00:00:00-05:00,44.271231966879135,45.76808566572814,43.17089397601148,45.49052429199219,82016000,0.0,0.0
2013-11-27 00:00:00-05:00,45.56983042832652,46.263733873719,45.13365822666248,46.085304260253906,44993000,0.0,0.0
2013-11-29 00:00:00-05:00,46.34303784048365,46.79903259937786,46.095214108716355,46.600772857666016,22953900,0.0,0.0
2013-12-02 00:00:00-05:00,46.49174159894332,47.12616985649035,45.85730955990559,46.65034866333008,50774000,0.0,0.0
2013-12-03 00:00:00-05:00,46.343034205989895,46.78911764448454,45.88703948285748,46.32320785522461,32086000,0.0,0.0
2013-12-04 00:00:00-05:00,46.05556502539042,48.34545784830917,45.85730526808956,48.19676208496094,60890000,0.0,0.0
2013-12-05 00:00:00-05:00,47.73084860739303,48.27606001936378,47.45328347758865,47.919193267822266,43855000,0.0,0.0
2013-12-06 00:00:00-05:00,48.553614334833824,48.96004501377702,47.294669602134384,47.522666931152344,42938000,0.0,0.0
2013-12-09 00:00:00-05:00,47.671369559621446,48.54371008775358,47.32441787419434,48.41484069824219,36056000,0.0,0.0
2013-12-10 00:00:00-05:00,48.216579579974095,50.328038611531255,48.11745161028169,49.812564849853516,68479000,0.0,0.0
2013-12-11 00:00:00-05:00,50.10995118840582,50.32803725363252,48.58335629479801,48.950138092041016,65776000,0.0,0.0
2013-12-12 00:00:00-05:00,50.605605888002046,51.6167271797277,50.21900146676667,51.37881851196289,92723000,0.0,0.0
2013-12-13 00:00:00-05:00,51.21029324417728,53.0342759708841,50.89307918574912,52.85584259033203,82641000,0.0,0.0
2013-12-16 00:00:00-05:00,52.7864604870463,54.02557927782204,52.449420024695684,53.34158706665039,85119000,0.0,0.0
2013-12-17 00:00:00-05:00,54.28330309332092,54.699648887270676,53.767833110700714,54.3824348449707,78751000,0.0,0.0
2013-12-18 00:00:00-05:00,54.38243192298224,55.403464330431724,53.28209411847405,55.08625030517578,76003000,0.0,0.0
2013-12-19 00:00:00-05:00,53.85705197446968,54.709562384196126,53.480358865946016,54.57078170776367,89753200,0.0,0.0
2013-12-20 00:00:00-05:00,54.451830192486085,54.66991628470002,53.75792299302447,54.640174865722656,239824000,0.0,0.0
2013-12-23 00:00:00-05:00,55.016868958315605,57.81232037584054,54.967304967804324,57.26710891723633,98297000,0.0,0.0
2013-12-24 00:00:00-05:00,57.76275091307596,58.07005367551716,56.41458932254517,57.455448150634766,46617800,0.0,0.0
2013-12-26 00:00:00-05:00,57.81231158443576,57.87179063289848,56.87058078196833,57.227447509765625,55101000,0.0,0.0
2013-12-27 00:00:00-05:00,56.979628451306056,57.17788818082978,54.76904135361756,54.9573860168457,60466000,0.0,0.0
2013-12-30 00:00:00-05:00,54.45182785859723,54.699651577676406,52.96488554412213,53.24244689941406,68307000,0.0,0.0
2013-12-31 00:00:00-05:00,53.64887795629993,54.382437832852936,53.44070693863254,54.17426681518555,43076200,0.0,0.0
2014-01-02 00:00:00-05:00,54.352699868050664,54.739304264665485,53.718267970937525,54.233741760253906,43195500,0.0,0.0
2014-01-03 00:00:00-05:00,54.54104724835295,55.165564110161476,54.055311071059656,54.085052490234375,38246200,0.0,0.0
2014-01-06 00:00:00-05:00,53.9462659698269,56.76154360196182,53.57948792022017,56.70206832885742,68852600,0.0,0.0
2014-01-07 00:00:00-05:00,57.19771588296938,58.040315026485565,56.7218947897672,57.41579818725586,77207400,0.0,0.0
2014-01-08 00:00:00-05:00,57.098581939557754,57.90153213068997,56.73180390328292,57.72309875488281,56682400,0.0,0.0
2014-01-09 00:00:00-05:00,58.13944526814596,58.44674425573709,56.15685554076148,56.721893310546875,92253300,0.0,0.0
2014-01-10 00:00:00-05:00,56.63268050908733,57.792493764107164,56.56329016638478,57.43562698364258,42449500,0.0,0.0
2014-01-13 00:00:00-05:00,57.40589163947228,57.74293208099002,54.89791657204005,55.423301696777344,63010900,0.0,0.0
2014-01-14 00:00:00-05:00,55.96851321636847,57.27702227700162,55.61164642137939,57.23737335205078,37503600,0.0,0.0
2014-01-15 00:00:00-05:00,57.47527633231749,58.06014045915137,56.77145787943821,57.09858322143555,33663400,0.0,0.0
2014-01-16 00:00:00-05:00,56.76154427109714,57.51493051221323,56.33529094336111,56.69215393066406,34541800,0.0,0.0
2014-01-17 00:00:00-05:00,56.80120097499183,57.31667481271953,55.581908616737735,55.809906005859375,40849200,0.0,0.0
2014-01-21 00:00:00-05:00,56.107290622744586,58.070057880278654,56.00816264393539,58.00066375732422,48669200,0.0,0.0
2014-01-22 00:00:00-05:00,58.33770423381345,58.79370276863537,56.60293813260331,57.009368896484375,61352900,0.0,0.0
2014-01-23 00:00:00-05:00,55.87928516775495,56.18658790802032,55.2052044211331,56.13702392578125,47951800,0.0,0.0
2014-01-24 00:00:00-05:00,55.661211496019426,55.928857797792155,53.92644537899376,53.976009368896484,55200700,0.0,0.0
2014-01-27 00:00:00-05:00,54.253567663073625,54.46173867776235,51.398637384878896,53.083839416503906,73924100,0.0,0.0
2014-01-28 00:00:00-05:00,53.54975436221778,54.79878435190955,53.52992800917631,54.660003662109375,48191200,0.0,0.0
2014-01-29 00:00:00-05:00,54.134610843164396,54.471651233958184,52.7269702293234,53.06401062011719,92995600,0.0,0.0
2014-01-30 00:00:00-05:00,61.57923400571922,61.95592710131231,59.93368473316795,60.54829025268555,150178900,0.0,0.0
2014-01-31 00:00:00-05:00,59.94360417062818,62.81835712888152,59.64621267366234,62.02532196044922,87794600,0.0,0.0
2014-02-03 00:00:00-05:00,62.48131136161564,63.21487119305878,60.17159639491008,60.94480514526367,74866600,0.0,0.0
2014-02-04 00:00:00-05:00,61.50984347274293,62.59035498918632,61.281846115519606,62.20375061035156,45985500,0.0,0.0
2014-02-05 00:00:00-05:00,62.193839604544564,62.610181620081235,60.73663498718681,61.648624420166016,51685100,0.0,0.0
2014-02-06 00:00:00-05:00,60.92497791921566,62.23348676169064,60.92497791921566,61.6188850402832,42086500,0.0,0.0
2014-02-07 00:00:00-05:00,61.72793601516739,64.00791360785273,61.67837202474837,63.76008987426758,60704300,0.0,0.0
2014-02-10 00:00:00-05:00,63.74026295644566,63.928603838299736,62.91748640193801,62.996788024902344,43666100,0.0,0.0
2014-02-11 00:00:00-05:00,63.19504624048488,64.43416479421988,62.798526790693785,64.28546905517578,45675600,0.0,0.0
2014-02-12 00:00:00-05:00,64.35486013959625,64.49364081418912,63.49243845648051,63.88895034790039,47282100,0.0,0.0
2014-02-13 00:00:00-05:00,63.621308340816434,66.74388885498047,63.492442723741995,66.74388885498047,61911700,0.0,0.0
2014-02-14 00:00:00-05:00,66.91240837106902,66.99171378129073,66.13919952885794,66.50597381591797,36694900,0.0,0.0
2014-02-18 00:00:00-05:00,66.35727511918807,66.95205047572016,65.4948459362802,66.71414184570312,43809900,0.0,0.0
2014-02-19 00:00:00-05:00,66.46632688100696,68.47865434247834,66.41675911021034,67.467529296875,62087100,0.0,0.0
2014-02-20 00:00:00-05:00,67.14040296753076,69.49968196850752,65.15781328379181,69.02385711669922,130928900,0.0,0.0
2014-02-21 00:00:00-05:00,69.08335046427459,69.3509967846032,67.8541392279297,67.992919921875,70932400,0.0,0.0
2014-02-24 00:00:00-05:00,68.14159904848411,70.8180994132792,67.94334312352689,70.1638412475586,76620300,0.0,0.0
2014-02-25 00:00:00-05:00,70.33236617547156,70.38193394287664,68.84542390907276,69.241943359375,52077000,0.0,0.0
2014-02-26 00:00:00-05:00,69.57898609252256,70.60001855081087,68.25064709607514,68.6570816040039,55322700,0.0,0.0
2014-02-27 00:00:00-05:00,68.73639385921817,69.40056727823927,68.2704915472816,68.33988189697266,41653700,0.0,0.0
2014-02-28 00:00:00-05:00,68.86526184261228,69.27168884205396,66.79345145064272,67.86405181884766,66783700,0.0,0.0
2014-03-03 00:00:00-05:00,66.37710914450017,67.45762457600652,65.93102944084781,66.82319641113281,56824100,0.0,0.0
2014-03-04 00:00:00-05:00,68.06230727923186,68.30021592296902,67.03135973906492,68.20108795166016,42013500,0.0,0.0
2014-03-05 00:00:00-05:00,69.08335887619211,71.3435105247715,69.01396852077016,70.94699096679688,74567700,0.0,0.0
2014-03-06 00:00:00-05:00,71.2542597655617,71.26417483011942,69.6384521396554,70.22331237792969,46026500,0.0,0.0
2014-03-07 00:00:00-05:00,70.46123899680373,70.56036696814381,68.86525370039622,69.1923828125,38927000,0.0,0.0
2014-03-10 00:00:00-04:00,70.15392819161387,71.52191982712556,69.89619699438384,71.40296173095703,59871600,0.0,0.0
2014-03-11 00:00:00-04:00,71.86887029561021,71.95808319402319,69.35098069079964,69.48976135253906,59408300,0.0,0.0
2014-03-12 00:00:00-04:00,69.25186016131285,70.72888739865778,68.39934596883681,70.26297760009766,46340500,0.0,0.0
2014-03-13 00:00:00-04:00,70.6694117904014,70.72888706211172,67.55674652123399,68.23082733154297,57091000,0.0,0.0
2014-03-14 00:00:00-04:00,67.8937869244282,68.8256065689874,66.87275436733718,67.1304931640625,48227000,0.0,0.0
2014-03-17 00:00:00-04:00,67.58648646899694,68.34978021298113,66.04006884779372,68.14160919189453,52197000,0.0,0.0
2014-03-18 00:00:00-04:00,68.16143517788693,68.99411921156916,67.70544045996866,68.58769226074219,40827000,0.0,0.0
2014-03-19 00:00:00-04:00,68.56785471961716,68.68681280999465,66.88265670231844,67.64595031738281,43981000,0.0,0.0
2014-03-20 00:00:00-04:00,67.41797158000654,67.63605767880154,66.23832817087737,66.38702392578125,44439000,0.0,0.0
2014-03-21 00:00:00-04:00,66.94213183549408,67.32873617474385,65.60388546401575,66.65465545654297,59999900,0.0,0.0
2014-03-24 00:00:00-04:00,66.60510490577697,66.77362321899278,62.80844372885297,63.54199981689453,85696000,0.0,0.0
2014-03-25 00:00:00-04:00,64.32511901855469,65.61380528477994,63.22478118463381,64.32511901855469,68786000,0.0,0.0
2014-03-26 00:00:00-04:00,64.17642708565175,64.38459809858679,59.844469608504106,59.864295959472656,97503900,0.0,0.0
2014-03-27 00:00:00-04:00,59.983252420504485,61.3611555007283,57.475277546736756,60.43925094604492,112650000,0.0,0.0
2014-03-28 00:00:00-04:00,60.80602229913444,61.41071272338051,58.823432727961475,59.48759841918945,67052000,0.0,0.0
2014-03-31 00:00:00-04:00,60.250906912650755,60.984466852433044,59.348828643514146,59.71561050415039,53011000,0.0,0.0
2014-04-01 00:00:00-04:00,59.9336857805438,62.114535208919534,59.71560348474905,62.07488250732422,59291000,0.0,0.0
2014-04-02 00:00:00-04:00,62.65975125511782,63.35365845840005,61.66845633085464,62.17401885986328,66277000,0.0,0.0
2014-04-03 00:00:00-04:00,62.00549352656173,62.62009528877372,58.61526687729028,58.97213363647461,83859000,0.0,0.0
2014-04-04 00:00:00-04:00,59.41821461196733,59.67595340215856,55.82972815287728,56.255985260009766,125214400,0.0,0.0
2014-04-07 00:00:00-04:00,55.413391354355504,57.495109317031215,54.957392785839545,56.45425033569336,108488000,0.0,0.0
2014-04-08 00:00:00-04:00,57.1778900570445,58.198922592584246,56.67232754109516,57.683448791503906,78836000,0.0,0.0
2014-04-09 00:00:00-04:00,59.11090857963851,61.916270830670065,58.674736457839074,61.86670684814453,100215000,0.0,0.0
2014-04-10 00:00:00-04:00,62.530882123571686,62.630010097831274,58.16918318933326,58.64500427246094,114988000,0.0,0.0
2014-04-11 00:00:00-04:00,57.09857668003153,59.78498835434577,56.81110407347977,58.02048110961914,91452000,0.0,0.0
2014-04-14 00:00:00-04:00,59.56691604071436,59.92378284179547,57.27702325477076,58.37736129760742,72325000,0.0,0.0
2014-04-15 00:00:00-04:00,58.77387466257602,59.160479062841354,55.39355925464161,58.57561492919922,108623000,0.0,0.0
2014-04-16 00:00:00-04:00,59.269524619745994,59.666040321831645,57.23737077477312,59.20013427734375,78774000,0.0,0.0
2014-04-17 00:00:00-04:00,58.78378862451395,60.05264870701386,58.20883953117764,58.42692184448242,88040000,0.0,0.0
2014-04-21 00:00:00-04:00,58.94240145840169,60.7069091796875,58.63510241986994,60.7069091796875,60364000,0.0,0.0
2014-04-22 00:00:00-04:00,62.104622486132286,62.887742526311776,61.67836540757767,62.4813117980957,60631000,0.0,0.0
2014-04-23 00:00:00-04:00,62.897661733288196,62.927399370009056,60.72672349690757,60.82585525512695,95908700,0.0,0.0
2014-04-24 00:00:00-04:00,63.04634899648481,63.09591676264278,59.24969180484403,60.34011459350586,138769000,0.0,0.0
2014-04-25 00:00:00-04:00,59.44795091437317,59.487599832806794,57.06884185983451,57.20762252807617,92502000,0.0,0.0
2014-04-28 00:00:00-04:00,57.544667803311995,57.802406593220226,54.18417871985636,55.65129470825195,107758000,0.0,0.0
2014-04-29 00:00:00-04:00,55.6017300124466,57.77266443994961,55.35390629225947,57.643798828125,75557000,0.0,0.0
2014-04-30 00:00:00-04:00,57.07875607075509,59.32899192609923,56.662410290775654,59.25960159301758,76093000,0.0,0.0
2014-05-01 00:00:00-04:00,59.90395742669545,61.73785167249292,59.685871315620375,60.61769104003906,82429000,0.0,0.0
2014-05-02 00:00:00-04:00,60.766376989845575,61.35124113572547,59.65612775379032,59.93368911743164,54189000,0.0,0.0
2014-05-05 00:00:00-04:00,59.15056640839488,60.81594218628692,58.66483401237889,60.687076568603516,46057000,0.0,0.0
2014-05-06 00:00:00-04:00,60.449154028624264,60.61767610424783,57.98083219313955,58.02048110961914,55901000,0.0,0.0
2014-05-07 00:00:00-04:00,58.258399341766925,58.78378440718166,55.77024712699379,56.890411376953125,78587000,0.0,0.0
2014-05-08 00:00:00-04:00,56.73180564816436,58.307964661945185,56.00816083801831,56.26589584350586,61251000,0.0,0.0
2014-05-09 00:00:00-04:00,56.355117705686894,57.14815670932457,55.889211639763516,56.74172592163086,52584000,0.0,0.0
2014-05-12 00:00:00-04:00,57.47527581496667,59.378563922010414,57.47527581496667,59.309173583984375,48575000,0.0,0.0
2014-05-13 00:00:00-04:00,59.14065149057127,60.3599437206586,58.991955748235576,59.309173583984375,48525000,0.0,0.0
2014-05-14 00:00:00-04:00,59.011785148970134,59.923778438212786,58.436836063971725,58.71439743041992,47429000,0.0,0.0
2014-05-15 00:00:00-04:00,58.74413349050401,58.86309159992199,57.019282500332324,57.41579818725586,56814000,0.0,0.0
2014-05-16 00:00:00-04:00,57.80241098828578,57.94119167887027,56.81111601955058,57.51493453979492,47933000,0.0,0.0
2014-05-19 00:00:00-04:00,57.38605970171199,59.04152410913479,57.06884564426987,58.6945686340332,43034000,0.0,0.0
2014-05-20 00:00:00-04:00,58.9820400461125,59.666032090353035,57.673531224919586,58.05022430419922,53931000,0.0,0.0
2014-05-21 00:00:00-04:00,58.05023278398514,59.97334359751105,57.74292999264493,59.96343231201172,58992000,0.0,0.0
2014-05-22 00:00:00-04:00,60.409502238264295,60.94480232442013,59.87420593359793,59.993160247802734,54200000,0.0,0.0
2014-05-23 00:00:00-04:00,59.884117495872395,60.915064974411784,59.6263825169823,60.81593322753906,38294000,0.0,0.0
2014-05-27 00:00:00-04:00,61.083589595318685,62.95713631803618,61.03402560749613,62.927398681640625,55682000,0.0,0.0
2014-05-28 00:00:00-04:00,62.838176116177934,63.581647208478174,62.07487867430428,62.957130432128906,47795000,0.0,0.0
2014-05-29 00:00:00-04:00,63.28426431213499,63.74026282381791,62.957135191677004,63.27435302734375,42700000,0.0,0.0
2014-05-30 00:00:00-04:00,63.39330941261756,63.611391718520906,62.015410110974415,62.748966217041016,45253500,0.0,0.0
2014-06-02 00:00:00-04:00,62.6795681068758,63.036434830557724,61.509839971024796,62.53087615966797,35996000,0.0,0.0
2014-06-03 00:00:00-04:00,62.07488061002409,62.86791571024282,61.777492920128275,62.32270431518555,32217000,0.0,0.0
2014-06-04 00:00:00-04:00,61.90636436572427,63.03643989382836,61.52967126252632,62.78861618041992,36514000,0.0,0.0
2014-06-05 00:00:00-04:00,63.10583674981284,63.799743975334096,62.27314883548536,62.63992691040039,47352000,0.0,0.0
2014-06-06 00:00:00-04:00,62.81835040480597,62.927393437822815,61.60897332045715,61.95592498779297,42442000,0.0,0.0
2014-06-09 00:00:00-04:00,61.85680144392168,62.788617261038006,61.25211096775977,62.33262252807617,37617000,0.0,0.0
2014-06-10 00:00:00-04:00,62.97697284104822,65.2470393959706,62.94723519984966,65.19747161865234,69338000,0.0,0.0
2014-06-11 00:00:00-04:00,64.75137984546649,65.22720470518964,64.33503782007095,65.2073745727539,44242000,0.0,0.0
2014-06-12 00:00:00-04:00,65.27676422227357,65.89136975065034,63.502345536957236,63.7303466796875,55730000,0.0,0.0
2014-06-13 00:00:00-04:00,64.13676681809484,64.40442063385267,63.27434523237866,63.93851089477539,29419000,0.0,0.0
2014-06-16 00:00:00-04:00,63.60148413444783,64.31521010640505,63.19504959700539,63.631221771240234,31046000,0.0,0.0
2014-06-17 00:00:00-04:00,63.541994524147064,64.31520325024296,63.37347622496802,63.839385986328125,27715000,0.0,0.0
2014-06-18 00:00:00-04:00,63.928615445348235,65.17764932185031,63.49245076761845,65.0289535522461,35570000,0.0,0.0
2014-06-19 00:00:00-04:00,64.89016018485229,65.00911828991248,63.65104161831528,63.7799072265625,34245000,0.0,0.0
2014-06-20 00:00:00-04:00,63.898858197515764,64.24580984481415,62.798520428241794,63.93851089477539,46466000,0.0,0.0
2014-06-23 00:00:00-04:00,63.76007893954132,65.08841785649992,63.66095097570354,64.80094146728516,34560000,0.0,0.0
2014-06-24 00:00:00-04:00,64.79103666565192,66.58527805317442,64.70181618997917,65.14790344238281,57335000,0.0,0.0
2014-06-25 00:00:00-04:00,65.00912652539292,66.89258849772563,64.99921145797029,66.85293579101562,44308000,0.0,0.0
2014-06-26 00:00:00-04:00,67.40806079149091,67.40806079149091,66.31763779128352,66.5456314086914,47714000,0.0,0.0
2014-06-27 00:00:00-04:00,66.72405920774928,67.11066362477122,66.25814938134332,67.01153564453125,46461000,0.0,0.0
2014-06-30 00:00:00-04:00,66.8727572200037,67.32875199490496,66.54562806747224,66.70423889160156,27102800,0.0,0.0
2014-07-01 00:00:00-04:00,66.9917119743393,67.84422620377741,66.80336352088808,67.467529296875,33243000,0.0,0.0
2014-07-02 00:00:00-04:00,67.44769891532673,67.70543768025688,65.21728562141902,65.87153625488281,41895000,0.0,0.0
2014-07-03 00:00:00-04:00,66.2779818573755,66.41676254721183,65.18755891024122,65.71294403076172,25203200,0.0,0.0
2014-07-07 00:00:00-04:00,65.72285920216792,65.99050551499629,64.55313084099365,64.72164916992188,28745000,0.0,0.0
2014-07-08 00:00:00-04:00,64.4936424763789,64.98928991640759,61.668453580811345,62.21366500854492,68926000,0.0,0.0
2014-07-09 00:00:00-04:00,62.858005272339135,64.5531223124021,62.600270279355996,64.40442657470703,51432000,0.0,0.0
2014-07-10 00:00:00-04:00,62.758869121365024,64.77119238051573,62.5011303804866,64.30529022216797,44422000,0.0,0.0
2014-07-11 00:00:00-04:00,64.71172682372905,66.01032066160694,64.2259944631684,65.76249694824219,39212000,0.0,0.0
2014-07-14 00:00:00-04:00,66.5456205443509,67.57656809569966,66.3176269641656,67.30892181396484,38537000,0.0,0.0
2014-07-15 00:00:00-04:00,67.36838214916642,67.49724772839808,65.68318430330943,66.58525848388672,44213200,0.0,0.0
2014-07-16 00:00:00-04:00,66.95204868159207,67.34856809631418,66.48613893651701,67.07100677490234,29541600,0.0,0.0
2014-07-17 00:00:00-04:00,66.44648418045513,67.25934555211525,65.46510452072636,65.8318862915039,38188000,0.0,0.0
2014-07-18 00:00:00-04:00,66.2185013524566,67.86404692903734,65.58407323100622,67.82439422607422,42456000,0.0,0.0
2014-07-21 00:00:00-04:00,68.2110075577528,69.35099833752803,67.90370852327575,68.7958755493164,49539000,0.0,0.0
2014-07-22 00:00:00-04:00,69.15273211822796,69.16263962156388,68.01274150728509,68.6669921875,40398000,0.0,0.0
2014-07-23 00:00:00-04:00,69.13290066414633,70.70906340709112,69.00403505642561,70.6694107055664,78435000,0.0,0.0
2014-07-24 00:00:00-04:00,75.298765871793,76.07197474712808,73.86139117410397,74.32730102539062,124168000,0.0,0.0
2014-07-25 00:00:00-04:00,74.33719792003076,75.01127871362357,74.01007637075645,74.53546142578125,45917000,0.0,0.0
2014-07-28 00:00:00-04:00,74.51563071486434,74.84275982457687,73.20712183899356,74.26780700683594,41725000,0.0,0.0
2014-07-29 00:00:00-04:00,74.06954632074839,74.26780224927919,72.78086009636152,73.0683364868164,41324000,0.0,0.0
2014-07-30 00:00:00-04:00,73.56399738962037,74.53546976909337,73.48469197844292,74.0299072265625,36853000,0.0,0.0
2014-07-31 00:00:00-04:00,73.35580922460464,73.52432751176254,71.80939188272556,72.01756286621094,43992000,0.0,0.0
2014-08-01 00:00:00-04:00,71.5913218523546,72.58261679339971,70.92715605696962,71.7301025390625,43535000,0.0,0.0
2014-08-04 00:00:00-04:00,71.73008856777206,73.23685325696793,71.73008856777206,72.87007904052734,30777000,0.0,0.0
2014-08-05 00:00:00-04:00,72.56279072065666,72.94939516426413,71.55167315190958,72.05723571777344,34986000,0.0,0.0
2014-08-06 00:00:00-04:00,71.39303944364106,73.07824493548654,71.16504590277151,71.83912658691406,30986000,0.0,0.0
2014-08-07 00:00:00-04:00,72.36452459705598,73.35581945454989,72.06713311461597,72.53304290771484,38141000,0.0,0.0
2014-08-08 00:00:00-04:00,72.76105546764266,72.79079310795609,71.92836372396299,72.42401123046875,27202000,0.0,0.0
2014-08-11 00:00:00-04:00,72.82052752772672,73.26661480164182,72.42400802746234,72.80070495605469,24591000,0.0,0.0
2014-08-12 00:00:00-04:00,72.45375330751052,72.6916695705483,71.59133143368749,72.1960220336914,27419000,0.0,0.0
2014-08-13 00:00:00-04:00,72.48347966658329,73.60364008595971,72.41408933198439,73.12781524658203,29266000,0.0,0.0
2014-08-14 00:00:00-04:00,73.32607677599184,73.73250370686347,73.04851544505921,73.65320587158203,22207000,0.0,0.0
2014-08-15 00:00:00-04:00,73.67303242181306,74.00016153508514,72.36452353170417,72.9890365600586,38846600,0.0,0.0
2014-08-18 00:00:00-04:00,73.35582110864037,74.0695546322066,73.31616840588894,73.94068145751953,23974000,0.0,0.0
2014-08-19 00:00:00-04:00,74.1587728740654,74.92207422170637,73.86138892651384,74.63459777832031,26679000,0.0,0.0
2014-08-20 00:00:00-04:00,74.31737851154116,74.52554952919778,73.9704268154468,74.15876770019531,22917000,0.0,0.0
2014-08-21 00:00:00-04:00,74.26780432725872,74.5354581575409,73.76224942646631,73.92085266113281,20102000,0.0,0.0
2014-08-22 00:00:00-04:00,73.69285153026203,74.07946345877842,72.92955786478507,73.92085266113281,20897000,0.0,0.0
2014-08-25 00:00:00-04:00,74.28763789047328,74.62467450657232,74.1389421515557,74.36693572998047,19734000,0.0,0.0
2014-08-26 00:00:00-04:00,74.34712479996192,75.32850472968684,74.07947847839353,75.29876708984375,23993000,0.0,0.0
2014-08-27 00:00:00-04:00,74.61476721029138,74.83285330834963,73.81182072469532,73.98033905029297,36323000,0.0,0.0
2014-08-28 00:00:00-04:00,73.35582169487421,73.78207879913388,73.08817540288781,73.217041015625,21947000,0.0,0.0
2014-08-29 00:00:00-04:00,73.65321588030379,74.16868591308594,73.36573944477871,74.16868591308594,26241000,0.0,0.0
2014-09-02 00:00:00-04:00,74.35702127300596,76.03230425673125,74.16867285045946,76.01248168945312,34979000,0.0,0.0
2014-09-03 00:00:00-04:00,76.46850073158954,76.80554498653903,74.94190542348207,75.16990661621094,32389000,0.0,0.0
2014-09-04 00:00:00-04:00,75.229365976384,76.26031353362767,74.87249922337737,75.2888412475586,26676000,0.0,0.0
2014-09-05 00:00:00-04:00,75.437534860586,76.70639102971656,74.94188744683315,76.58744049072266,29476000,0.0,0.0
2014-09-08 00:00:00-04:00,76.58743920133067,77.48951354642465,76.3396154986265,77.21195220947266,28183000,0.0,0.0
2014-09-09 00:00:00-04:00,76.91457595598878,77.4895288751125,75.53667650142104,76.0025863647461,28882000,0.0,0.0
2014-09-10 00:00:00-04:00,75.85387663667936,77.27142853811486,75.84396913378029,76.7559585571289,29909000,0.0,0.0
2014-09-11 00:00:00-04:00,76.4585753155975,77.67787140860206,76.37927746897178,77.24169921875,32219000,0.0,0.0
2014-09-12 00:00:00-04:00,77.34082696858556,77.61839590137814,76.4288374497788,76.80553436279297,26676800,0.0,0.0
2014-09-15 00:00:00-04:00,76.47839830657257,76.57752627783148,72.79078029709737,73.93077087402344,49679000,0.0,0.0
2014-09-16 00:00:00-04:00,72.87999692098629,75.56641272594565,72.43391724607056,75.41771697998047,37742000,0.0,0.0
2014-09-17 00:00:00-04:00,75.29876908391651,76.57754057189814,74.91216462975704,75.76467895507812,28693000,0.0,0.0
2014-09-18 00:00:00-04:00,76.10171074556888,76.65684106595234,75.85388700558816,76.3297119140625,23031000,0.0,0.0
2014-09-19 00:00:00-04:00,76.72624128180489,77.61840837311289,75.77459890540347,77.23180389404297,76671000,0.0,0.0
2014-09-22 00:00:00-04:00,76.32970278145064,76.85508783727222,75.28884017287544,76.1314468383789,31961000,0.0,0.0
2014-09-23 00:00:00-04:00,75.66553773256754,77.94551135029066,75.3780613184456,77.60847473144531,36814000,0.0,0.0
2014-09-24 00:00:00-04:00,77.42012060239979,77.93559812191637,76.83526031396327,77.85629272460938,30680000,0.0,0.0
2014-09-25 00:00:00-04:00,77.91578248128619,78.2528267010324,76.45857767743061,76.54779815673828,37533000,0.0,0.0
2014-09-26 00:00:00-04:00,76.914567560328,78.15368618370985,76.65683633201009,78.1041259765625,28872000,0.0,0.0
2014-09-29 00:00:00-04:00,77.43995725148125,78.51054995332379,77.23178623826243,78.31229400634766,34031000,0.0,0.0
2014-09-30 00:00:00-04:00,78.65925060500979,79.01611738222637,77.91577941297193,78.3519515991211,35899000,0.0,0.0
2014-10-01 00:00:00-04:00,78.09419656933618,78.13384926556047,75.23927050799334,75.88361358642578,55090000,0.0,0.0
2014-10-02 00:00:00-04:00,75.9034493299178,76.8055313089207,74.9815447808508,76.40901184082031,36488000,0.0,0.0
2014-10-03 00:00:00-04:00,77.08308316339705,77.38046705557024,76.58743578012954,76.765869140625,23340000,0.0,0.0
2014-10-06 00:00:00-04:00,76.51805999650863,77.21196343981565,76.1810157790593,76.88483428955078,25729000,0.0,0.0
2014-10-07 00:00:00-04:00,76.37927121335713,77.27143052792289,75.57631724207663,75.62588500976562,25317000,0.0,0.0
2014-10-08 00:00:00-04:00,75.51684517178559,77.03352514640267,74.44624487335713,76.84517669677734,32976000,0.0,0.0
2014-10-09 00:00:00-04:00,76.60726807587787,77.08309295194896,75.18971607720295,75.24919891357422,32487000,0.0,0.0
2014-10-10 00:00:00-04:00,74.93196947592025,75.8340513642081,72.12661097070315,72.27530670166016,52146000,0.0,0.0
2014-10-13 00:00:00-04:00,72.59253048449952,74.12903307620789,71.8887044342755,72.3546142578125,43938000,0.0,0.0
2014-10-14 00:00:00-04:00,73.35582112775292,73.53425450869096,71.42279913674051,72.94938659667969,50299000,0.0,0.0
2014-10-15 00:00:00-04:00,71.06593554326263,73.15756843857527,69.70785877429799,72.57270050048828,61528000,0.0,0.0
2014-10-16 00:00:00-04:00,70.17377769119268,72.71149060605931,69.96560663767451,71.99775695800781,53529000,0.0,0.0
2014-10-17 00:00:00-04:00,73.58382044905746,75.33840901552378,73.1079955907221,75.2888412475586,76342000,0.0,0.0
2014-10-20 00:00:00-04:00,74.94189706156473,76.4189244264104,74.72381096145726,76.28014373779297,34701000,0.0,0.0
2014-10-21 00:00:00-04:00,76.88482166844967,78.05454982584959,76.47839473636733,78.00498962402344,32252000,0.0,0.0
2014-10-22 00:00:00-04:00,78.13385428416618,79.15488669784348,77.3309079322411,77.68777465820312,41862000,0.0,0.0
2014-10-23 00:00:00-04:00,78.68898061476429,79.92809914804467,78.32220636922007,79.3432388305664,35056000,0.0,0.0
2014-10-24 00:00:00-04:00,79.5018407782966,80.11644628348985,78.62950406771388,79.9677505493164,32248000,0.0,0.0
2014-10-27 00:00:00-04:00,80.03714094586998,80.09662377737321,79.06567626607475,79.58114624023438,30169000,0.0,0.0
2014-10-28 00:00:00-04:00,79.482034106302,80.4535065426155,78.87734354590924,80.06689453125,74212000,0.0,0.0
2014-10-29 00:00:00-04:00,74.79319620338036,76.21074819439336,74.12903044416625,75.19963073730469,106120000,0.0,0.0
2014-10-30 00:00:00-04:00,74.39668627694678,74.69407021318311,72.2654007005097,73.4648666381836,83270000,0.0,0.0
2014-10-31 00:00:00-04:00,74.27773632769919,75.04103016720221,73.80191138925646,74.33721160888672,44544000,0.0,0.0
2014-11-03 00:00:00-05:00,74.81302495672301,74.8625851623741,73.05842880371803,73.23686218261719,40727000,0.0,0.0
2014-11-04 00:00:00-05:00,73.58381458680752,75.11040188718572,73.00886180132646,75.10049438476562,39326000,0.0,0.0
2014-11-05 00:00:00-05:00,75.8439877721711,76.13146424945587,73.77217714725018,74.1786117553711,35913000,0.0,0.0
2014-11-06 00:00:00-05:00,74.23806136863513,74.94187971600238,73.6631086128776,74.60484313964844,21383000,0.0,0.0
2014-11-07 00:00:00-05:00,74.73371589715062,75.19962567276689,74.3669340909682,74.94188690185547,20774000,0.0,0.0
2014-11-10 00:00:00-05:00,74.7039736519133,74.82293174567943,73.96050258257736,74.34710693359375,21575100,0.0,0.0
2014-11-11 00:00:00-05:00,74.297554540895,74.32729974272425,73.38556498895493,73.96051788330078,18715700,0.0,0.0
2014-11-12 00:00:00-05:00,73.6333774231263,74.48589156645967,72.89982137990197,74.06954956054688,26536600,0.0,0.0
2014-11-13 00:00:00-05:00,74.08937002172826,74.58501741361587,72.99894727217128,73.6036376953125,26448500,0.0,0.0
2014-11-14 00:00:00-05:00,73.62346656852898,74.27772481208247,73.39547298400312,74.22815704345703,19476900,0.0,0.0
2014-11-17 00:00:00-05:00,74.22815520703193,75.0013715383691,73.23686036288524,73.5937271118164,28701200,0.0,0.0
2014-11-18 00:00:00-05:00,73.80189887396716,74.14885812333945,73.25669124191556,73.69285583496094,20690500,0.0,0.0
2014-11-19 00:00:00-05:00,73.36573886555435,73.89112396106324,72.47357192837886,72.69165802001953,25441200,0.0,0.0
2014-11-20 00:00:00-05:00,72.16625831614033,73.34589388480163,71.87878194107775,72.95928955078125,19154900,0.0,0.0
2014-11-21 00:00:00-05:00,73.85146520582296,73.85146520582296,72.86017037084547,73.10799407958984,23060400,0.0,0.0
2014-11-24 00:00:00-05:00,72.8998205194408,73.70276688750648,72.7114720872361,73.36573028564453,22103800,0.0,0.0
2014-11-25 00:00:00-05:00,73.56399690540972,75.08067696003899,73.48469149475427,74.97163391113281,32250200,0.0,0.0
2014-11-26 00:00:00-05:00,74.87251019445212,77.10292394607652,74.85268762214918,76.94432067871094,32695300,0.0,0.0
2014-11-28 00:00:00-05:00,76.99386771182516,77.58864309785378,76.55770312899317,77.02360534667969,15992000,0.0,0.0
2014-12-01 00:00:00-05:00,76.5874281396807,76.63698833527594,74.14884416483793,74.44622802734375,31789900,0.0,0.0
2014-12-02 00:00:00-05:00,74.67425022420045,75.24920310897281,74.38677378181427,74.80311584472656,16773900,0.0,0.0
2014-12-03 00:00:00-05:00,74.72380447779284,75.07076373221162,73.75233974176327,74.22815704345703,16689900,0.0,0.0
2014-12-04 00:00:00-05:00,74.17858743139385,74.89232085640724,74.01006914020421,74.58501434326172,14362800,0.0,0.0
2014-12-05 00:00:00-05:00,75.14015923794307,76.09180146975538,74.70398704557819,75.69528198242188,24306400,0.0,0.0
2014-12-08 00:00:00-05:00,75.51684520276426,76.57753043507391,74.74363639679756,75.8538818359375,25733900,0.0,0.0
2014-12-09 00:00:00-05:00,74.54536629749202,76.26030963754651,74.1290242945814,76.17108917236328,25358600,0.0,0.0
2014-12-10 00:00:00-05:00,75.98276319216455,76.8749302039337,75.40781027758216,75.51685333251953,32210500,0.0,0.0
2014-12-11 00:00:00-05:00,75.85387892677744,77.83646863546768,75.81423378802563,77.05335235595703,33462100,0.0,0.0
2014-12-12 00:00:00-05:00,76.48833046278048,78.1933516131421,76.34954219643251,77.15249633789062,28091600,0.0,0.0
2014-12-15 00:00:00-05:00,77.77699844227408,77.89595655523468,75.89353658345476,76.31979370117188,29396500,0.0,0.0
2014-12-16 00:00:00-05:00,75.52676792879505,76.71631889507637,73.94068988977918,74.03982543945312,31554600,0.0,0.0
2014-12-17 00:00:00-05:00,74.35702595009424,75.74484019919781,74.24798291575887,75.44744873046875,29203900,0.0,0.0
2014-12-18 00:00:00-05:00,76.220656768494,77.71751403808594,75.84396746617048,77.71751403808594,34222100,0.0,0.0
2014-12-19 00:00:00-05:00,78.06447086928395,79.30358945451069,77.64812883976289,79.18463134765625,43335000,0.0,0.0
2014-12-22 00:00:00-05:00,79.38290512159858,81.1771466448106,79.30359970677645,80.74097442626953,31395800,0.0,0.0
2014-12-23 00:00:00-05:00,81.30600124140754,81.4546969832813,79.7001084055139,79.90827941894531,19865800,0.0,0.0
2014-12-24 00:00:00-05:00,80.32463335116677,80.72115286727391,80.04707195878596,80.06689453125,7685500,0.0,0.0
2014-12-26 00:00:00-05:00,80.31472143795695,80.57246026799689,79.80916640896989,80.07681274414062,10647400,0.0,0.0
2014-12-29 00:00:00-05:00,79.78932749481956,80.2552373260649,79.0161186527444,79.32341766357422,14134700,0.0,0.0
2014-12-30 00:00:00-05:00,79.15489328997785,79.88844937088965,78.41142214280276,78.53038024902344,14370800,0.0,0.0
2014-12-31 00:00:00-05:00,78.84758493088881,79.10532368224256,77.18220945664227,77.34081268310547,19935400,0.0,0.0
2015-01-02 00:00:00-05:00,77.89594775017927,78.24289942003792,77.02360347970135,77.76707458496094,18177500,0.0,0.0
2015-01-05 00:00:00-05:00,77.30117497890204,78.56011609844697,76.19092203502743,76.51805114746094,26452200,0.0,0.0
2015-01-06 00:00:00-05:00,76.55771434208222,76.91457357558359,74.70399001385606,75.48711395263672,27399300,0.0,0.0
2015-01-07 00:00:00-05:00,76.09180449317647,76.68657996631937,75.15998479536496,75.48711395263672,22045300,0.0,0.0
2015-01-08 00:00:00-05:00,76.0719608627247,77.54899556062028,75.41771022722993,77.49942779541016,23961000,0.0,0.0
2015-01-09 00:00:00-05:00,77.51925768312091,77.93560728645224,76.52796278915272,77.06326293945312,21157000,0.0,0.0
2015-01-12 00:00:00-05:00,77.16238463275415,77.32099543310338,75.54657680983748,76.05213928222656,19190200,0.0,0.0
2015-01-13 00:00:00-05:00,76.55770116455535,77.40030023672344,75.18970949251431,75.78448486328125,25179600,0.0,0.0
2015-01-14 00:00:00-05:00,75.75475510845044,76.52796392716691,75.3681506990922,75.61597442626953,25918600,0.0,0.0
2015-01-15 00:00:00-05:00,75.73492930174481,75.90344761390922,72.89982537894511,73.40538787841797,34134000,0.0,0.0
2015-01-16 00:00:00-05:00,73.39547526196397,74.66433152316812,73.19721174428838,74.52555084228516,21791500,0.0,0.0
2015-01-20 00:00:00-05:00,75.06083926466499,75.64569953369838,74.16867248200678,75.57630920410156,22821600,0.0,0.0
2015-01-21 00:00:00-05:00,75.49701521599378,76.62709067723397,75.18970868672386,76.07196044921875,25096700,0.0,0.0
2015-01-22 00:00:00-05:00,76.49823511978008,77.07318804831053,76.0125026760813,76.97406005859375,19519500,0.0,0.0
2015-01-23 00:00:00-05:00,76.9740629245645,77.50936316454288,76.3693723329027,77.15249633789062,16746500,0.0,0.0
2015-01-26 00:00:00-05:00,77.30118041432598,77.78691280262184,76.61718450622979,76.82535552978516,19260800,0.0,0.0
2015-01-27 00:00:00-05:00,76.04222770224956,76.21074601311109,74.97162743975352,75.12032318115234,20110000,0.0,0.0
2015-01-28 00:00:00-05:00,76.23056736571047,76.96412335901668,75.33840058305228,75.57630920410156,53306400,0.0,0.0
2015-01-29 00:00:00-05:00,76.18101605985579,77.34082934636405,73.56399797405138,77.32100677490234,61293500,0.0,0.0
2015-01-30 00:00:00-05:00,77.32100160849458,77.47961242151156,75.09058810055724,75.24919891357422,42649500,0.0,0.0
2015-02-02 00:00:00-05:00,75.4474647565992,75.47720239719297,73.10800789879916,74.33721160888672,41955300,0.0,0.0
2015-02-03 00:00:00-05:00,74.53546606320558,74.92207046974838,73.21704202910837,74.74363708496094,26957700,0.0,0.0
2015-02-04 00:00:00-05:00,74.43633373367891,75.68536748107134,74.3570358860037,74.97163391113281,20277400,0.0,0.0
2015-02-05 00:00:00-05:00,75.05094072782693,75.31859460305834,74.55529324641506,74.95181274414062,15062600,0.0,0.0
2015-02-06 00:00:00-05:00,75.02118972172626,75.04101228973938,73.60363787494883,73.82172393798828,21211000,0.0,0.0
2015-02-09 00:00:00-05:00,73.40538779510064,74.17859657989936,72.81060482558195,73.7919921875,16194300,0.0,0.0
2015-02-10 00:00:00-05:00,74.19841724749513,74.68414960136984,73.85146556615605,74.53546142578125,15811300,0.0,0.0
2015-02-11 00:00:00-05:00,74.43632681458317,76.08187989931314,74.37685154361012,75.8439712524414,20877400,0.0,0.0
2015-02-12 00:00:00-05:00,76.1909423312993,76.20085739997837,75.22938486992805,75.5664291381836,17235000,0.0,0.0
2015-02-13 00:00:00-05:00,75.79441445405841,75.81424458923905,74.8427721658647,75.08068084716797,18621900,0.0,0.0
2015-02-17 00:00:00-05:00,74.64450299355394,76.24048825927042,74.42641692301193,74.94188690185547,25254400,0.0,0.0
2015-02-18 00:00:00-05:00,75.2789274224383,76.23056949621073,74.79318753870633,76.04222106933594,22426400,0.0,0.0
2015-02-19 00:00:00-05:00,76.31979822604366,79.1449874002833,76.28014551937252,78.72864532470703,45851200,0.0,0.0
2015-02-20 00:00:00-05:00,78.85750845862877,79.64062473585815,78.51054921023507,79.20446014404297,36931700,0.0,0.0
2015-02-23 00:00:00-05:00,79.26394727526446,79.49194845292652,77.69769936048853,78.15369415283203,24139100,0.0,0.0
2015-02-24 00:00:00-05:00,77.81664235050326,78.78811458908662,77.4201229151023,77.76707458496094,18897100,0.0,0.0
2015-02-25 00:00:00-05:00,77.81664625384826,79.5018444851092,77.81664625384826,78.86741638183594,25593800,0.0,0.0
2015-02-26 00:00:00-05:00,79.1846369319597,80.6616718350596,79.026033674615,79.71002960205078,31111900,0.0,0.0
2015-02-27 00:00:00-05:00,79.97766789317632,80.52288307968269,77.9356029454969,78.28255462646484,30739200,0.0,0.0
2015-03-02 00:00:00-05:00,78.31228455929173,79.16479864181092,77.83645975577782,79.05575561523438,21662500,0.0,0.0
2015-03-03 00:00:00-05:00,78.91697378071919,79.00618667587337,77.83645859609881,78.90705871582031,18635000,0.0,0.0
2015-03-04 00:00:00-05:00,78.60967727645699,80.44357106480501,78.16359009789961,80.19574737548828,28126700,0.0,0.0
2015-03-05 00:00:00-05:00,80.52288952083683,81.2762682132085,80.34445613306879,80.50305938720703,27825700,0.0,0.0
2015-03-06 00:00:00-05:00,80.19575893618928,80.62201604578073,79.13507369552867,79.31350708007812,24488600,0.0,0.0
2015-03-09 00:00:00-04:00,78.98637514165267,79.21437628830196,77.94551250826441,78.74846649169922,18925100,0.0,0.0
2015-03-10 00:00:00-04:00,77.81664312753415,78.5700293060209,76.87491607666016,76.87491607666016,23067100,0.0,0.0
2015-03-11 00:00:00-04:00,77.12275367912981,77.74726680365448,76.58745347397411,76.8947525024414,20215700,0.0,0.0
2015-03-12 00:00:00-04:00,77.42012055384983,78.36185512957732,77.23177968908749,78.2428970336914,16093300,0.0,0.0
2015-03-13 00:00:00-04:00,77.91576727717019,78.68897598638132,77.0037779054329,77.37055969238281,18557300,0.0,0.0
2015-03-16 00:00:00-04:00,77.28133783179528,77.43994862208532,76.68656249416513,77.390380859375,19305400,0.0,0.0
2015-03-17 00:00:00-04:00,77.67787163097086,79.0855086220938,77.65804149702255,78.6691665649414,22170000,0.0,0.0
2015-03-18 00:00:00-04:00,78.56012006937081,80.53279478376231,78.48081466301844,80.20567321777344,36912400,0.0,0.0
2015-03-19 00:00:00-04:00,80.41384744333466,82.27747918904008,80.29488932906321,82.02965545654297,42099500,0.0,0.0
2015-03-20 00:00:00-04:00,82.6640839404855,83.86354990305719,82.34686986412753,83.07051849365234,44466300,0.0,0.0
2015-03-23 00:00:00-04:00,83.18946010338082,84.22040763147263,82.5748621506768,83.69502258300781,27357300,0.0,0.0
2015-03-24 00:00:00-04:00,83.97257696038311,85.3207384189263,83.78422853863732,84.56735229492188,32576500,0.0,0.0
2015-03-25 00:00:00-04:00,84.7557162494514,84.77553882027803,82.19817352294922,82.19817352294922,37436100,0.0,0.0
2015-03-26 00:00:00-04:00,81.9999076316628,83.0407626410545,81.42495482858212,82.28738403320312,32794800,0.0,0.0
2015-03-27 00:00:00-04:00,82.6541574550402,83.21919518683737,82.1585100565171,82.57485961914062,18372600,0.0,0.0
2015-03-30 00:00:00-04:00,83.08041369180808,83.60579871892675,81.69260704016594,82.47572326660156,24527700,0.0,0.0
2015-03-31 00:00:00-04:00,82.17836102576995,82.77313654221963,81.49436502221324,81.50428009033203,19734300,0.0,0.0
2015-04-01 00:00:00-04:00,81.78181421158095,81.99990025955506,80.16600654437592,80.95903778076172,22058200,0.0,0.0
2015-04-02 00:00:00-04:00,81.53400966882664,81.84130868329102,80.73106317917183,80.85001373291016,19664100,0.0,0.0
2015-04-06 00:00:00-04:00,80.09662062336496,82.08911767025192,80.09662062336496,81.72234344482422,19062900,0.0,0.0
2015-04-07 00:00:00-04:00,81.93053033751825,82.6938241325557,81.50427320021723,81.60340118408203,17467000,0.0,0.0
2015-04-08 00:00:00-04:00,81.91069529553911,82.37660511106864,81.12757141285884,81.5637435913086,18966700,0.0,0.0
2015-04-09 00:00:00-04:00,81.7818334335173,82.0792249439222,80.99870951489932,81.45470428466797,15927300,0.0,0.0
2015-04-10 00:00:00-04:00,81.49436214820636,81.89088166618271,81.19697818195966,81.32584381103516,12529700,0.0,0.0
2015-04-13 00:00:00-04:00,81.21678382670378,83.20928850608104,81.20686876100123,82.28738403320312,26883100,0.0,0.0
2015-04-14 00:00:00-04:00,82.4459941630099,82.9614717409337,81.722353128782,82.7929458618164,19634200,0.0,0.0
2015-04-15 00:00:00-04:00,82.82268948806671,82.931732528903,81.55382570042435,81.98999786376953,22390900,0.0,0.0
2015-04-16 00:00:00-04:00,81.75208614541917,82.34686153304405,81.43487210115396,81.59347534179688,13769700,0.0,0.0
2015-04-17 00:00:00-04:00,80.770723815328,81.39523697271372,79.67038570732862,80.07681274414062,24215000,0.0,0.0
2015-04-20 00:00:00-04:00,80.83018899523404,82.42617442761068,80.53279749289824,82.36669158935547,28796800,0.0,0.0
2015-04-21 00:00:00-04:00,83.26877921753729,83.75451164533835,82.81278442937986,82.89208984375,27171900,0.0,0.0
2015-04-22 00:00:00-04:00,83.58598104742843,84.00232306731073,82.92181531623818,83.89328002929688,45548000,0.0,0.0
2015-04-23 00:00:00-04:00,83.36790262310775,84.84492996043406,81.69261932373047,81.69261932373047,73728100,0.0,0.0
2015-04-24 00:00:00-04:00,82.04947020194854,82.21799607183827,80.77070651964827,80.82026672363281,29660400,0.0,0.0
2015-04-27 00:00:00-04:00,81.15731537545156,82.2080855388078,80.91939915648123,81.19696807861328,25446000,0.0,0.0
2015-04-28 00:00:00-04:00,81.1176670898997,81.1870574334667,79.53159669195371,79.97767639160156,23775300,0.0,0.0
2015-04-29 00:00:00-04:00,79.31350599215692,80.68149021295179,78.82776605239182,79.76950073242188,26430300,0.0,0.0
2015-04-30 00:00:00-04:00,79.31350832096102,80.25523546566228,77.63821749331308,78.08429718017578,28999000,0.0,0.0
2015-05-01 00:00:00-04:00,78.55020715224923,79.06568474466519,77.4300466180446,78.30238342285156,24136400,0.0,0.0
2015-05-04 00:00:00-04:00,78.63942471689121,78.9962914790535,77.94551376247355,78.12394714355469,14692000,0.0,0.0
2015-05-05 00:00:00-04:00,77.86622174034538,78.11404547909507,76.54779763508175,76.88483428955078,22311300,0.0,0.0
2015-05-06 00:00:00-04:00,77.29125464147259,78.12393862035356,76.3792652656566,77.42012023925781,28663000,0.0,0.0
2015-05-07 00:00:00-04:00,77.32100392831617,78.25282357529822,76.88483174241308,77.74726104736328,19749400,0.0,0.0
2015-05-08 00:00:00-04:00,78.41141362003725,78.5402867785136,77.35072853454227,77.82655334472656,19943600,0.0,0.0
2015-05-11 00:00:00-04:00,77.79681949666734,78.3420271007367,77.25160432961881,77.3309097290039,18874100,0.0,0.0
2015-05-12 00:00:00-04:00,77.19214012426812,77.21196269546567,76.12153976807514,76.78570556640625,21285300,0.0,0.0
2015-05-13 00:00:00-04:00,77.04344567734594,77.84639217662722,76.97405533250658,77.7571792602539,21512300,0.0,0.0
2015-05-14 00:00:00-04:00,78.2528274178636,81.13749185024345,77.98517354046913,80.66167449951172,49438000,0.0,0.0
2015-05-15 00:00:00-04:00,80.70132765751127,80.81036314697128,79.48203150884967,79.71994018554688,27069900,0.0,0.0
2015-05-18 00:00:00-04:00,79.63072614634761,80.67158131910084,79.53159816270164,80.17593383789062,21613700,0.0,0.0
2015-05-19 00:00:00-04:00,80.54271380023438,80.97888599358315,79.84881036807059,79.92810821533203,17955400,0.0,0.0
2015-05-20 00:00:00-04:00,79.76951050221498,80.39402363456924,78.76830042652075,79.84881591796875,23056900,0.0,0.0
2015-05-21 00:00:00-04:00,79.49192730550607,80.21556822756821,79.3828842795002,79.77940368652344,13402700,0.0,0.0
2015-05-22 00:00:00-04:00,79.65054162943196,80.60218380110709,79.55141365460781,79.8388900756836,19567900,0.0,0.0
2015-05-26 00:00:00-04:00,79.72984234049169,79.89836064406938,78.39159585170418,78.63941955566406,16321300,0.0,0.0
2015-05-27 00:00:00-04:00,78.90708112259946,79.957858973885,78.73856278635827,79.84881591796875,14160900,0.0,0.0
2015-05-28 00:00:00-04:00,79.55140610262073,80.36426751977945,79.30358240759699,79.45227813720703,11982000,0.0,0.0
2015-05-29 00:00:00-04:00,79.25402720547596,79.37298532061511,78.19334192517071,78.50064849853516,16134600,0.0,0.0
2015-06-01 00:00:00-04:00,78.60969220409955,79.68028499738487,77.97526404401185,79.59107208251953,18119000,0.0,0.0
2015-06-02 00:00:00-04:00,79.0656881067887,80.64184346255054,78.86742457705175,79.7397689819336,18923300,0.0,0.0
2015-06-03 00:00:00-04:00,80.64182821031764,81.81155634409726,80.54270024568797,81.72234344482422,31775000,0.0,0.0
2015-06-04 00:00:00-04:00,81.42496731059246,82.22791380706478,80.80045420922293,81.33575439453125,20863900,0.0,0.0
2015-06-05 00:00:00-04:00,81.15731860152913,81.74217897970865,80.80045182186768,81.42496490478516,16143100,0.0,0.0
2015-06-08 00:00:00-04:00,81.10774109400715,81.28617446241944,79.43245044407956,79.9677505493164,16915500,0.0,0.0
2015-06-09 00:00:00-04:00,79.89836021509937,80.48322808605377,78.62950406771388,79.9677505493164,16497500,0.0,0.0
2015-06-10 00:00:00-04:00,80.12636965146135,81.88095832016649,80.10653951792796,81.44479370117188,21531200,0.0,0.0
2015-06-11 00:00:00-04:00,81.59347014768478,82.17833799508603,80.6517431408092,81.1176528930664,18656800,0.0,0.0
2015-06-12 00:00:00-04:00,80.66166348271113,81.37538941132777,80.4931376128214,80.82026672363281,11417900,0.0,0.0
2015-06-15 00:00:00-04:00,79.84879728118665,80.22548657362631,79.37297246070275,80.00740051269531,18805100,0.0,0.0
2015-06-16 00:00:00-04:00,80.11644622169197,80.80044206057467,79.74966441941098,80.35435485839844,13693700,0.0,0.0
2015-06-17 00:00:00-04:00,81.04828817543178,81.50428300645753,80.6319384923376,81.0780258178711,18350300,0.0,0.0
2015-06-18 00:00:00-04:00,80.92930668167267,82.46581664334646,80.85991634835071,82.1882553100586,26782600,0.0,0.0
2015-06-19 00:00:00-04:00,82.10895446783913,82.25765020834652,81.40513602994896,81.79174041748047,23353200,0.0,0.0
2015-06-22 00:00:00-04:00,82.68391050785866,84.23032811802642,82.58477496835164,84.00232696533203,29383100,0.0,0.0
2015-06-23 00:00:00-04:00,84.22041841224379,87.20421834240891,84.02216244657009,87.11499786376953,50667900,0.0,0.0
2015-06-24 00:00:00-04:00,86.89691309354711,88.47306832764119,86.68873451264813,88.08646392822266,41370200,0.0,0.0
2015-06-25 00:00:00-04:00,88.4829905595098,88.62177124936116,87.07534596347686,87.2141342163086,27302000,0.0,0.0
2015-06-26 00:00:00-04:00,87.35290901046051,87.57098753480791,86.07413768629777,87.24386596679688,38214600,0.0,0.0
2015-06-29 00:00:00-04:00,85.85604698891,86.73829879446679,84.98371024942111,85.0531005859375,35957900,0.0,0.0
2015-06-30 00:00:00-04:00,85.84613779746725,85.94526577599143,84.82510524900634,85.02336120605469,23016500,0.0,0.0
2015-07-01 00:00:00-04:00,86.01464652338827,87.18437469065674,85.73708518928713,86.15343475341797,25260000,0.0,0.0
2015-07-02 00:00:00-04:00,86.63917151768712,86.67882421929734,85.5883938324652,86.5301284790039,16908800,0.0,0.0
2015-07-06 00:00:00-04:00,85.73709456801035,87.42230045122086,85.63796658969913,86.78787231445312,24635900,0.0,0.0
2015-07-07 00:00:00-04:00,87.0357073314878,87.0852675455821,84.48807938722824,86.46075439453125,33059900,0.0,0.0
2015-07-08 00:00:00-04:00,85.53882408616535,85.99481875934913,84.70613257119335,84.9043960571289,24399300,0.0,0.0
2015-07-09 00:00:00-04:00,85.97500720059722,86.83742889516182,84.90440692840016,85.13240051269531,23307400,0.0,0.0
2015-07-10 00:00:00-04:00,86.58960417651237,87.45203342407939,86.01465134480102,87.18437957763672,23245900,0.0,0.0
2015-07-13 00:00:00-04:00,87.88819922250592,89.43461666614635,87.65028302888508,89.31565856933594,29976700,0.0,0.0
2015-07-14 00:00:00-04:00,89.67253128320421,90.00957546517817,88.86958487432253,88.89932250976562,26627800,0.0,0.0
2015-07-15 00:00:00-04:00,89.21653871819885,90.19791852646472,88.64158587578866,88.97863006591797,30886600,0.0,0.0
2015-07-16 00:00:00-04:00,89.49410525764279,90.06905813336144,88.98854272465016,90.05914306640625,21804100,0.0,0.0
2015-07-17 00:00:00-04:00,91.74434813121306,94.55962208176166,91.73443306435054,94.14328002929688,54001600,0.0,0.0
2015-07-20 00:00:00-04:00,95.01562071433614,97.74168186325699,94.52988829998111,97.05769348144531,54860500,0.0,0.0
2015-07-21 00:00:00-04:00,98.08863104565715,98.3761074851051,96.29438962884025,97.53350830078125,39453300,0.0,0.0
2015-07-22 00:00:00-04:00,95.89787520148239,96.73056692571521,95.0850136123159,96.19526672363281,28299500,0.0,0.0
2015-07-23 00:00:00-04:00,96.11594913110103,96.60168149695419,93.9846636603459,94.60918426513672,29418800,0.0,0.0
2015-07-24 00:00:00-04:00,96.50256044131596,96.90899499502979,95.04535567631105,96.10604095458984,33444900,0.0,0.0
2015-07-27 00:00:00-04:00,95.73925922394031,95.76899685961078,93.01319836378013,93.35023498535156,38585400,0.0,0.0
2015-07-28 00:00:00-04:00,94.01441533121242,94.7281489501067,92.49773517255244,94.46050262451172,35236000,0.0,0.0
2015-07-29 00:00:00-04:00,95.4815327220461,96.43317500077978,93.91528482949293,96.14569854736328,64648300,0.0,0.0
2015-07-30 00:00:00-04:00,94.08380350386177,94.97596287215094,91.00087572985284,94.38118743896484,86211300,0.0,0.0
2015-07-31 00:00:00-04:00,94.1234394839823,95.49143116644446,93.13214467082616,93.1916275024414,46509000,0.0,0.0
2015-08-03 00:00:00-04:00,92.71580514820594,94.25231517495165,91.99216415048451,93.32049560546875,29343100,0.0,0.0
2015-08-04 00:00:00-04:00,92.97354938398222,93.90536900818567,92.51755463849412,93.24119567871094,20136000,0.0,0.0
2015-08-05 00:00:00-04:00,94.4208433526489,96.2448224181546,94.35145300913466,95.6004867553711,29813200,0.0,0.0
2015-08-06 00:00:00-04:00,96.33403427979253,97.88045183293139,93.59805836325648,94.2919692993164,42271300,0.0,0.0
2015-08-07 00:00:00-04:00,94.54970344613349,94.56953357911003,92.79511482669858,93.47911071777344,23199100,0.0,0.0
2015-08-10 00:00:00-04:00,94.84709376418085,95.06517984634755,92.81493624905998,93.33041381835938,21624200,0.0,0.0
2015-08-11 00:00:00-04:00,92.9140815046366,93.93511412067977,92.09130485876435,92.80503845214844,22491000,0.0,0.0
2015-08-12 00:00:00-04:00,91.89302901875041,93.61788749275215,90.39617924957187,93.37006378173828,27050500,0.0,0.0
2015-08-13 00:00:00-04:00,93.23128184824475,93.90536263560897,92.53737092899901,92.6166763305664,17451800,0.0,0.0
2015-08-14 00:00:00-04:00,92.72572383754894,93.89545209663633,92.39859471254609,93.59806060791016,15929700,0.0,0.0
2015-08-17 00:00:00-04:00,93.59805994504866,93.6377126474633,92.5770274375553,93.1123275756836,18313500,0.0,0.0
2015-08-18 00:00:00-04:00,93.26102208091017,95.01561065233241,93.22136937902192,94.3415298461914,22278800,0.0,0.0
2015-08-19 00:00:00-04:00,93.80622774076171,95.26343236182065,93.34032552008506,94.48030853271484,23251300,0.0,0.0
2015-08-20 00:00:00-04:00,92.72571397289596,93.94500230840355,89.67252425697663,89.77165222167969,44598200,0.0,0.0
2015-08-21 00:00:00-04:00,86.75812644043893,88.40367960694817,84.86475711156638,85.31083679199219,62778700,0.0,0.0
2015-08-24 00:00:00-04:00,76.35944683029606,81.37539672851562,71.37323456973708,81.37539672851562,83710700,0.0,0.0
2015-08-25 00:00:00-04:00,86.19309311731247,86.9068266933767,82.27748107910156,82.27748107910156,52021200,0.0,0.0
2015-08-26 00:00:00-04:00,85.20180374733675,86.6986613417197,82.53522529251269,86.43101501464844,45124300,0.0,0.0
2015-08-27 00:00:00-04:00,88.32436251111596,89.27600458293857,86.43099343280676,88.94888305664062,42431400,0.0,0.0
2015-08-28 00:00:00-04:00,89.0975975465226,90.68367569782778,89.00838462107679,90.21776580810547,33215900,0.0,0.0
2015-08-31 00:00:00-04:00,89.81131775158674,90.2574050009518,88.11620435515148,88.65150451660156,32850700,0.0,0.0
2015-09-01 00:00:00-04:00,86.09395285062962,88.61184257894236,85.74700117926312,86.47064971923828,36097400,0.0,0.0
2015-09-02 00:00:00-04:00,88.0368903215416,89.10749053955078,86.86716213437882,89.10749053955078,27190500,0.0,0.0
2015-09-03 00:00:00-04:00,88.97864554293591,89.03812082560637,86.96631780745402,87.38265991210938,27048200,0.0,0.0
2015-09-04 00:00:00-04:00,86.44090629557519,87.62054956540419,85.9452588797451,87.49168395996094,27328700,0.0,0.0
2015-09-08 00:00:00-04:00,88.90924405764514,89.454451727468,88.0567298188879,88.7506332397461,27012500,0.0,0.0
2015-09-09 00:00:00-04:00,89.98975424269616,91.17931271905368,89.38506371888498,89.65271759033203,32551100,0.0,0.0
2015-09-10 00:00:00-04:00,89.28592918671535,91.2586038724959,88.84975702108318,91.17930603027344,26437400,0.0,0.0
2015-09-11 00:00:00-04:00,90.88192114943917,91.27844064129752,90.3367059027614,91.24870300292969,21185000,0.0,0.0
2015-09-14 00:00:00-04:00,91.50643920898438,91.81374580241281,90.80262066516421,91.50643920898438,20127900,0.0,0.0
2015-09-15 00:00:00-04:00,91.5659006872009,92.43823736269657,90.99094790511155,92.0912857055664,18859400,0.0,0.0
2015-09-16 00:00:00-04:00,92.09130505572132,92.7852085157841,91.82365117613962,92.63651275634766,16321200,0.0,0.0
2015-09-17 00:00:00-04:00,92.55718829278062,94.6785583327036,92.09127857656775,93.51873779296875,27841800,0.0,0.0
2015-09-18 00:00:00-04:00,92.38867349874953,94.36135562094697,92.23998532725962,93.57823181152344,62300000,0.0,0.0
2015-09-21 00:00:00-04:00,93.79632663697123,95.6500432690773,93.69719109608391,94.71823120117188,28790000,0.0,0.0
2015-09-22 00:00:00-04:00,92.9537108398435,93.85579274556113,91.11981695721724,92.15076446533203,36888900,0.0,0.0
2015-09-23 00:00:00-04:00,92.58693978148247,93.49892922126436,91.99216438871079,93.1519775390625,21701400,0.0,0.0
2015-09-24 00:00:00-04:00,92.24989593216894,93.94500921096936,91.43703446111296,93.58815002441406,29106000,0.0,0.0
2015-09-25 00:00:00-04:00,94.95614008755514,95.01561536184566,91.25860675523606,91.9624252319336,28961600,0.0,0.0
2015-09-28 00:00:00-04:00,91.27843739667544,91.48660842083078,87.41238572369625,88.43341827392578,41199900,0.0,0.0
2015-09-29 00:00:00-04:00,88.3243742582,89.27601645659037,84.97380021201428,85.91552734375,42281800,0.0,0.0
2015-09-30 00:00:00-04:00,87.6701191753474,89.23635929443464,87.24386208625276,89.1174087524414,36169100,0.0,0.0
2015-10-01 00:00:00-04:00,89.26611239371978,90.15827178955078,87.5908215245621,90.15827178955078,29283700,0.0,0.0
2015-10-02 00:00:00-04:00,88.12611368102033,91.39738214835974,87.60072862057663,91.26851654052734,37881700,0.0,0.0
2015-10-05 00:00:00-04:00,92.13094235488353,93.44935870851695,91.85338101727649,93.1916275024414,27292500,0.0,0.0
2015-10-06 00:00:00-04:00,93.26102853756197,93.35024145075224,91.53616991941594,91.99217224121094,22172800,0.0,0.0
2015-10-07 00:00:00-04:00,92.29946818642871,92.84468340332685,90.57461718848344,91.59564971923828,24129300,0.0,0.0
2015-10-08 00:00:00-04:00,91.09008621511055,92.40851022492367,89.68244929603686,91.6650390625,27290500,0.0,0.0
2015-10-09 00:00:00-04:00,92.09130045141137,92.92398456185481,91.43704216779429,92.42833709716797,20012900,0.0,0.0
2015-10-12 00:00:00-04:00,92.50763356134009,93.77648973816586,91.86329040695779,93.439453125,18449600,0.0,0.0
2015-10-13 00:00:00-04:00,92.84470248923456,94.53981619889755,92.73565942343916,93.30069732666016,19480300,0.0,0.0
2015-10-14 00:00:00-04:00,93.26102132834397,94.37126672033743,92.79511153864121,93.25110626220703,19253400,0.0,0.0
2015-10-15 00:00:00-04:00,94.16309942447175,95.46170087238444,94.07388651465796,95.1246566772461,27557500,0.0,0.0
2015-10-16 00:00:00-04:00,95.34273355615866,96.74045528246165,94.5199570623109,96.6908950805664,25412900,0.0,0.0
2015-10-19 00:00:00-04:00,96.33403692237282,97.71193620312984,96.07629813545302,97.61280822753906,23729900,0.0,0.0
2015-10-20 00:00:00-04:00,97.8705449384288,98.72305156080984,95.71942934254184,96.15560150146484,30881800,0.0,0.0
2015-10-21 00:00:00-04:00,96.5223872293846,97.32533367901061,95.63022030592244,96.2646484375,21917800,0.0,0.0
2015-10-22 00:00:00-04:00,96.93872885162594,98.86184337129369,96.70082019406267,98.80236053466797,26392100,0.0,0.0
2015-10-23 00:00:00-04:00,101.02287653881056,101.95468869098978,99.28811029810784,101.3004379272461,42809700,0.0,0.0
2015-10-26 00:00:00-04:00,101.31032097889015,102.90630614015713,100.66598543824917,102.86665344238281,25961200,0.0,0.0
2015-10-27 00:00:00-04:00,102.04388552311121,103.19378351769299,101.50858544248597,102.7972640991211,23795500,0.0,0.0
2015-10-28 00:00:00-04:00,102.99553144142281,103.57048424170354,102.0240592077423,103.29291534423828,24081500,0.0,0.0
2015-10-29 00:00:00-04:00,103.05502096912072,104.2049267287947,102.61884877572986,103.96701049804688,20316700,0.0,0.0
2015-10-30 00:00:00-04:00,103.60022623642685,103.80839724605376,100.76512237830508,101.08233642578125,33487100,0.0,0.0
2015-11-02 00:00:00-05:00,100.83450474333343,102.56927058272784,100.29920466247712,102.41065979003906,24003900,0.0,0.0
2015-11-03 00:00:00-05:00,102.32145507306565,102.74771215877689,101.508593602986,101.68702697753906,21242300,0.0,0.0
2015-11-04 00:00:00-05:00,102.29170807277545,103.23343506376759,101.58788970507985,103.0351791381836,43469300,0.0,0.0
2015-11-05 00:00:00-05:00,107.85288512432194,109.68677912536012,107.01027843253875,107.813232421875,63232900,0.0,0.0
2015-11-06 00:00:00-05:00,107.09949842893036,107.79340181122612,104.98804308310504,106.16767883300781,35084300,0.0,0.0
2015-11-09 00:00:00-05:00,106.06854311517878,107.30766160951498,104.9384676533825,105.56298065185547,26383500,0.0,0.0
2015-11-10 00:00:00-05:00,105.03760490070856,107.20854311474754,104.32387137483384,106.97063446044922,25031700,0.0,0.0
2015-11-11 00:00:00-05:00,107.32750195830906,108.91357994420301,106.17760373781431,108.06106567382812,25057100,0.0,0.0
2015-11-12 00:00:00-05:00,107.53566842313103,108.43774280193067,107.05984356844917,107.07966613769531,20924700,0.0,0.0
2015-11-13 00:00:00-05:00,106.77236022534782,107.30766031600592,102.92613918796388,103.04508972167969,30278400,0.0,0.0
2015-11-16 00:00:00-05:00,102.42058199979361,103.26318109653731,99.59539323401559,103.13431549072266,49309200,0.0,0.0
2015-11-17 00:00:00-05:00,103.70927354543034,105.27551371517187,103.23344867313001,104.21482849121094,26807200,0.0,0.0
2015-11-18 00:00:00-05:00,104.87900354262024,106.94089118867093,104.47256900301234,106.83184814453125,23836500,0.0,0.0
2015-11-19 00:00:00-05:00,106.42541426274563,106.79219607496137,105.02768491290517,105.33499145507812,25520600,0.0,0.0
2015-11-20 00:00:00-05:00,105.90994021068651,106.9309802790157,105.69186169233332,106.3857650756836,22129600,0.0,0.0
2015-11-23 00:00:00-05:00,106.25690579114053,106.53446716100471,105.15656781562171,106.01898956298828,19897200,0.0,0.0
2015-11-24 00:00:00-05:00,105.07725018259968,105.56298252335677,103.48126492856149,104.81951141357422,23577300,0.0,0.0
2015-11-25 00:00:00-05:00,105.40439063411885,105.67203693474518,104.18509455509215,104.49240112304688,15150800,0.0,0.0
2015-11-27 00:00:00-05:00,104.85917258688451,105.03760597016995,103.94718310030555,104.53204345703125,5913100,0.0,0.0
2015-11-30 00:00:00-05:00,104.9186509292368,105.17638972662805,102.84684817219129,103.33258056640625,20383200,0.0,0.0
2015-12-01 00:00:00-05:00,103.91744896934472,106.21725289650989,103.59031982845543,106.18751525878906,22781900,0.0,0.0
2015-12-02 00:00:00-05:00,106.06854910666601,106.98053855489798,104.86908324395192,105.14664459228516,24429100,0.0,0.0
2015-12-03 00:00:00-05:00,105.34489824703037,105.91985106349433,102.45031915880256,103.47135162353516,23236500,0.0,0.0
2015-12-04 00:00:00-05:00,103.89760727790066,106.79219388940689,103.20370393167134,105.25568389892578,21224700,0.0,0.0
2015-12-07 00:00:00-05:00,105.55308788446158,105.90003959871437,103.74893140736691,104.69065856933594,15474900,0.0,0.0
2015-12-08 00:00:00-05:00,103.0946587287719,105.97933021381654,103.04509096380681,105.56298065185547,20401800,0.0,0.0
2015-12-09 00:00:00-05:00,105.25570100443082,105.51343981619321,102.64859793650267,103.689453125,23517300,0.0,0.0
2015-12-10 00:00:00-05:00,104.13552981310961,105.47377638393765,103.50110169711736,104.50230407714844,17454300,0.0,0.0
2015-12-11 00:00:00-05:00,103.24335288990991,103.43169375535774,101.02285469947697,101.23102569580078,26427700,0.0,0.0
2015-12-14 00:00:00-05:00,101.39955270142016,103.82822209674805,100.5767761479249,103.7489242553711,24648100,0.0,0.0
2015-12-15 00:00:00-05:00,104.38335612465255,104.87900357526728,103.37223109012977,103.63988494873047,21764300,0.0,0.0
2015-12-16 00:00:00-05:00,104.45275268107527,106.15777365975052,103.28302432549621,105.86038970947266,22680500,0.0,0.0
2015-12-17 00:00:00-05:00,106.55429035981999,106.81202916034714,105.20612864426582,105.29534912109375,21675700,0.0,0.0
2015-12-18 00:00:00-05:00,105.15655786069519,105.66211278095378,103.06492515482563,103.13431549072266,35994200,0.0,0.0
2015-12-21 00:00:00-05:00,103.99674416665293,104.23465280803826,102.6981427975119,103.85795593261719,16138800,0.0,0.0
2015-12-22 00:00:00-05:00,104.3040534098566,104.74022559781011,103.89761885963081,104.5915298461914,14597100,0.0,0.0
2015-12-23 00:00:00-05:00,104.96821859375046,105.18630468647656,102.95589111392698,103.71918487548828,19599700,0.0,0.0
2015-12-24 00:00:00-05:00,103.82823542606354,104.40318833699085,103.5903267454311,104.10579681396484,6501800,0.0,0.0
2015-12-28 00:00:00-05:00,104.10579150747745,105.05744130746089,103.62005910340896,105.00787353515625,13069700,0.0,0.0
2015-12-29 00:00:00-05:00,105.49359472023227,106.80210360232743,105.32507641308639,106.32628631591797,17179900,0.0,0.0
2015-12-30 00:00:00-05:00,106.06855795969507,106.31638169324576,105.13673830139084,105.29534912109375,13115000,0.0,0.0
2015-12-31 00:00:00-05:00,105.07725574493534,105.24577405695834,103.7092715531928,103.7489242553711,18391100,0.0,0.0
2016-01-04 00:00:00-05:00,101.06251580945562,101.34999224876456,98.88166997308589,101.33016967773438,37912400,0.0,0.0
2016-01-05 00:00:00-05:00,101.99432712115185,102.80718860049171,100.78494618684584,101.83572387695312,23258200,0.0,0.0
2016-01-06 00:00:00-05:00,100.24965233415533,102.86667031262355,100.0216587382853,102.07363891601562,25096200,0.0,0.0
2016-01-07 00:00:00-05:00,99.62514696635726,100.54705161393831,96.45300600854112,97.0676040649414,45172900,0.0,0.0
2016-01-08 00:00:00-05:00,99.0105321438869,99.62513770613984,96.18534318421922,96.48273468017578,35402300,0.0,0.0
2016-01-11 00:00:00-05:00,97.05768278426953,97.74167109069569,94.55961551694932,96.66116333007812,29932400,0.0,0.0
2016-01-12 00:00:00-05:00,98.1382001401192,99.08984238543545,96.70082548649138,98.5049819946289,28395400,0.0,0.0
2016-01-13 00:00:00-05:00,99.70443926239523,99.70443926239523,94.38118311864586,94.60918426513672,33410600,0.0,0.0
2016-01-14 00:00:00-05:00,95.0156121859711,98.00932694152843,91.64520810086469,97.51367950439453,48658600,0.0,0.0
2016-01-15 00:00:00-05:00,93.16190017334986,95.54100193770867,92.72572798716006,94.14328002929688,46132800,0.0,0.0
2016-01-19 00:00:00-05:00,95.68969682816933,96.57194869649712,93.102416497866,94.43075561523438,30998300,0.0,0.0
2016-01-20 00:00:00-05:00,92.02189885459451,94.17300677313965,88.59201972599345,93.5286636352539,59051400,0.0,0.0
2016-01-21 00:00:00-05:00,94.08379552100074,95.15438818470565,91.81372946298632,93.34032440185547,30518900,0.0,0.0
2016-01-22 00:00:00-05:00,95.57073773002386,97.21628320714557,94.658740742954,97.08741760253906,30495400,0.0,0.0
2016-01-25 00:00:00-05:00,97.86063307430014,98.61401931082437,96.08621430777822,96.16551971435547,32482000,0.0,0.0
2016-01-26 00:00:00-05:00,96.90898722158184,97.02793776397208,94.82726953697757,96.49263763427734,26877100,0.0,0.0
2016-01-27 00:00:00-05:00,96.93873677540637,96.99821205391373,93.40972907500033,93.6278076171875,58699400,0.0,0.0
2016-01-28 00:00:00-05:00,106.2668173807775,109.37948297046616,103.89762301594402,108.16019439697266,107475300,0.0,0.0
2016-01-29 00:00:00-05:00,108.04122186747985,111.85770546675377,107.89252612974619,111.23319244384766,62739500,0.0,0.0
2016-02-01 00:00:00-05:00,111.29266836051919,114.7126400963508,111.03493714746106,114.08811950683594,46132700,0.0,0.0
2016-02-02 00:00:00-05:00,113.80065313134833,116.56635913965604,112.21457530248163,113.6123046875,59778600,0.0,0.0
2016-02-03 00:00:00-05:00,114.266565370283,114.33595571414932,108.7946205830214,111.70903015136719,56919300,0.0,0.0
2016-02-04 00:00:00-05:00,110.82677686290741,110.96555754890012,108.29897175107693,109.5281753540039,38890200,0.0,0.0
2016-02-05 00:00:00-05:00,108.55670128174381,108.62609161881451,102.28180305800109,103.16405487060547,76894700,0.0,0.0
2016-02-08 00:00:00-05:00,99.5359340469402,101.78617035717245,96.61160927481966,98.88167572021484,71229700,0.0,0.0
2016-02-09 00:00:00-05:00,96.29438322708369,101.50859636959922,95.97716917067473,98.67349243164062,62709000,0.0,0.0
2016-02-10 00:00:00-05:00,100.66600381441894,102.35120218107016,99.36740230493672,100.12078857421875,45179400,0.0,0.0
2016-02-11 00:00:00-05:00,98.73296151325292,104.19499803121266,98.01922804033877,101.02285766601562,43670600,0.0,0.0
2016-02-12 00:00:00-05:00,102.83694546346737,103.33259298410118,100.21001209151201,101.12200927734375,36176800,0.0,0.0
2016-02-16 00:00:00-05:00,102.89640966373365,103.02527527307458,99.36739481345849,100.72547149658203,45687200,0.0,0.0
2016-02-17 00:00:00-05:00,101.1318924303892,104.79968773768238,99.52599969053391,104.28421020507812,44073400,0.0,0.0
2016-02-18 00:00:00-05:00,104.87900141923645,105.07725737021477,102.13311036401029,102.56928253173828,29593500,0.0,0.0
2016-02-19 00:00:00-05:00,101.65728628804233,104.10577812781887,101.17154638342086,103.65969848632812,32404500,0.0,0.0
2016-02-22 00:00:00-05:00,104.57168947912481,107.3076653270373,104.4229937420573,106.22715759277344,35709700,0.0,0.0
2016-02-23 00:00:00-05:00,105.91986100782579,106.53446658274626,104.20492502633908,104.54196166992188,25319300,0.0,0.0
2016-02-24 00:00:00-05:00,103.30284455115724,106.01899056284702,101.84563978264732,105.94960021972656,34412400,0.0,0.0
2016-02-25 00:00:00-05:00,106.17759216395021,107.12923431396484,104.69064988649369,107.12923431396484,29906300,0.0,0.0
2016-02-26 00:00:00-05:00,107.75374618037416,108.49721731104735,106.22715878081382,106.98053741455078,26686200,0.0,0.0
2016-02-29 00:00:00-05:00,106.66332334791363,107.96192473207113,105.82072424590513,105.98924255371094,32779000,0.0,0.0
2016-03-01 00:00:00-05:00,106.89133879252314,108.864013671875,106.66333762093895,108.864013671875,26817300,0.0,0.0
2016-03-02 00:00:00-05:00,108.72522023239954,109.58764948077418,107.82313828218219,108.99286651611328,25670200,0.0,0.0
2016-03-03 00:00:00-05:00,109.29026441094294,109.33983218189954,107.59515101335121,108.6260986328125,21353100,0.0,0.0
2016-03-04 00:00:00-05:00,109.09201012399915,109.09201012399915,106.99046214871866,107.44645690917969,24938900,0.0,0.0
2016-03-07 00:00:00-05:00,107.12923479243477,107.12923479243477,103.80839853721264,104.80960845947266,31436400,0.0,0.0
2016-03-08 00:00:00-05:00,103.86788283897168,106.43534067215121,103.49119348358923,105.00787353515625,25617000,0.0,0.0
2016-03-09 00:00:00-05:00,105.77115796340341,106.57411193847656,104.57169209686349,106.57411193847656,20493300,0.0,0.0
2016-03-10 00:00:00-05:00,106.9706329813471,107.71410413335653,104.84925500300558,106.3857650756836,24854300,0.0,0.0
2016-03-11 00:00:00-05:00,107.53566086141856,108.46747281005383,106.9805306428289,108.45756530761719,20697600,0.0,0.0
2016-03-14 00:00:00-04:00,108.32870489486909,109.36956755961258,107.82314238088112,108.93339538574219,17249400,0.0,0.0
2016-03-15 00:00:00-04:00,108.16018639082881,109.86521481703205,107.89253253442398,109.70660400390625,17618500,0.0,0.0
2016-03-16 00:00:00-04:00,109.52816991467029,111.52067475458657,109.14156551389276,111.20346069335938,24744800,0.0,0.0
2016-03-17 00:00:00-04:00,111.17372644604497,111.70902660874356,109.76608947912274,110.05355834960938,24241200,0.0,0.0
2016-03-18 00:00:00-04:00,110.58885566516342,111.44136987681145,109.31008434769136,110.47981262207031,36256900,0.0,0.0
2016-03-21 00:00:00-04:00,110.68799425231632,111.39181273703599,110.06347361322786,110.87633514404297,18448000,0.0,0.0
2016-03-22 00:00:00-04:00,110.39059820038916,111.89736308698244,110.2022497534476,111.2728500366211,19001100,0.0,0.0
2016-03-23 00:00:00-04:00,111.034932957858,112.2046611274557,111.02501789219775,111.56031799316406,18562000,0.0,0.0
2016-03-24 00:00:00-04:00,111.1538979953203,112.10554022242134,110.70781830114113,112.0658950805664,17839100,0.0,0.0
2016-03-28 00:00:00-04:00,112.33352794979454,113.59246903507731,111.96674614617112,112.70030975341797,21351800,0.0,0.0
2016-03-29 00:00:00-04:00,112.83909387511862,115.30741591833308,112.65074543465947,115.12898254394531,29825300,0.0,0.0
2016-03-30 00:00:00-04:00,115.71385784160564,115.97158907212416,113.36448618894119,113.70152282714844,33235200,0.0,0.0
2016-03-31 00:00:00-04:00,113.7015182667368,114.00882481846006,112.77961373752629,113.10674285888672,21207500,0.0,0.0
2016-04-01 00:00:00-04:00,112.75979383937225,115.15872566022439,112.36327437041805,115.0496826171875,24760500,0.0,0.0
2016-04-04 00:00:00-04:00,113.07700875324309,113.55283363216635,110.6384242108386,111.57024383544922,48487900,0.0,0.0
2016-04-05 00:00:00-04:00,111.13407523876357,112.33354119684512,110.92590421096232,111.24311828613281,22962400,0.0,0.0
2016-04-06 00:00:00-04:00,111.4909350309327,112.81926652402377,111.44136726233333,112.72013854980469,20814600,0.0,0.0
2016-04-07 00:00:00-04:00,112.79944495067478,113.88986780267528,112.08571142922581,112.65074920654297,20714500,0.0,0.0
2016-04-08 00:00:00-04:00,113.25542860778201,113.3347340052919,108.94329782765261,109.66693878173828,48497800,0.0,0.0
2016-04-11 00:00:00-04:00,109.73633487376158,109.94451344389688,107.82313554554248,108.04122161865234,39762300,0.0,0.0
2016-04-12 00:00:00-04:00,108.38819161825883,110.19235577786284,108.04123988101985,109.64714050292969,26248100,0.0,0.0
2016-04-13 00:00:00-04:00,111.25303262945975,111.66937468235429,105.59273195895234,109.54800415039062,88227400,0.0,0.0
2016-04-14 00:00:00-04:00,109.65704354723107,111.06468047710662,109.3001767814908,109.8751220703125,28473300,0.0,0.0
2016-04-15 00:00:00-04:00,109.82556038489533,110.00399376536308,108.2493975969336,108.6855697631836,20922800,0.0,0.0
2016-04-18 00:00:00-04:00,108.78470687604386,109.84539218153662,108.24940668967642,109.488525390625,21167200,0.0,0.0
2016-04-19 00:00:00-04:00,110.1328491557151,111.47109560353532,108.20974241468375,111.31249237060547,30210500,0.0,0.0
2016-04-20 00:00:00-04:00,111.45129079949126,112.28397492179529,110.58886147597906,111.44137573242188,21027900,0.0,0.0
2016-04-21 00:00:00-04:00,111.57023236704607,113.04725949614105,111.33231617055011,112.45248413085938,20875200,0.0,0.0
2016-04-22 00:00:00-04:00,110.24190023809378,110.77720036891048,108.06105457593345,109.5975570678711,38458200,0.0,0.0
2016-04-25 00:00:00-04:00,108.91356983123674,109.70660118756793,108.12053091192591,109.14156341552734,21017900,0.0,0.0
2016-04-26 00:00:00-04:00,109.52816831557233,109.53808338192898,107.20854194477349,107.813232421875,22521500,0.0,0.0
2016-04-27 00:00:00-04:00,107.00037339972747,107.99166829485043,105.38455788036991,107.94210052490234,52213100,0.0,0.0
2016-04-28 00:00:00-04:00,118.53903294151436,119.73849873125528,115.21819690373856,115.7138442993164,87110100,0.0,0.0
2016-04-29 00:00:00-04:00,115.80306368901023,116.81418110493357,114.83159141153295,116.55644989013672,37140600,0.0,0.0
2016-05-02 00:00:00-04:00,116.8042704887129,117.6964373395608,115.55523689752584,117.53782653808594,28095200,0.0,0.0
2016-05-03 00:00:00-04:00,116.49696589580667,117.13140154931487,116.00131847739483,116.40775299072266,24117500,0.0,0.0
2016-05-04 00:00:00-04:00,115.59489023730747,117.27018091300097,115.5552375367194,117.03226470947266,23448400,0.0,0.0
2016-05-05 00:00:00-04:00,117.01244786509925,117.94426746705629,116.22932400687702,116.7844467163086,22056700,0.0,0.0
2016-05-06 00:00:00-04:00,116.140110181249,118.5985172147285,116.09054241273562,118.44982147216797,26395600,0.0,0.0
2016-05-09 00:00:00-04:00,118.49939497852492,119.23295109756874,117.86496683832809,118.2020034790039,21138100,0.0,0.0
2016-05-10 00:00:00-04:00,118.57870533685171,119.45104217529297,117.96409974157562,119.45104217529297,23220000,0.0,0.0
2016-05-11 00:00:00-04:00,119.3618125678949,120.02597828029617,118.38042525353325,118.47955322265625,22038400,0.0,0.0
2016-05-12 00:00:00-04:00,118.93556437365115,119.78807102214002,117.86496407604211,119.23294830322266,22035500,0.0,0.0
2016-05-13 00:00:00-04:00,119.33207421366907,119.5898129985525,118.6381708270364,118.76703643798828,18124300,0.0,0.0
2016-05-16 00:00:00-04:00,118.3407813556222,118.56878250824542,116.32845393712685,117.636962890625,31247800,0.0,0.0
2016-05-17 00:00:00-04:00,117.7856654777247,117.97401393809254,116.17976493848899,116.32846069335938,21328600,0.0,0.0
2016-05-18 00:00:00-04:00,115.78325528202411,117.2404525320105,115.71386493678666,116.6258544921875,21642300,0.0,0.0
2016-05-19 00:00:00-04:00,116.0310604255935,116.46722499875376,114.87123975112982,115.79314422607422,20544100,0.0,0.0
2016-05-20 00:00:00-04:00,115.94185626848451,116.96288885535812,115.93194120136509,116.32846069335938,18944800,0.0,0.0
2016-05-23 00:00:00-04:00,116.39784670354415,116.57628009014918,114.93073446966274,114.9604721069336,20441000,0.0,0.0
2016-05-24 00:00:00-04:00,115.22813282399497,116.70516787242991,115.10918226002715,116.67542266845703,20183600,0.0,0.0
2016-05-25 00:00:00-04:00,117.10166292902795,117.63696307853861,116.35819175964866,116.86375427246094,20019800,0.0,0.0
2016-05-26 00:00:00-04:00,117.21070427731428,118.71747672740297,116.89349021881873,118.43000030517578,18481300,0.0,0.0
2016-05-27 00:00:00-04:00,118.51922319053178,118.80669963695776,117.97401549943176,118.34078979492188,13493600,0.0,0.0
2016-05-31 00:00:00-04:00,118.42008475793936,119.05451287235451,117.09175325681379,117.77574157714844,23547600,0.0,0.0
2016-06-01 00:00:00-04:00,117.46844845810179,118.0434013289613,116.79436760746859,117.74600982666016,15029500,0.0,0.0
2016-06-02 00:00:00-04:00,117.65678283170698,118.40025393549554,117.19087306325613,117.89469146728516,13228300,0.0,0.0
2016-06-03 00:00:00-04:00,117.94426794991213,117.94426794991213,116.83401496352397,117.43870544433594,14135100,0.0,0.0
2016-06-06 00:00:00-04:00,117.58740209465904,118.3903485321291,117.3296633066764,117.75592041015625,12744700,0.0,0.0
2016-06-07 00:00:00-04:00,118.2019906185034,118.26147344972381,116.64565807469805,116.73487854003906,17103000,0.0,0.0
2016-06-08 00:00:00-04:00,116.73487726016573,117.56756125833019,116.24913736492404,117.35939025878906,14505600,0.0,0.0
2016-06-09 00:00:00-04:00,117.10165126136964,117.64686642311611,116.68530926311547,117.52790832519531,13859200,0.0,0.0
2016-06-10 00:00:00-04:00,116.51678672523168,117.08182443458996,115.24793064547825,115.60479736328125,18510800,0.0,0.0
2016-06-13 00:00:00-04:00,113.99890858478645,114.47473344398178,112.32361785586525,112.95804595947266,31718200,0.0,0.0
2016-06-14 00:00:00-04:00,113.07700101161646,113.94933773977618,112.59126866230997,113.9394302368164,17618500,0.0,0.0
2016-06-15 00:00:00-04:00,114.29630507225973,114.43508575331492,113.07700901672644,113.6023941040039,19819400,0.0,0.0
2016-06-16 00:00:00-04:00,112.87875603998215,113.50326912120767,111.95685145551776,113.39422607421875,19236300,0.0,0.0
2016-06-17 00:00:00-04:00,113.4239624661944,113.43387753298815,111.58015331751646,112.03614807128906,24644300,0.0,0.0
2016-06-20 00:00:00-04:00,112.77962197191759,113.72135670250387,111.76850446104558,112.38311004638672,20785400,0.0,0.0
2016-06-21 00:00:00-04:00,113.12657663285094,114.2070844428773,112.97788088535727,113.38430786132812,19166300,0.0,0.0
2016-06-22 00:00:00-04:00,113.65196739940481,113.7411803145717,112.62101974503268,112.91841125488281,14846300,0.0,0.0
2016-06-23 00:00:00-04:00,113.37439809581757,114.08812405618437,112.55162153068311,114.07821655273438,16176900,0.0,0.0
2016-06-24 00:00:00-04:00,110.04365430764778,112.69041000399397,110.03373924053219,111.10433959960938,40643100,0.0,0.0
2016-06-27 00:00:00-04:00,110.5987655356332,110.5987655356332,107.2878443841171,108.02140045166016,36130400,0.0,0.0
2016-06-28 00:00:00-04:00,109.6669529484452,111.76850087606032,109.58765510367063,111.71893310546875,26813800,0.0,0.0
2016-06-29 00:00:00-04:00,112.3831053706393,113.25544215868553,112.05597623900451,113.16622924804688,20968300,0.0,0.0
2016-06-30 00:00:00-04:00,113.67178354133407,114.17734605429229,112.68048864854214,113.2851791381836,23192700,0.0,0.0
2016-07-01 00:00:00-04:00,113.20586087159758,114.12776531968603,112.8192565123649,113.19595336914062,14980000,0.0,0.0
2016-07-05 00:00:00-04:00,112.94814036014478,113.20587158203125,111.98658312231841,113.20587158203125,14207000,0.0,0.0
2016-07-06 00:00:00-04:00,112.37318378072587,115.77332538787284,111.98657939777446,115.6841049194336,24337600,0.0,0.0
2016-07-07 00:00:00-04:00,115.61472341235358,115.95176761678209,114.35578219585247,114.84151458740234,16630200,0.0,0.0
2016-07-08 00:00:00-04:00,115.41645214268114,116.47713726031978,114.84149935215353,116.21939849853516,18142600,0.0,0.0
2016-07-11 00:00:00-04:00,116.68532990957074,117.66670981138196,116.47715887360961,116.84394073486328,17711600,0.0,0.0
2016-07-12 00:00:00-04:00,117.59730761913882,117.68652809012278,116.54653747786332,116.90340423583984,15217700,0.0,0.0
2016-07-13 00:00:00-04:00,117.35939780432628,117.36931287055498,115.66428450223763,115.76341247558594,16207700,0.0,0.0
2016-07-14 00:00:00-04:00,116.47715295898412,116.6159336425777,115.68411399875222,116.26898193359375,14579700,0.0,0.0
2016-07-15 00:00:00-04:00,116.71504911473566,117.2503492210827,115.56515106489994,115.84271240234375,16646000,0.0,0.0
2016-07-18 00:00:00-04:00,116.2987215678041,118.56878787838798,115.87246444288259,118.33087921142578,20868400,0.0,0.0
2016-07-19 00:00:00-04:00,117.95417345420974,119.79798250166873,117.6270518977738,119.56007385253906,21541300,0.0,0.0
2016-07-20 00:00:00-04:00,120.19449973648801,121.13622681232438,119.51050387453519,120.8586654663086,20046500,0.0,0.0
2016-07-21 00:00:00-04:00,120.85866770097215,121.0371010785643,119.20320709735476,119.56007385253906,17801700,0.0,0.0
2016-07-22 00:00:00-04:00,118.85627044736619,119.95660848791417,118.27140247231843,119.94669342041016,18422400,0.0,0.0
2016-07-25 00:00:00-04:00,120.33328884835058,120.78928360063776,116.75471360844328,120.57119750976562,18487400,0.0,0.0
2016-07-26 00:00:00-04:00,120.93796550823902,121.0073558416672,119.69884700917919,120.16475677490234,17612000,0.0,0.0
2016-07-27 00:00:00-04:00,121.35432213539455,123.91186484082438,120.45224769210297,122.26631164550781,52654200,0.0,0.0
2016-07-28 00:00:00-04:00,126.40990954338294,127.21286347405054,122.55377337718103,123.91184997558594,78955800,0.0,0.0
2016-07-29 00:00:00-04:00,123.564910081131,124.74454586246482,122.6330904603804,122.86109161376953,35058800,0.0,0.0
2016-08-01 00:00:00-04:00,122.77186477690745,123.49551333991383,121.79048500009996,123.22785949707031,25006900,0.0,0.0
2016-08-02 00:00:00-04:00,122.98004328927415,123.71360696309765,121.0073685492448,122.01848602294922,23968400,0.0,0.0
2016-08-03 00:00:00-04:00,122.01848011933413,122.84125666442029,121.24527134220914,121.44353485107422,18525300,0.0,0.0
2016-08-04 00:00:00-04:00,121.86979080690949,123.70368475970729,121.44353372054206,123.27742767333984,21066000,0.0,0.0
2016-08-05 00:00:00-04:00,123.89203619159431,124.74454282193066,123.53516943332343,124.06055450439453,20184000,0.0,0.0
2016-08-08 00:00:00-04:00,124.15968637378344,124.35794232882907,123.46578296814388,124.16960144042969,15233900,0.0,0.0
2016-08-09 00:00:00-04:00,124.24889007703834,124.99236119783339,123.44594368673309,123.97132873535156,19621000,0.0,0.0
2016-08-10 00:00:00-04:00,123.98125617105703,124.38769072120564,123.4558710700201,123.79290771484375,10670100,0.0,0.0
2016-08-11 00:00:00-04:00,124.110120448219,124.28855383560413,123.6640407612462,123.81273651123047,11729500,0.0,0.0
2016-08-12 00:00:00-04:00,123.6144743255312,123.91186582871215,123.099004291395,123.79290771484375,12159000,0.0,0.0
2016-08-15 00:00:00-04:00,123.82264394196761,123.83255144517022,122.6231705122505,122.8214340209961,19295100,0.0,0.0
2016-08-16 00:00:00-04:00,122.42492527463035,122.841267334943,121.71119170667714,122.22666931152344,14222400,0.0,0.0
2016-08-17 00:00:00-04:00,122.5835350208911,123.29726101960735,121.7805809824926,123.287353515625,13794200,0.0,0.0
2016-08-18 00:00:00-04:00,122.93048020930922,123.17830392935534,122.56369838096826,122.83135223388672,12400800,0.0,0.0
2016-08-19 00:00:00-04:00,122.52403532881009,123.07916555764872,122.20682129646477,122.48438262939453,11688300,0.0,0.0
2016-08-22 00:00:00-04:00,122.25638299453263,123.7433251154207,122.03829694005911,123.06924438476562,14386400,0.0,0.0
2016-08-23 00:00:00-04:00,123.42613420117928,124.00107951434126,123.16839540101556,123.287353515625,13309500,0.0,0.0
2016-08-24 00:00:00-04:00,123.3864701072888,123.60455618245257,122.01847838598128,122.40509033203125,12243700,0.0,0.0
2016-08-25 00:00:00-04:00,122.04822969916256,123.28734831287774,122.02839956607443,122.8115234375,10730800,0.0,0.0
2016-08-26 00:00:00-04:00,122.9701256572083,124.10020114890916,122.8313449872085,123.87220001220703,17504800,0.0,0.0
2016-08-29 00:00:00-04:00,123.26752298765423,125.62680976049545,123.26752298765423,125.43846130371094,15925900,0.0,0.0
2016-08-30 00:00:00-04:00,125.49793121486417,125.49793121486417,124.06055665352514,124.74454498291016,17804300,0.0,0.0
2016-08-31 00:00:00-04:00,124.50663242486422,125.12123795837465,124.01098499676924,125.02210998535156,14200600,0.0,0.0
2016-09-01 00:00:00-04:00,125.2798415450379,125.52766525976276,124.50663276517307,125.07167053222656,13536100,0.0,0.0
2016-09-02 00:00:00-04:00,125.74575856499212,125.75567363178519,124.90315939910211,125.40872192382812,12118800,0.0,0.0
2016-09-06 00:00:00-04:00,125.56734744743905,128.80888663248797,125.36909145429645,128.6007080078125,26278400,0.0,0.0
2016-09-07 00:00:00-04:00,128.90796231189347,130.8310765422327,128.8187494148466,129.9091796875,27990800,0.0,0.0
2016-09-08 00:00:00-04:00,129.78030660521335,129.93891739513802,128.6799688297919,129.13597106933594,15676600,0.0,0.0
2016-09-09 00:00:00-04:00,128.5808638200089,128.8187649074121,125.99357604980469,125.99357604980469,27100700,0.0,0.0
2016-09-12 00:00:00-04:00,124.86351688531171,127.63913833847312,124.65534584354815,127.56975555419922,21252800,0.0,0.0
2016-09-13 00:00:00-04:00,126.91548449915734,127.2327061267738,125.55741533007877,126.10262298583984,18016200,0.0,0.0
2016-09-14 00:00:00-04:00,125.78540857671156,127.67878545571753,125.78540857671156,126.65774536132812,15691100,0.0,0.0
2016-09-15 00:00:00-04:00,126.86592233356328,127.97617532414156,126.5586157772989,127.23270416259766,15077200,0.0,0.0
2016-09-16 00:00:00-04:00,127.08398205673335,128.05544666218518,127.08398205673335,127.94641876220703,24119200,0.0,0.0
2016-09-19 00:00:00-04:00,128.77912395595837,128.8088615928508,127.1434782970752,127.53008270263672,14958800,0.0,0.0
2016-09-20 00:00:00-04:00,127.53008725253285,128.04556485365885,126.91548923354898,127.52017974853516,11083800,0.0,0.0
2016-09-21 00:00:00-04:00,128.00590675403183,128.87823592229512,127.27234313153065,128.80885314941406,14068300,0.0,0.0
2016-09-22 00:00:00-04:00,129.3639585366343,129.59195208269534,128.43213909713688,128.94761657714844,15538300,0.0,0.0
2016-09-23 00:00:00-04:00,126.44957275862836,127.4805279066973,126.19184153459089,126.8460922241211,28326300,0.0,0.0
2016-09-26 00:00:00-04:00,126.261234546004,127.04435842710664,125.69619675368692,126.20175170898438,15064900,0.0,0.0
2016-09-27 00:00:00-04:00,126.49915514257466,127.88696208766505,126.32072174063724,127.56975555419922,15637100,0.0,0.0
2016-09-28 00:00:00-04:00,128.0852112392694,128.34294244891848,127.28224972367451,128.1050262451172,12047600,0.0,0.0
2016-09-29 00:00:00-04:00,128.0554681397594,128.1645111839836,126.43966773565853,126.97496032714844,14532200,0.0,0.0
2016-09-30 00:00:00-04:00,126.91548039342958,127.47060309784037,126.34052755644433,127.15339660644531,18402900,0.0,0.0
2016-10-03 00:00:00-04:00,127.2624282350143,127.96623905572451,126.68747544958521,127.64903259277344,13156900,0.0,0.0
2016-10-04 00:00:00-04:00,128.04556145428177,128.15460449920275,126.43966854359084,127.0740966796875,14307500,0.0,0.0
2016-10-05 00:00:00-04:00,127.13356035339768,127.67877552825308,126.71721834513316,127.35164642333984,12386800,0.0,0.0
2016-10-06 00:00:00-04:00,127.311994352652,127.93651496821606,126.96505021975156,127.61930847167969,11682700,0.0,0.0
2016-10-07 00:00:00-04:00,127.91668673827587,128.1248653218807,127.21287583257707,127.86713409423828,12804400,0.0,0.0
2016-10-10 00:00:00-04:00,128.55109393223088,129.5622187968677,128.07527669485478,129.10623168945312,15138700,0.0,0.0
2016-10-11 00:00:00-04:00,129.09632615159995,129.5027606768514,127.11373641978902,127.75808715820312,17537900,0.0,0.0
2016-10-12 00:00:00-04:00,127.88694495951215,128.53129569668877,127.3417448850786,127.92660522460938,11073000,0.0,0.0
2016-10-13 00:00:00-04:00,127.09391785301777,127.13356299112138,125.64662073391528,126.70730590820312,17139300,0.0,0.0
2016-10-14 00:00:00-04:00,127.37148270389643,127.82746987145508,126.46940074612881,126.76678466796875,13345300,0.0,0.0
2016-10-17 00:00:00-04:00,127.08399154725446,127.35164538107632,126.21165483760441,126.42974090576172,11351700,0.0,0.0
2016-10-18 00:00:00-04:00,127.55979541375106,128.26362130991413,126.89562977633463,127.45076751708984,13504000,0.0,0.0
2016-10-19 00:00:00-04:00,127.6193021360843,129.33423796043195,127.48052146462192,128.9773712158203,16752300,0.0,0.0
2016-10-20 00:00:00-04:00,128.93771454289268,129.522574811307,128.37266927865835,128.86831665039062,13167500,0.0,0.0
2016-10-21 00:00:00-04:00,128.65025991195878,130.97980914031186,128.5709544992956,130.9203338623047,19088800,0.0,0.0
2016-10-24 00:00:00-04:00,131.5646435822047,132.2486393962456,130.9995983007073,132.11976623535156,17470200,0.0,0.0
2016-10-25 00:00:00-04:00,132.33785531705215,132.33785531705215,131.06899918775932,131.1383819580078,13336800,0.0,0.0
2016-10-26 00:00:00-04:00,130.49405972237582,131.10865771861535,129.8001563192087,129.89927673339844,13084700,0.0,0.0
2016-10-27 00:00:00-04:00,130.59317718148878,130.65265244696005,128.14467791320453,128.56101989746094,16741400,0.0,0.0
2016-10-28 00:00:00-04:00,129.36400878127142,131.81250885487134,128.79896332153484,130.14712524414062,24545500,0.0,0.0
2016-10-31 00:00:00-04:00,130.86082602990442,130.96986906704848,129.74067314937935,129.84971618652344,15669000,0.0,0.0
2016-11-01 00:00:00-04:00,130.2660574222336,130.79144247278973,127.53007400700369,128.3726806640625,22077800,0.0,0.0
2016-11-02 00:00:00-04:00,129.0963174282169,129.0963174282169,125.18070599767049,126.06295776367188,39640900,0.0,0.0
2016-11-03 00:00:00-04:00,120.93798077901204,122.20683707219044,118.45974346796672,118.95539093017578,63766300,0.0,0.0
2016-11-04 00:00:00-04:00,118.54896200078444,120.8685961666355,118.21192534073539,119.69886779785156,30545500,0.0,0.0
2016-11-07 00:00:00-05:00,121.76075840807688,122.13744775985919,120.29363857985611,121.08667755126953,23008900,0.0,0.0
2016-11-08 00:00:00-05:00,120.96771081854621,123.52525337801801,120.48197845372516,123.1386489868164,19460800,0.0,0.0
2016-11-09 00:00:00-05:00,120.44233597963117,122.73222488550998,119.46095610039455,122.10771179199219,31916000,0.0,0.0
2016-11-10 00:00:00-05:00,122.85118652239305,123.09901026607875,114.26656841088987,119.7484359741211,67846700,0.0,0.0
2016-11-11 00:00:00-05:00,118.48948742175958,119.64930073003795,117.12150307581433,117.98392486572266,32840100,0.0,0.0
2016-11-14 00:00:00-05:00,118.09295627708902,118.09295627708902,112.56153659711285,114.07821655273438,51377000,0.0,0.0
2016-11-15 00:00:00-05:00,115.71386152564564,117.45853517246444,114.82169456819275,116.17976379394531,34681400,0.0,0.0
2016-11-16 00:00:00-05:00,113.48343851484168,116.85383497700384,113.21578466828272,115.32723999023438,32397900,0.0,0.0
2016-11-17 00:00:00-05:00,115.79315323316041,116.7646255493164,115.00012186201369,116.7646255493164,18597800,0.0,0.0
2016-11-18 00:00:00-05:00,117.35940426957241,118.09296038833645,115.82289412759988,116.00132751464844,22879300,0.0,0.0
2016-11-21 00:00:00-05:00,117.17104631325257,120.88840193947225,116.77453443017264,120.70996856689453,35415400,0.0,0.0
2016-11-22 00:00:00-05:00,121.33449456580837,121.90944741009723,119.8475522489798,120.41259002685547,26089200,0.0,0.0
2016-11-23 00:00:00-05:00,120.1746826431112,120.25398048631503,118.89591132957436,119.78807067871094,15672100,0.0,0.0
2016-11-25 00:00:00-05:00,119.95660532135918,120.08547094358737,119.0247856380743,119.33208465576172,8658600,0.0,0.0
2016-11-28 00:00:00-05:00,119.0743476034829,120.63068031347514,118.77695610456261,119.36182403564453,18101300,0.0,0.0
2016-11-29 00:00:00-05:00,119.52042619179777,121.03710618381358,119.3519078733471,119.81781768798828,18891000,0.0,0.0
2016-11-30 00:00:00-05:00,119.27259904293261,120.72980371908162,116.92322746679648,117.3891372680664,30188900,0.0,0.0
2016-12-01 00:00:00-05:00,117.34948367456744,117.41887401276296,113.00761487823426,114.09803771972656,43277000,0.0,0.0
2016-12-02 00:00:00-05:00,114.10796270387293,115.46603951285809,113.30501621168142,114.39543914794922,25070400,0.0,0.0
2016-12-05 00:00:00-05:00,114.94063330451269,116.54653366283962,114.06829657078045,116.40775299072266,20201500,0.0,0.0
2016-12-06 00:00:00-05:00,116.66550000549016,116.77454305028034,115.31733832715703,116.28880310058594,19131200,0.0,0.0
2016-12-07 00:00:00-05:00,115.98150588145802,116.92323303222656,115.55524876245141,116.92323303222656,21913700,0.0,0.0
2016-12-08 00:00:00-05:00,116.95297338784029,118.45973827924597,116.61592919555154,117.8748779296875,22442800,0.0,0.0
2016-12-09 00:00:00-05:00,118.18217361004085,118.89590711443039,117.914519764405,118.63816833496094,17464700,0.0,0.0
2016-12-12 00:00:00-05:00,118.18217889211805,118.20200146235725,116.6258462055347,116.74479675292969,17805500,0.0,0.0
2016-12-13 00:00:00-05:00,116.83402566339244,120.4621613175557,116.58620192111695,119.2626953125,29768000,0.0,0.0
2016-12-14 00:00:00-05:00,118.95538793862593,120.63067873891514,117.81539729161813,119.16355895996094,25913100,0.0,0.0
2016-12-15 00:00:00-05:00,119.0346991119101,121.4336310697649,118.58861184774322,119.52043151855469,20139600,0.0,0.0
2016-12-16 00:00:00-05:00,119.8475553678651,120.44233079747889,118.23173983455473,118.82652282714844,25324300,0.0,0.0
2016-12-19 00:00:00-05:00,118.80669398184463,119.31225650583835,117.47836242673877,118.2020034790039,15918100,0.0,0.0
2016-12-20 00:00:00-05:00,118.45974112077853,118.727387417357,117.76583771262703,118.05330657958984,13684400,0.0,0.0
2016-12-21 00:00:00-05:00,117.88478792181107,118.16234928427329,117.44862330779038,118.00374603271484,10767600,0.0,0.0
2016-12-22 00:00:00-05:00,117.82530314334566,117.95416874752807,115.9121038344414,116.37801361083984,16258600,0.0,0.0
2016-12-23 00:00:00-05:00,115.98150683376345,116.53662957452354,115.28760340781331,116.24915313720703,10890000,0.0,0.0
2016-12-27 00:00:00-05:00,115.94185669643238,117.64688522421496,115.84272871381299,116.98271942138672,12051500,0.0,0.0
2016-12-28 00:00:00-05:00,117.16113213500104,117.22060740147855,115.6345372705871,115.90218353271484,12087400,0.0,0.0
2016-12-29 00:00:00-05:00,115.9815090621274,116.5068941751525,115.0496893896797,115.33716583251953,9934900,0.0,0.0
2016-12-30 00:00:00-05:00,115.58499513922379,115.81299631624846,113.77092347957301,114.04849243164062,18684100,0.0,0.0
2017-01-03 00:00:00-05:00,115.01993589279297,116.81417708339714,114.50446591796576,115.84271240234375,20663900,0.0,0.0
2017-01-04 00:00:00-05:00,116.52671612923757,118.61834893035878,116.26897734289162,117.65679168701172,19630900,0.0,0.0
2017-01-05 00:00:00-05:00,117.82532631070531,119.8971292657416,117.29002609403554,119.61956787109375,19492200,0.0,0.0
2017-01-06 00:00:00-05:00,119.92686916066123,122.80161853196273,118.9851343985276,122.3357162475586,28545300,0.0,0.0
2017-01-09 00:00:00-05:00,122.47448988733203,124.33812160659222,121.96892736257749,123.81273651123047,22880400,0.0,0.0
2017-01-10 00:00:00-05:00,123.73342689455781,124.40750771697775,123.19812675060845,123.26751708984375,17324600,0.0,0.0
2017-01-11 00:00:00-05:00,123.26751959303638,125.022115805442,122.980043163801,124.99237060546875,18356500,0.0,0.0
2017-01-12 00:00:00-05:00,124.5165512776356,125.62680427300404,123.71360483985741,125.51776123046875,18653900,0.0,0.0
2017-01-13 00:00:00-05:00,126.38017920443747,128.14469040284416,126.26122866190143,127.2227783203125,24884300,0.0,0.0
2017-01-17 00:00:00-05:00,126.92539246894255,127.22278396443527,126.2909719003192,126.75688171386719,15294500,0.0,0.0
2017-01-18 00:00:00-05:00,127.29218220887986,127.31199721626193,125.735841949677,126.80644226074219,13145900,0.0,0.0
2017-01-19 00:00:00-05:00,127.11374001546973,127.23270568839588,126.34053120826837,126.43966674804688,12195500,0.0,0.0
2017-01-20 00:00:00-05:00,126.984882655558,127.36156443165372,125.67636612797139,125.9341049194336,19097200,0.0,0.0
2017-01-23 00:00:00-05:00,126.20174722976896,128.12486169391622,125.84488047223688,127.8076400756836,16593600,0.0,0.0
2017-01-24 00:00:00-05:00,128.253758080309,128.76922061429406,127.26246303285191,128.24383544921875,15162700,0.0,0.0
2017-01-25 00:00:00-05:00,128.868337001996,130.59319557336823,128.6403434102612,130.33544921875,18731300,0.0,0.0
2017-01-26 00:00:00-05:00,130.48414721085487,131.98099700352165,130.2957987673754,131.62413024902344,20020100,0.0,0.0
2017-01-27 00:00:00-05:00,131.52500538016162,131.79265924923342,129.9389425517207,131.02935791015625,19539500,0.0,0.0
2017-01-30 00:00:00-05:00,130.43458094664092,130.43458094664092,128.47182133724908,129.8397979736328,18956100,0.0,0.0
2017-01-31 00:00:00-05:00,129.0368588191783,129.5225987787039,128.39252316707874,129.18556213378906,19790500,0.0,0.0
2017-02-01 00:00:00-05:00,131.09875613893414,132.32796731291714,129.54241581882755,132.07022094726562,50139800,0.0,0.0
2017-02-02 00:00:00-05:00,132.06032149304792,134.3105653848427,129.26486232447974,129.70103454589844,54366400,0.0,0.0
2017-02-03 00:00:00-05:00,130.09754432071733,131.69352966813113,129.62171189192713,129.8397979736328,24804900,0.0,0.0
2017-02-06 00:00:00-05:00,129.8398000972754,130.910400390625,129.16572683440322,130.910400390625,17058500,0.0,0.0
2017-02-07 00:00:00-05:00,131.08884883049154,131.84222754253167,130.51389594789757,130.69232177734375,14596400,0.0,0.0
2017-02-08 00:00:00-05:00,131.44572115605155,133.26970029953452,131.28711032810668,133.0317840576172,22390600,0.0,0.0
2017-02-09 00:00:00-05:00,133.31926458415361,133.32917208840541,132.14952866613126,132.97230529785156,16470600,0.0,0.0
2017-02-10 00:00:00-05:00,132.93263768486915,133.7653216800901,132.51628056130053,133.0218505859375,15061900,0.0,0.0
2017-02-13 00:00:00-05:00,133.52740747356071,133.52740747356071,132.5361126665915,132.88307189941406,13526200,0.0,0.0
2017-02-14 00:00:00-05:00,132.93262286475797,133.06148088772704,131.3961130829501,132.68479919433594,14364900,0.0,0.0
2017-02-15 00:00:00-05:00,132.2883041103043,132.5361278404195,131.50518777856269,132.2783966064453,13226500,0.0,0.0
2017-02-16 00:00:00-05:00,131.9116404548502,132.70466439943635,131.862072676823,132.6749267578125,12831100,0.0,0.0
2017-02-17 00:00:00-05:00,132.3378618520214,132.92272218053802,132.01073273794628,132.3675994873047,12276500,0.0,0.0
2017-02-21 00:00:00-05:00,132.33786789348608,132.74430242885742,131.74308490874947,132.5559539794922,14759100,0.0,0.0
2017-02-22 00:00:00-05:00,132.43700630596757,135.5992243697369,132.29822562331302,134.93505859375,27360100,0.0,0.0
2017-02-23 00:00:00-05:00,134.70705620159785,134.93504978122027,133.1606386598825,134.18167114257812,18422500,0.0,0.0
2017-02-24 00:00:00-05:00,132.99213004113886,134.43941215318864,132.99213004113886,134.260986328125,12625700,0.0,0.0
2017-02-27 00:00:00-05:00,134.08253602609818,135.9858203238411,133.8446349426047,135.2225341796875,14306700,0.0,0.0
2017-02-28 00:00:00-05:00,135.5992414771087,135.61907161312115,133.57700625673425,134.36012268066406,16112100,0.0,0.0
2017-03-01 00:00:00-05:00,135.28201251992422,136.28321489624622,135.11349420663987,136.22373962402344,16257000,0.0,0.0
2017-03-02 00:00:00-05:00,135.8966176658228,136.62027385191215,135.1234088342414,135.56948852539062,12294800,0.0,0.0
2017-03-03 00:00:00-05:00,135.44061383363706,136.1345171708499,134.8953986665561,135.9759063720703,11160600,0.0,0.0
2017-03-06 00:00:00-05:00,135.68844704805903,136.63017415215825,135.32165765941963,136.22373962402344,12748200,0.0,0.0
2017-03-07 00:00:00-05:00,135.83714349602923,137.1654750763817,135.79749835412093,136.10479736328125,13527100,0.0,0.0
2017-03-08 00:00:00-05:00,135.95608807524832,136.7887872783457,135.8569676618517,136.52113342285156,10184500,0.0,0.0
2017-03-09 00:00:00-05:00,136.52112827646758,137.3637349513533,136.2039066632535,137.03660583496094,15535300,0.0,0.0
2017-03-10 00:00:00-05:00,137.70075276105916,138.27570551200208,137.01675698621398,137.581787109375,16314100,0.0,0.0
2017-03-13 00:00:00-04:00,137.5025138230082,138.464055901305,137.46285355889685,138.384765625,10955500,0.0,0.0
2017-03-14 00:00:00-04:00,138.2459889284164,138.2459889284164,137.31416933246618,138.10720825195312,12944000,0.0,0.0
2017-03-15 00:00:00-04:00,138.07744326480076,138.88040474248697,137.28441954148659,138.5037078857422,19344800,0.0,0.0
2017-03-16 00:00:00-04:00,138.97952573886178,139.02909350327025,138.51361598014674,138.7713623046875,13612900,0.0,0.0
2017-03-17 00:00:00-04:00,139.1183281336502,139.1183281336502,138.48389997761635,138.6226806640625,20592800,0.0,0.0
2017-03-20 00:00:00-04:00,138.493808180821,138.96962546679075,138.03780590087916,138.7218017578125,12099500,0.0,0.0
2017-03-21 00:00:00-04:00,139.92127835831857,141.0711841487624,137.1952172026407,137.30426025390625,29894800,0.0,0.0
2017-03-22 00:00:00-04:00,136.7292942960257,138.57310336111672,136.4021802994412,138.37484741210938,17055400,0.0,0.0
2017-03-23 00:00:00-04:00,138.26580088485196,139.16788282494235,137.87919649995018,138.31536865234375,13022800,0.0,0.0
2017-03-24 00:00:00-04:00,138.86058543282468,139.79240501888796,138.543363818012,139.11831665039062,16664700,0.0,0.0
2017-03-27 00:00:00-04:00,137.83954683505186,139.42560946099263,137.56198549736328,139.09849548339844,12800500,0.0,0.0
2017-03-28 00:00:00-04:00,139.13814843382002,140.71430364548038,138.79118917924654,140.5259552001953,14679400,0.0,0.0
2017-03-29 00:00:00-04:00,140.75396002517493,141.61638169718904,140.19882220799045,141.408203125,16527600,0.0,0.0
2017-03-30 00:00:00-04:00,141.16038071560394,141.70559590878236,140.61518064838455,141.17030334472656,12404000,0.0,0.0
2017-03-31 00:00:00-04:00,141.07117727810586,141.38839891214158,140.65483522790402,140.81344604492188,11478300,0.0,0.0
2017-04-03 00:00:00-04:00,140.6944835916654,141.2297913298714,139.59416072904716,141.04144287109375,13564000,0.0,0.0
2017-04-04 00:00:00-04:00,140.62508899200463,140.85308257380223,140.04022865671735,140.4962158203125,12948600,0.0,0.0
2017-04-05 00:00:00-04:00,141.02162331763674,142.19135930024848,140.06006594349336,140.61520385742188,17158100,0.0,0.0
2017-04-06 00:00:00-04:00,140.87290535234092,140.98194838593602,139.68335461145867,139.9410858154297,15103400,0.0,0.0
2017-04-07 00:00:00-04:00,139.9708464660045,140.31780575521262,139.0192117671973,139.55450439453125,11818300,0.0,0.0
2017-04-10 00:00:00-04:00,139.7725954558796,140.19884504680843,139.40582114499094,139.81224060058594,9039400,0.0,0.0
2017-04-11 00:00:00-04:00,139.57432494311445,139.80231853484233,137.6016426467983,138.7019805908203,16638100,0.0,0.0
2017-04-12 00:00:00-04:00,138.5037251394718,139.1777984134513,138.2261637765438,138.3649444580078,11612500,0.0,0.0
2017-04-13 00:00:00-04:00,138.40458354841024,139.3562332696765,138.11711469435852,138.1765899658203,10965600,0.0,0.0
2017-04-17 00:00:00-04:00,138.54335086896384,140.31777696831105,138.53344336666163,140.18890380859375,11519700,0.0,0.0
2017-04-18 00:00:00-04:00,140.04022439113626,140.67465247513135,139.38596617534043,139.73292541503906,14807500,0.0,0.0
2017-04-19 00:00:00-04:00,140.11953519765154,141.7948108134509,140.04022979334803,141.03152465820312,15563900,0.0,0.0
2017-04-20 00:00:00-04:00,141.7056110100073,142.99429747868146,141.4478797666567,142.5482177734375,15968200,0.0,0.0
2017-04-21 00:00:00-04:00,142.64731580260812,142.91496963412595,141.0315155627533,142.42922973632812,12382000,0.0,0.0
2017-04-24 00:00:00-04:00,143.69810414342254,144.40191499695086,143.083491067742,144.2036590576172,14407200,0.0,0.0
2017-04-25 00:00:00-04:00,144.52087943031032,145.86904112374023,144.52087943031032,145.2147979736328,17767500,0.0,0.0
2017-04-26 00:00:00-04:00,145.80956478007778,146.3052122354123,144.81826986940877,145.2841796875,12395000,0.0,0.0
2017-04-27 00:00:00-04:00,145.393213125027,146.4638133729187,144.867828067167,146.41424560546875,11275100,0.0,0.0
2017-04-28 00:00:00-04:00,148.19857600207337,150.21090328219205,147.77232648874826,148.94204711914062,30652200,0.0,0.0
2017-05-01 00:00:00-04:00,150.4191245911027,151.24190134289267,150.10190289722385,151.1328582763672,25218300,0.0,0.0
2017-05-02 00:00:00-04:00,152.0051501671389,152.10428570349973,150.33978206318312,151.4500274658203,21870400,0.0,0.0
2017-05-03 00:00:00-04:00,152.2628951582923,152.2628951582923,150.02255911450226,150.4785614013672,29782500,0.0,0.0
2017-05-04 00:00:00-04:00,148.86276154085118,150.20101578015834,147.4253868816446,149.53684997558594,36225500,0.0,0.0
2017-05-05 00:00:00-04:00,150.13161784835117,150.31005880567795,148.4860645934915,148.93215942382812,17148500,0.0,0.0
2017-05-08 00:00:00-04:00,149.39806622449962,149.7648405099342,148.4365089280184,149.74501037597656,15827500,0.0,0.0
2017-05-09 00:00:00-04:00,150.1712460575336,151.26166119922374,148.90238999661145,149.17002868652344,17453900,0.0,0.0
2017-05-10 00:00:00-04:00,148.92222943772975,149.20971343090036,147.56416025732196,148.98170471191406,12080700,0.0,0.0
2017-05-11 00:00:00-04:00,149.00152530260848,149.33856191870754,148.10936599506186,148.73387145996094,11841900,0.0,0.0
2017-05-12 00:00:00-04:00,149.0907298154442,149.15022020842946,148.3274437206507,149.02134704589844,9598200,0.0,0.0
2017-05-15 00:00:00-04:00,148.86276874162976,150.16136277502417,148.46625679093088,148.88259887695312,15064700,0.0,0.0
2017-05-16 00:00:00-04:00,148.80326435592949,148.90239988719412,147.73266414729665,148.47613525390625,14550800,0.0,0.0
2017-05-17 00:00:00-04:00,146.7116226986724,147.37578836469336,143.16278568584636,143.58905029296875,28300100,0.0,0.0
2017-05-18 00:00:00-04:00,143.46020890568977,146.8603433837302,143.25203030709343,146.37461853027344,23031600,0.0,0.0
2017-05-19 00:00:00-04:00,147.15775316190334,148.08957296714237,146.67202824816664,146.77114868164062,16187900,0.0,0.0
2017-05-22 00:00:00-04:00,146.79095887898018,147.29651386112334,146.40435445123288,146.94956970214844,12586700,0.0,0.0
2017-05-23 00:00:00-04:00,147.22711603631876,147.51458488872268,145.96816733574363,146.78103637695312,12817800,0.0,0.0
2017-05-24 00:00:00-04:00,147.21719156155635,148.92221990012186,147.12797865599347,148.73387145996094,17862400,0.0,0.0
2017-05-25 00:00:00-04:00,148.99163847590836,151.26169732402602,148.64467918262474,150.63719177246094,19891400,0.0,0.0
2017-05-26 00:00:00-04:00,150.9048302610876,150.92466039591608,149.8342298697648,150.8057098388672,14996200,0.0,0.0
2017-05-30 00:00:00-04:00,150.64709327630788,151.5689903102576,150.31996413091787,151.05352783203125,13226000,0.0,0.0
2017-05-31 00:00:00-04:00,151.37073659082762,152.01508738710086,149.77475110837076,150.14154052734375,18023900,0.0,0.0
2017-06-01 00:00:00-04:00,150.42900833981997,150.9643009562491,148.99163369059534,150.21092224121094,14530600,0.0,0.0
2017-06-02 00:00:00-04:00,150.52813829156642,152.29264202313797,149.98292306530328,152.27281188964844,16854400,0.0,0.0
2017-06-05 00:00:00-04:00,152.30254055982212,153.36323331264384,152.07454697897558,152.29263305664062,12520400,0.0,0.0
2017-06-06 00:00:00-04:00,152.0745345000957,153.17487230131127,151.15262249725996,151.47975158691406,13457100,0.0,0.0
2017-06-07 00:00:00-04:00,151.9357669026947,152.41158419858272,151.01385482058015,151.7870635986328,12066700,0.0,0.0
2017-06-08 00:00:00-04:00,152.738730063994,153.38306574103552,151.76726523329793,153.36325073242188,17799400,0.0,0.0
2017-06-09 00:00:00-04:00,153.4227067451964,154.23556064915013,145.33373721407455,148.29771423339844,35577700,0.0,0.0
2017-06-12 00:00:00-04:00,146.88015804135935,147.9011905402127,143.30158298075054,147.14781188964844,33170200,0.0,0.0
2017-06-13 00:00:00-04:00,148.8429011237596,149.86393350934978,147.6037826824164,149.3682861328125,20483400,0.0,0.0
2017-06-14 00:00:00-04:00,149.94324944477944,151.07332493768334,147.75249635702474,148.94204711914062,20808800,0.0,0.0
2017-06-15 00:00:00-04:00,146.38449376528592,148.73385748003844,145.09580756643342,148.49595642089844,18994200,0.0,0.0
2017-06-16 00:00:00-04:00,148.28779641581758,149.51700750363304,147.30642417220145,149.3286590576172,22882400,0.0,0.0
2017-06-19 00:00:00-04:00,150.38937016716244,152.23317946069758,150.38937016716244,151.5392608642578,19026500,0.0,0.0
2017-06-20 00:00:00-04:00,151.54915741977874,152.50079197956828,150.88499170331184,150.9246368408203,14743900,0.0,0.0
2017-06-21 00:00:00-04:00,151.03366531776837,152.73869345949296,150.55784808373923,152.57017517089844,15039800,0.0,0.0
2017-06-22 00:00:00-04:00,151.67800137276805,153.2046037293239,151.5788809752242,152.06460571289062,13005500,0.0,0.0
2017-06-23 00:00:00-04:00,151.39055895731403,153.848966084101,151.32116105356948,153.72010803222656,18027000,0.0,0.0
2017-06-26 00:00:00-04:00,154.88980792543055,155.13763161811121,151.86635584953456,152.25296020507812,18049700,0.0,0.0
2017-06-27 00:00:00-04:00,151.5095167008542,151.97542653796327,149.08084709577176,149.26919555664062,19360800,0.0,0.0
2017-06-28 00:00:00-04:00,149.60622494159466,152.1340299693682,148.55545476459667,151.90603637695312,16719100,0.0,0.0
2017-06-29 00:00:00-04:00,150.95436967852862,151.1724557427916,147.62361857319013,149.72515869140625,23973500,0.0,0.0
2017-06-30 00:00:00-04:00,150.57770000719742,150.59753014188155,148.75372089124008,149.66571044921875,17666000,0.0,0.0
2017-07-03 00:00:00-04:00,150.39926234458315,150.82551188802339,146.513388179951,147.1378936767578,13862700,0.0,0.0
2017-07-05 00:00:00-04:00,147.7029337798581,149.5368353167702,146.84051209406786,149.03126525878906,14334300,0.0,0.0
2017-07-06 00:00:00-04:00,147.73268434179258,148.73388679020908,146.71165175922079,147.52452087402344,14951800,0.0,0.0
2017-07-07 00:00:00-04:00,147.9507507829903,150.66690401490413,147.89127551438665,150.12168884277344,13615900,0.0,0.0
2017-07-10 00:00:00-04:00,150.36953117009799,152.63958991672814,150.19109021622765,152.1637725830078,13378700,0.0,0.0
2017-07-11 00:00:00-04:00,152.0348809949245,154.06703839165056,151.57889385038524,153.91835021972656,13667700,0.0,0.0
2017-07-12 00:00:00-04:00,155.12774492815996,157.77450050597156,154.84026093554425,157.51675415039062,22739400,0.0,0.0
2017-07-13 00:00:00-04:00,157.35816423084344,158.3891043130857,157.0409425895625,157.87362670898438,13929200,0.0,0.0
2017-07-14 00:00:00-04:00,158.7360644347633,158.92441289452822,157.9430254533134,158.57745361328125,16371200,0.0,0.0
2017-07-17 00:00:00-04:00,158.855031493404,159.38041665893704,157.42756420366814,158.3395538330078,12858800,0.0,0.0
2017-07-18 00:00:00-04:00,158.2701505412813,162.3047129997704,158.03223431515994,161.44229125976562,23722900,0.0,0.0
2017-07-19 00:00:00-04:00,162.16593587992836,164.25756881192095,161.74959381953613,162.71115112304688,26273600,0.0,0.0
2017-07-20 00:00:00-04:00,163.3654016595521,163.56365761328536,161.39271937390092,163.09774780273438,18523100,0.0,0.0
2017-07-21 00:00:00-04:00,162.7309422532025,163.61319393480193,162.32450779429706,162.9985809326172,14744000,0.0,0.0
2017-07-24 00:00:00-04:00,163.20680041741076,164.7234804850571,162.8796712678846,164.55496215820312,17367000,0.0,0.0
2017-07-25 00:00:00-04:00,163.57356318735518,164.09894826523268,162.43358012236655,163.84121704101562,15383200,0.0,0.0
2017-07-26 00:00:00-04:00,164.56486213230303,164.56486213230303,162.67150035489652,164.16835021972656,35236900,0.0,0.0
2017-07-27 00:00:00-04:00,173.17922513828498,173.96235662112483,166.04190450705445,168.95631408691406,68910700,0.0,0.0
2017-07-28 00:00:00-04:00,167.59822524268463,171.92025620826385,167.57839511068912,170.94879150390625,24557600,0.0,0.0
2017-07-31 00:00:00-04:00,170.5027335095089,171.21646709241622,167.0827689148882,167.77667236328125,25478900,0.0,0.0
2017-08-01 00:00:00-04:00,168.34170251677014,168.9860381335434,167.57840122963862,168.38134765625,14385000,0.0,0.0
2017-08-02 00:00:00-04:00,168.8175124808189,169.06533618818182,165.45702361401592,167.8262176513672,17433800,0.0,0.0
2017-08-03 00:00:00-04:00,167.82623205057902,168.2227439659963,166.78536936515872,167.12240600585938,10793800,0.0,0.0
2017-08-04 00:00:00-04:00,167.49909699590893,168.57960478431247,167.22153563973112,168.1434326171875,10777700,0.0,0.0
2017-08-07 00:00:00-04:00,168.47053727684883,170.56216977383949,168.1830684589685,170.4828643798828,12787800,0.0,0.0
2017-08-08 00:00:00-04:00,170.38376111886248,171.54357426096124,169.13471994586473,169.73941040039062,14393500,0.0,0.0
2017-08-09 00:00:00-04:00,168.5003141776457,169.95751898854022,168.0839721068131,169.6898651123047,10815000,0.0,0.0
2017-08-10 00:00:00-04:00,168.57959690991828,169.10498196142535,165.39754896595718,165.9427490234375,20832700,0.0,0.0
2017-08-11 00:00:00-04:00,166.48797862685876,167.3504154920727,165.3975632914955,166.61685180664062,13791200,0.0,0.0
2017-08-14 00:00:00-04:00,168.60935254985165,169.59073998483981,167.81631357343335,169.26361083984375,12954200,0.0,0.0
2017-08-15 00:00:00-04:00,169.99715347951332,170.0070609823305,168.53002626081243,169.51141357421875,8729200,0.0,0.0
2017-08-16 00:00:00-04:00,169.75924491882324,169.88811809103936,167.76674769388046,168.52012634277344,15779900,0.0,0.0
2017-08-17 00:00:00-04:00,167.8658860172147,168.38136363512615,165.3975712309456,165.45704650878906,17216000,0.0,0.0
2017-08-18 00:00:00-04:00,165.38763714282814,167.20170862118172,164.76313164277576,165.9526824951172,15093600,0.0,0.0
2017-08-21 00:00:00-04:00,165.70486000680907,166.53754409706403,164.37652846388428,166.3194580078125,11907500,0.0,0.0
2017-08-22 00:00:00-04:00,166.81510735138656,168.3912626385125,165.6949392553481,168.16326904296875,11391000,0.0,0.0
2017-08-23 00:00:00-04:00,167.3702215723392,167.88569913801135,166.73579346303475,167.24136352539062,9856500,0.0,0.0
2017-08-24 00:00:00-04:00,167.4098759174614,167.81629530248614,164.96137647455325,166.27980041503906,14030400,0.0,0.0
2017-08-25 00:00:00-04:00,166.3987646340044,166.91424222382497,164.7333813153379,164.87217712402344,12614500,0.0,0.0
2017-08-28 00:00:00-04:00,165.4570505254586,166.24016691267684,164.882097615746,165.7841796875,8553700,0.0,0.0
2017-08-29 00:00:00-04:00,163.81149866184828,166.96380949969048,163.56367491198162,166.58712768554688,11121000,0.0,0.0
2017-08-30 00:00:00-04:00,166.70606035313617,168.6985576428694,166.17076776629847,168.44082641601562,11138300,0.0,0.0
2017-08-31 00:00:00-04:00,168.91665162799782,170.65141777199528,168.5796149788231,170.47299194335938,17226500,0.0,0.0
2017-09-01 00:00:00-04:00,170.89923426560307,171.41471184753254,169.81872645764068,170.52255249023438,11677600,0.0,0.0
2017-09-05 00:00:00-04:00,169.77908669600956,170.88933217599208,168.0740582083449,169.23387145996094,13210900,0.0,0.0
2017-09-06 00:00:00-04:00,169.4222286470553,170.97855390001803,168.09389700420334,170.59194946289062,13906300,0.0,0.0
2017-09-07 00:00:00-04:00,170.44324547078008,171.80131462709602,168.78778482285844,171.7021942138672,18049500,0.0,0.0
2017-09-08 00:00:00-04:00,171.58325431900036,171.9797814093657,169.31319533976105,169.46188354492188,10998500,0.0,0.0
2017-09-11 00:00:00-04:00,170.8992348092265,172.37626965643292,170.70097885430292,171.99957275390625,12372000,0.0,0.0
2017-09-12 00:00:00-04:00,172.24740005686974,172.4853162832958,170.25490271066695,171.45437622070312,11186300,0.0,0.0
2017-09-13 00:00:00-04:00,171.50391883649743,171.66252964483928,170.5621917416514,171.5435791015625,9119300,0.0,0.0
2017-09-14 00:00:00-04:00,170.7604424218741,170.780272553795,169.01576896180705,169.47177124023438,15615700,0.0,0.0
2017-09-15 00:00:00-04:00,169.39246488266406,170.83974685958648,168.77785180425548,170.14584350585938,15660500,0.0,0.0
2017-09-18 00:00:00-04:00,170.49280395904697,170.57210936088856,167.86586357315537,168.530029296875,12954000,0.0,0.0
2017-09-19 00:00:00-04:00,169.1347343128583,171.05784887670634,168.8770030791521,171.01820373535156,13168600,0.0,0.0
2017-09-20 00:00:00-04:00,170.99837853761827,171.54359378423464,169.21404460594667,170.67124938964844,12264100,0.0,0.0
2017-09-21 00:00:00-04:00,170.19540567674682,170.77035847263426,168.5300225565973,169.62045288085938,11161400,0.0,0.0
2017-09-22 00:00:00-04:00,168.72830592668825,170.2350632334732,167.74691856325026,169.055419921875,12097100,0.0,0.0
2017-09-25 00:00:00-04:00,167.76675296133033,167.82622823469464,160.1536003255479,161.4521942138672,41251600,0.0,0.0
2017-09-26 00:00:00-04:00,163.06803225745603,164.05932728637674,161.36300359763547,162.7805633544922,23363300,0.0,0.0
2017-09-27 00:00:00-04:00,164.45581794246135,166.87457991983337,164.12870393614116,166.22032165527344,19242500,0.0,0.0
2017-09-28 00:00:00-04:00,166.47806837469517,167.59823645502036,165.7048595606887,167.2611846923828,12178700,0.0,0.0
2017-09-29 00:00:00-04:00,167.36030310275785,170.1656692052864,167.34047297146543,169.38253784179688,15340400,0.0,0.0
2017-10-02 00:00:00-04:00,169.89801997249245,170.37383725468254,167.28100223150898,167.99473571777344,13392300,0.0,0.0
2017-10-03 00:00:00-04:00,167.82622575951183,169.24377017365308,167.72709022139367,168.48048400878906,8190300,0.0,0.0
2017-10-04 00:00:00-04:00,168.35160201472414,169.1842860378396,166.82499951305383,166.95387268066406,12127900,0.0,0.0
2017-10-05 00:00:00-04:00,167.70724860003665,169.81871138444345,167.13231092140677,169.74932861328125,14580600,0.0,0.0
2017-10-06 00:00:00-04:00,168.76796834751377,170.86950883993305,168.2723208633801,170.73072814941406,13124500,0.0,0.0
2017-10-09 00:00:00-04:00,171.19660798448908,173.3576385019914,170.50270465353262,170.99835205078125,14570400,0.0,0.0
2017-10-10 00:00:00-04:00,171.49401235464845,171.692268303277,169.31316666781586,170.09628295898438,11341100,0.0,0.0
2017-10-11 00:00:00-04:00,170.45313573694557,171.27591222593418,169.90792057846417,171.23626708984375,11283700,0.0,0.0
2017-10-12 00:00:00-04:00,171.10741839085242,172.3366295488127,170.79019675294256,171.04794311523438,10351000,0.0,0.0
2017-10-13 00:00:00-04:00,171.94007037490383,173.12962104288104,171.692246688827,172.22755432128906,13658300,0.0,0.0
2017-10-16 00:00:00-04:00,172.97104056337912,173.4765954820101,172.5447759204105,173.0007781982422,11498800,0.0,0.0
2017-10-17 00:00:00-04:00,173.18912808933737,174.59676494651444,172.84216884507902,174.57693481445312,15990100,0.0,0.0
2017-10-18 00:00:00-04:00,175.11221755472005,175.201445581014,174.22005829944464,174.49761962890625,12752400,0.0,0.0
2017-10-19 00:00:00-04:00,173.4071947735673,174.49762512074045,171.12722879922828,173.04042053222656,14048400,0.0,0.0
2017-10-20 00:00:00-04:00,173.9722341133268,174.34893097051693,173.10981249392628,173.45675659179688,12602200,0.0,0.0
2017-10-23 00:00:00-04:00,173.6748649827668,173.81364566494935,169.75925311850992,169.77908325195312,13852700,0.0,0.0
2017-10-24 00:00:00-04:00,170.80009074102279,171.7319102386739,170.00705190519477,170.304443359375,12267900,0.0,0.0
2017-10-25 00:00:00-04:00,170.40358519404103,170.75054445521923,167.41979302655508,169.1149139404297,15868200,0.0,0.0
2017-10-26 00:00:00-04:00,169.88813981982182,170.79020676283193,168.90675233672508,169.14466857910156,11833100,0.0,0.0
2017-10-27 00:00:00-04:00,172.6339871346305,176.65865681621037,172.38616342922563,176.33152770996094,30285300,0.0,0.0
2017-10-30 00:00:00-04:00,177.69952396432316,179.11708358177958,176.06389337783372,178.30421447753906,24353200,0.0,0.0
2017-10-31 00:00:00-04:00,178.99812378046002,179.22611736764028,177.38230828540637,178.4925537109375,20174200,0.0,0.0
2017-11-01 00:00:00-04:00,180.77252429976699,181.3078168480914,178.99811322425236,181.06991577148438,40918300,0.0,0.0
2017-11-02 00:00:00-04:00,179.05760878569188,180.35620272920127,175.7962399819851,177.36248779296875,35529900,0.0,0.0
2017-11-03 00:00:00-04:00,177.7292620782762,178.29430745117068,175.17173445915896,177.36248779296875,17822100,0.0,0.0
2017-11-06 00:00:00-05:00,177.00560768877534,178.87915436815607,176.75778397390508,178.60159301757812,13312700,0.0,0.0
2017-11-07 00:00:00-05:00,178.92873193156206,179.17655565999914,177.40214441981212,178.680908203125,12928200,0.0,0.0
2017-11-08 00:00:00-05:00,178.2249113264606,178.78004920090777,177.55083802500116,177.99691772460938,10494100,0.0,0.0
2017-11-09 00:00:00-05:00,176.75782445514304,177.83833246920605,175.54844323952588,177.7392120361328,12610300,0.0,0.0
2017-11-10 00:00:00-05:00,176.79745109681392,177.54092227026402,176.41084669165826,176.906494140625,11070200,0.0,0.0
2017-11-13 00:00:00-05:00,175.95482700347247,177.48141434008096,175.7565710686602,177.21377563476562,9523400,0.0,0.0
2017-11-14 00:00:00-05:00,176.5793727372629,177.41205685773943,175.6376304422426,176.5198974609375,9585900,0.0,0.0
2017-11-15 00:00:00-05:00,175.12216091520685,177.01553780715068,174.8644145602232,176.4009246826172,10253700,0.0,0.0
2017-11-16 00:00:00-05:00,177.2038652895388,178.2645580595446,176.94613406901334,178.02664184570312,15607600,0.0,0.0
2017-11-17 00:00:00-05:00,177.73916393159448,178.4132371475223,177.34263692873233,177.4417724609375,13018000,0.0,0.0
2017-11-20 00:00:00-05:00,177.31289429196397,177.93741485012896,176.54960819416024,177.1840362548828,10052400,0.0,0.0
2017-11-21 00:00:00-05:00,177.59045519698293,180.3066083610986,177.43185952665146,180.27687072753906,14504000,0.0,0.0
2017-11-22 00:00:00-05:00,179.72178167176193,180.14803124978954,178.86926738974583,179.29551696777344,10376300,0.0,0.0
2017-11-24 00:00:00-05:00,178.8295866840351,181.55564754888903,178.72054364440257,181.18887329101562,9426300,0.0,0.0
2017-11-27 00:00:00-05:00,180.97078150462093,182.13059463906762,180.40575131776887,181.4366912841797,12344500,0.0,0.0
2017-11-28 00:00:00-05:00,181.91250846485386,182.64607208301544,180.50487162402382,180.83200073242188,14379700,0.0,0.0
2017-11-29 00:00:00-05:00,180.30664806381455,180.38595347942203,172.48533107031955,173.60549926757812,41933500,0.0,0.0
2017-11-30 00:00:00-05:00,175.31050502004086,176.7280494334656,173.6748593976745,175.6376190185547,25307600,0.0,0.0
2017-12-01 00:00:00-05:00,174.49764163388252,175.93501622684508,170.83976099925295,173.57574462890625,20182500,0.0,0.0
2017-12-04 00:00:00-05:00,174.75537433465558,175.0329508274134,169.30325228890467,169.9773406982422,24459400,0.0,0.0
2017-12-05 00:00:00-05:00,168.9661987220778,173.8532900408707,167.5387317638425,171.3254852294922,20184900,0.0,0.0
2017-12-06 00:00:00-05:00,170.99838186285845,175.23121560858777,170.40359883208157,174.5273895263672,20255800,0.0,0.0
2017-12-07 00:00:00-05:00,174.26962272863028,178.81966207017962,174.26962272863028,178.57183837890625,20404500,0.0,0.0
2017-12-08 00:00:00-05:00,179.94974714095116,180.69321825461432,177.184041253546,177.4417724609375,19883800,0.0,0.0
2017-12-11 00:00:00-05:00,177.73920696704644,178.6511966055088,177.24355943792804,177.48146057128906,13168600,0.0,0.0
2017-12-12 00:00:00-05:00,177.04526332730197,177.62020101993312,175.06267366014723,175.41954040527344,16854100,0.0,0.0
2017-12-13 00:00:00-05:00,175.75659932770435,177.60040855723614,175.70703155454197,176.74789428710938,14615700,0.0,0.0
2017-12-14 00:00:00-05:00,176.73794637703486,178.78993390995657,176.13325593325177,176.8370819091797,13591000,0.0,0.0
2017-12-15 00:00:00-05:00,177.46160545969784,178.91881007609734,176.8073472388738,178.6114959716797,28463100,0.0,0.0
2017-12-18 00:00:00-05:00,179.43425920206263,179.72174315322292,178.1852332488342,179.2459259033203,17265400,0.0,0.0
2017-12-19 00:00:00-05:00,178.38351409476869,178.51238727197827,176.66857815433568,177.9473419189453,14920600,0.0,0.0
2017-12-20 00:00:00-05:00,178.24473028084086,178.24473028084086,175.81606084556094,176.34144592285156,11860500,0.0,0.0
2017-12-21 00:00:00-05:00,176.3910133740639,177.12456190467773,175.5087615358687,175.9052734375,11600700,0.0,0.0
2017-12-22 00:00:00-05:00,175.59794966250288,175.9845540061173,174.69586781875012,175.6574249267578,8509500,0.0,0.0
2017-12-26 00:00:00-05:00,175.0924206761534,175.4591949439212,173.1494760428211,174.45799255371094,8897300,0.0,0.0
2017-12-27 00:00:00-05:00,175.01312901612863,176.88667589408578,174.72564500587168,176.0738067626953,9496100,0.0,0.0
2017-12-28 00:00:00-05:00,176.40092293940634,177.38231032746017,176.133269083399,176.37118530273438,12220800,0.0,0.0
2017-12-29 00:00:00-05:00,176.45049190698796,177.29309862097264,174.9239044189453,174.9239044189453,10261500,0.0,0.0
2018-01-02 00:00:00-05:00,176.13325029759054,179.99930903816085,176.00439226107548,179.8406982421875,18151900,0.0,0.0
2018-01-03 00:00:00-05:00,180.29673267405926,183.17148201579,179.75151741932805,183.06243896484375,16886600,0.0,0.0
2018-01-04 00:00:00-05:00,183.29043309694796,184.58904220774693,182.49740922520243,182.72540283203125,13880900,0.0,0.0
2018-01-05 00:00:00-05:00,183.97440850911812,185.27300234901395,183.3201502745883,185.22344970703125,13574500,0.0,0.0
2018-01-08 00:00:00-05:00,185.57039096893325,187.25558917125224,184.70796929869047,186.6409912109375,17994700,0.0,0.0
2018-01-09 00:00:00-05:00,187.05733464377002,187.15647017887486,185.47127196380572,186.23455810546875,12393100,0.0,0.0
2018-01-10 00:00:00-05:00,185.31265942183705,186.25438649267394,184.01406560430883,186.20481872558594,10529900,0.0,0.0
2018-01-11 00:00:00-05:00,186.75994247751348,186.75994247751348,185.74883262776623,186.13543701171875,9588600,0.0,0.0
2018-01-12 00:00:00-05:00,176.50995417264406,179.9001806600527,175.85569595771645,177.8085479736328,77551300,0.0,0.0
2018-01-16 00:00:00-05:00,179.92000939699855,180.16783310140215,176.4901226726313,176.8370819091797,36183800,0.0,0.0
2018-01-17 00:00:00-05:00,177.69950828215173,177.75899867859457,174.26963659260204,176.05397033691406,27992400,0.0,0.0
2018-01-18 00:00:00-05:00,176.57935691632113,179.4045381703737,175.5384942960032,178.2348175048828,23304900,0.0,0.0
2018-01-19 00:00:00-05:00,179.27566551601325,180.78242267833858,178.60157720574531,179.71182250976562,26826500,0.0,0.0
2018-01-22 00:00:00-05:00,179.2261076472953,183.7761472704693,178.83950327001827,183.75631713867188,21059500,0.0,0.0
2018-01-23 00:00:00-05:00,184.43044454611686,187.8999771734925,183.93479702792033,187.70172119140625,25678800,0.0,0.0
2018-01-24 00:00:00-05:00,188.2369925841679,189.000293911204,184.89633352933782,184.9260711669922,24334500,0.0,0.0
2018-01-25 00:00:00-05:00,186.31387123336546,186.9780369934205,184.97563220971773,185.84796142578125,17377700,0.0,0.0
2018-01-26 00:00:00-05:00,186.11562520077354,188.34603881835938,185.18380553593957,188.34603881835938,17759200,0.0,0.0
2018-01-29 00:00:00-05:00,187.10691408254664,187.19612699413045,184.0140788066284,184.36102294921875,20453200,0.0,0.0
2018-01-30 00:00:00-05:00,185.98673629586293,186.54185899582595,180.25705323045165,185.4910888671875,20858600,0.0,0.0
2018-01-31 00:00:00-05:00,186.73018878931038,188.17748579191672,183.60761635090384,185.26307678222656,43275100,0.0,0.0
2018-02-01 00:00:00-05:00,186.58150270687463,193.6197016200102,186.2543736178571,191.4091033935547,54211300,0.0,0.0
2018-02-02 00:00:00-05:00,190.3682544055563,192.51937751905749,188.32618945544513,188.6235809326172,26677500,0.0,0.0
2018-02-05 00:00:00-05:00,185.30275408797968,188.95072729752363,179.03777799305453,179.68211364746094,33128200,0.0,0.0
2018-02-06 00:00:00-05:00,177.0155357600023,184.15285594249758,176.1927591862232,183.6968536376953,37758500,0.0,0.0
2018-02-07 00:00:00-05:00,182.54693767366223,183.4688497349977,178.3835023950745,178.6114959716797,27601900,0.0,0.0
2018-02-08 00:00:00-05:00,179.43428361007963,180.25706018855595,169.98724446493733,170.0863800048828,38478300,0.0,0.0
2018-02-09 00:00:00-05:00,173.2386807305524,175.3600510823487,165.7246640309483,174.57693481445312,39887600,0.0,0.0
2018-02-12 00:00:00-05:00,175.51866421721985,176.00440414043877,170.34410387550926,174.87432861328125,32092100,0.0,0.0
2018-02-13 00:00:00-05:00,174.09121520368797,174.43817448841568,171.5931628071067,171.64271545410156,21809400,0.0,0.0
2018-02-14 00:00:00-05:00,171.94009298227024,178.24472899006133,171.70219189296904,177.95726013183594,28929700,0.0,0.0
2018-02-15 00:00:00-05:00,178.9287251950358,178.9287251950358,175.3005823170835,178.3934326171875,20922100,0.0,0.0
2018-02-16 00:00:00-05:00,177.43185534552515,178.3141070809034,174.76527000883195,175.8160400390625,20645300,0.0,0.0
2018-02-20 00:00:00-05:00,174.23992785809648,176.40094371590183,173.5856695223354,174.4778289794922,21204900,0.0,0.0
2018-02-21 00:00:00-05:00,175.17174662905825,179.69204942241686,174.8644324723321,176.36129760742188,23200800,0.0,0.0
2018-02-22 00:00:00-05:00,177.144400765712,178.64126578893575,175.86563696287894,177.431884765625,18464200,0.0,0.0
2018-02-23 00:00:00-05:00,178.3339385336285,181.79356302621224,177.94733414484938,181.69442749023438,19007300,0.0,0.0
2018-02-26 00:00:00-05:00,182.97321577019545,184.04381608499364,181.62505409148218,183.32015991210938,17599700,0.0,0.0
2018-02-27 00:00:00-05:00,182.84434854062485,183.092172275466,179.88038635253906,179.88038635253906,15849800,0.0,0.0
2018-02-28 00:00:00-05:00,180.71306495711616,181.28801781951887,176.58927450496145,176.76771545410156,18783000,0.0,0.0
2018-03-01 00:00:00-05:00,177.45171509454127,178.55205316563902,172.89176710356614,174.408447265625,23201600,0.0,0.0
2018-03-02 00:00:00-05:00,171.7814903672907,175.56824422955643,171.48411399147727,175.08250427246094,20025900,0.0,0.0
2018-03-05 00:00:00-05:00,174.66613948006142,179.5730456796201,174.35884051442227,178.82957458496094,16189300,0.0,0.0
2018-03-06 00:00:00-05:00,180.19757071409077,180.79235365497092,177.55081536649521,178.21498107910156,15086800,0.0,0.0
2018-03-07 00:00:00-05:00,177.18405716824475,182.21983711221935,176.51989139549858,182.1107940673828,19097300,0.0,0.0
2018-03-08 00:00:00-05:00,181.96209710357192,182.7947812244851,179.870464171256,180.75271606445312,17225900,0.0,0.0
2018-03-09 00:00:00-05:00,182.3090219825425,183.89508451462225,181.61511867938526,183.61752319335938,18526300,0.0,0.0
2018-03-12 00:00:00-04:00,183.61755166276623,184.4799885187979,182.61634925054545,183.15164184570312,15301200,0.0,0.0
2018-03-13 00:00:00-04:00,183.99424817762588,184.3709450823562,179.53342109893052,180.29672241210938,18067500,0.0,0.0
2018-03-14 00:00:00-04:00,181.0104687630705,182.64609942394532,180.26699753067993,182.5866241455078,16821700,0.0,0.0
2018-03-15 00:00:00-04:00,181.6448777278871,182.3982563850015,180.6040150874547,182.2594757080078,15614300,0.0,0.0
2018-03-16 00:00:00-04:00,182.88397672314082,183.71666069588863,181.81337656134033,183.47874450683594,24403400,0.0,0.0
2018-03-19 00:00:00-04:00,175.46908971092665,175.62770051151432,168.57959377370895,171.05783081054688,88140100,0.0,0.0
2018-03-20 00:00:00-04:00,166.0121754374141,168.71840656155632,160.54022278311524,166.68624877929688,129851800,0.0,0.0
2018-03-21 00:00:00-04:00,163.36541085752074,171.89053835571883,161.8784684318624,167.9154510498047,106598800,0.0,0.0
2018-03-22 00:00:00-04:00,164.68384689310116,168.7878076803372,162.294822259155,163.4546356201172,73743000,0.0,0.0
2018-03-23 00:00:00-04:00,163.99983995076295,165.1497457300234,157.63572814797135,158.00250244140625,53609700,0.0,0.0
2018-03-26 00:00:00-04:00,159.420034954314,159.69759628468182,147.7227534389627,158.66664123535156,126116600,0.0,0.0
2018-03-27 00:00:00-04:00,154.94928961093362,161.43236615058495,149.43769287752772,150.8948974609375,79117000,0.0,0.0
2018-03-28 00:00:00-04:00,150.32986888497823,154.52305729612175,149.48727727677547,151.69786071777344,60029200,0.0,0.0
2018-03-29 00:00:00-04:00,153.79940925693478,160.01483298287022,152.7982067779469,158.39901733398438,59434300,0.0,0.0
2018-04-02 00:00:00-04:00,156.43627047895413,157.81417000273993,152.76848179432653,154.03733825683594,36796000,0.0,0.0
2018-04-03 00:00:00-04:00,155.18722504785396,156.0199091627467,149.49718667749977,154.7510528564453,42543900,0.0,0.0
2018-04-04 00:00:00-04:00,150.70654980494265,154.20581929856272,149.19977744796915,153.7498321533203,49885600,0.0,0.0
2018-04-05 00:00:00-04:00,160.153587064976,160.16350969368824,155.28632591820733,157.95291137695312,41449600,0.0,0.0
2018-04-06 00:00:00-04:00,156.35692801425085,160.01480832701012,155.44493859326903,155.83154296875,41644800,0.0,0.0
2018-04-09 00:00:00-04:00,156.4461478774586,159.1325482338901,154.6816292708015,156.55517578125,34915200,0.0,0.0
2018-04-10 00:00:00-04:00,156.55516552564097,164.53509092737957,155.64317621200752,163.603271484375,57889300,0.0,0.0
2018-04-11 00:00:00-04:00,163.92052735250545,167.18188095953568,161.82889448188192,164.87217712402344,56144600,0.0,0.0
2018-04-12 00:00:00-04:00,165.52640901897402,165.99231880630245,161.68019530518626,162.4434814453125,38263000,0.0,0.0
2018-04-13 00:00:00-04:00,163.14732012381594,164.25756559646135,162.34437365692347,163.0878448486328,19990600,0.0,0.0
2018-04-16 00:00:00-04:00,164.27737812400954,164.3368533928185,161.96765938752435,163.39512634277344,18119400,0.0,0.0
2018-04-17 00:00:00-04:00,164.38642156823497,167.52882432778912,164.2179032642037,167.19178771972656,22743000,0.0,0.0
2018-04-18 00:00:00-04:00,165.42731234553867,166.6565084493584,164.32697430443355,164.91183471679688,20969600,0.0,0.0
2018-04-19 00:00:00-04:00,164.75321873955892,166.8646818371402,163.7619237830923,166.63668823242188,22235000,0.0,0.0
2018-04-20 00:00:00-04:00,166.32935403086026,166.9637821214487,164.3665944890333,164.83250427246094,19119400,0.0,0.0
2018-04-23 00:00:00-04:00,165.81390665685637,166.98362741013062,163.6528758507278,164.39634704589844,23088100,0.0,0.0
2018-04-24 00:00:00-04:00,163.98991968960416,164.65410063060472,156.81295378466345,158.29989624023438,35079900,0.0,0.0
2018-04-25 00:00:00-04:00,158.7459759517135,159.65796550934834,154.8303638439022,158.29989624023438,41083600,0.0,0.0
2018-04-26 00:00:00-04:00,171.71208610943052,174.73553826834245,169.31315451352808,172.64390563964844,77556900,0.0,0.0
2018-04-27 00:00:00-04:00,175.2708433689428,175.55832735149198,171.09750044096126,172.07887268066406,29804700,0.0,0.0
2018-04-30 00:00:00-04:00,172.27711179234808,174.19031856804924,170.21523197716897,170.50270080566406,20750500,0.0,0.0
2018-05-01 00:00:00-04:00,170.50271803213053,172.5051379094044,168.7481218729266,172.34652709960938,26025900,0.0,0.0
2018-05-02 00:00:00-04:00,172.73312858287306,176.52978969481686,172.6835608149028,174.53729248046875,30424500,0.0,0.0
2018-05-03 00:00:00-04:00,173.60548015262694,174.58685242004674,170.62167283203053,172.50514221191406,24026100,0.0,0.0
2018-05-04 00:00:00-04:00,171.57331640925128,175.43936031794507,171.55348627675664,175.0725860595703,17677800,0.0,0.0
2018-05-07 00:00:00-04:00,175.80613267663972,177.9374103716553,175.6276917533874,176.4207305908203,18697200,0.0,0.0
2018-05-08 00:00:00-04:00,176.69832200224107,177.48143834475272,175.5682463824124,177.36248779296875,15577200,0.0,0.0
2018-05-09 00:00:00-04:00,178.10593880910025,181.41685988352248,177.22368702277913,181.06991577148438,23282800,0.0,0.0
2018-05-10 00:00:00-04:00,181.55567579452662,184.5097458274402,180.91134008570188,183.9149627685547,21071400,0.0,0.0
2018-05-11 00:00:00-04:00,183.24085803164738,186.68065235167805,182.57667717507755,185.3622283935547,21207800,0.0,0.0
2018-05-14 00:00:00-04:00,186.0759821661453,186.22467035861766,184.57911710744096,185.01528930664062,15646700,0.0,0.0
2018-05-15 00:00:00-04:00,183.27059204206418,183.6770114244875,181.60520887096772,182.71546936035156,15429400,0.0,0.0
2018-05-16 00:00:00-04:00,182.1008567642753,182.715469842902,181.06991679922325,181.60520935058594,16975500,0.0,0.0
2018-05-17 00:00:00-04:00,181.0897390837533,182.45773084082737,180.63375191536812,182.16033935546875,14840700,0.0,0.0
2018-05-18 00:00:00-04:00,181.89269847722036,182.58660185086396,181.02035416409177,181.08973693847656,13130500,0.0,0.0
2018-05-21 00:00:00-04:00,182.17025394378493,183.68693381361263,181.53582586180445,182.8839874267578,13532900,0.0,0.0
2018-05-22 00:00:00-04:00,183.32013449352226,183.80587437600246,181.8331923390261,182.19998168945312,12731400,0.0,0.0
2018-05-23 00:00:00-04:00,180.9113336557627,185.2829481430997,180.594112002042,185.2730255126953,16628100,0.0,0.0
2018-05-24 00:00:00-04:00,184.26190975571723,185.17389929266875,183.41930299961913,184.31146240234375,12354700,0.0,0.0
2018-05-25 00:00:00-04:00,184.40067208372395,184.70797106682298,182.84433191001733,183.31024169921875,10965100,0.0,0.0
2018-05-29 00:00:00-04:00,182.7352860669987,185.18378551702415,182.1107806072386,184.12310791015625,16398900,0.0,0.0
2018-05-30 00:00:00-04:00,184.91613265056702,186.36342977123363,183.63736896340973,186.0363006591797,13736900,0.0,0.0
2018-05-31 00:00:00-04:00,186.23455303194112,191.0423389603274,185.8479486570988,190.1105194091797,30782600,0.0,0.0
2018-06-01 00:00:00-04:00,191.38931057039616,192.8564227638772,190.39801568610582,192.30130004882812,17307200,0.0,0.0
2018-06-04 00:00:00-04:00,190.16999095245777,192.29136122110037,189.80321671647377,191.5974578857422,18939800,0.0,0.0
2018-06-05 00:00:00-04:00,192.60859865668937,193.30250204910965,190.94321538892117,191.26043701171875,15544300,0.0,0.0
2018-06-06 00:00:00-04:00,189.36707841841059,190.85402088526257,187.4637938759554,189.67437744140625,22558900,0.0,0.0
2018-06-07 00:00:00-04:00,189.089505312926,189.30759140462192,185.14415578072197,186.5418701171875,21503200,0.0,0.0
2018-06-08 00:00:00-04:00,185.8975324185664,187.83055445910182,184.80710197213114,187.45387268066406,12677100,0.0,0.0
2018-06-11 00:00:00-04:00,187.16640381225798,190.9234202782458,187.1564963077479,189.8726348876953,12928900,0.0,0.0
2018-06-12 00:00:00-04:00,190.49713458751896,191.59747250538933,189.8924441078612,190.72512817382812,11562700,0.0,0.0
2018-06-13 00:00:00-04:00,191.06219078843887,192.80686442477753,190.2394141791202,190.7350616455078,15853800,0.0,0.0
2018-06-14 00:00:00-04:00,191.41903025852488,195.5626352258746,191.2306818280166,195.0967254638672,19120900,0.0,0.0
2018-06-15 00:00:00-04:00,194.08562068452486,195.35449206501337,192.94563760655214,194.14511108398438,21860900,0.0,0.0
2018-06-18 00:00:00-04:00,193.10425471126862,197.84264324995695,192.44008892561553,196.5836944580078,16826000,0.0,0.0
2018-06-19 00:00:00-04:00,194.53170966637177,196.2367380434897,192.1030251474352,195.7708282470703,19994000,0.0,0.0
2018-06-20 00:00:00-04:00,197.36682788332428,201.7780873250161,197.07934388123675,200.2415771484375,28230900,0.0,0.0
2018-06-21 00:00:00-04:00,200.99493669999057,201.61945729069967,198.34818128721037,199.74591064453125,19045700,0.0,0.0
2018-06-22 00:00:00-04:00,199.408903293371,200.47950369486628,197.5750015163172,199.98385620117188,17420200,0.0,0.0
2018-06-25 00:00:00-04:00,198.258967170796,198.258967170796,191.42894635680042,194.6407470703125,25275100,0.0,0.0
2018-06-26 00:00:00-04:00,195.87987812805744,197.3668204768252,194.52179383053024,197.26768493652344,17897600,0.0,0.0
2018-06-27 00:00:00-04:00,197.44612978191714,199.002470184042,194.09556298551814,194.1352081298828,18734400,0.0,0.0
2018-06-28 00:00:00-04:00,193.48091172721118,195.62211212459644,191.577627527077,194.5217742919922,18172400,0.0,0.0
2018-06-29 00:00:00-04:00,195.6023334373244,195.87989482267386,192.2715816871701,192.62844848632812,15811600,0.0,0.0
2018-07-02 00:00:00-04:00,191.68668061146298,195.7311654210613,190.54669758251922,195.64195251464844,13961600,0.0,0.0
2018-07-03 00:00:00-04:00,192.85644072926257,193.69903238382457,190.8441131367732,191.05227661132812,13489500,0.0,0.0
2018-07-05 00:00:00-04:00,193.04477747503526,196.92072910262948,192.34095142893256,196.72247314453125,19684200,0.0,0.0
2018-07-06 00:00:00-04:00,196.72245782568604,201.8672804615918,195.97898669624203,201.46084594726562,19740100,0.0,0.0
2018-07-09 00:00:00-04:00,203.1460664886615,204.00850337931018,200.3605301041744,202.95773315429688,18149400,0.0,0.0
2018-07-10 00:00:00-04:00,202.71977706004344,203.12621153914668,200.49927136719506,201.76812744140625,13190100,0.0,0.0
2018-07-11 00:00:00-04:00,200.4596337425031,202.71978465473845,199.99372398089722,200.77684020996094,12927400,0.0,0.0
2018-07-12 00:00:00-04:00,201.65908916289092,205.27732417340758,201.42118809709686,205.11871337890625,15454700,0.0,0.0
2018-07-13 00:00:00-04:00,206.00099888742707,206.61559690940115,204.65283716512621,205.51527404785156,11486800,0.0,0.0
2018-07-16 00:00:00-04:00,205.6937097899459,206.90309088408898,205.0394514683352,205.42605590820312,11078200,0.0,0.0
2018-07-17 00:00:00-04:00,203.11633026351996,208.62794292006046,203.0568549863636,208.1620330810547,15349900,0.0,0.0
2018-07-18 00:00:00-04:00,207.99352371675488,209.15333704916534,206.62553177936556,207.5375213623047,15334900,0.0,0.0
2018-07-19 00:00:00-04:00,206.95262227365197,208.16200315517008,205.9514048322551,206.27853393554688,11350400,0.0,0.0
2018-07-20 00:00:00-04:00,207.03194944619355,209.65887492561032,206.68499017489245,208.11245727539062,16163900,0.0,0.0
2018-07-23 00:00:00-04:00,208.7468760040104,209.7778160156813,206.98237234156252,209.07400512695312,16732000,0.0,0.0
2018-07-24 00:00:00-04:00,213.2374569875546,214.3179648512432,210.74931211204074,212.80128479003906,28468700,0.0,0.0
2018-07-25 00:00:00-04:00,213.8421399408823,216.71688913952175,212.40476534156258,215.6066436767578,58954200,0.0,0.0
2018-07-26 00:00:00-04:00,173.36756255605715,178.56195322047824,172.23748698747983,174.7256317138672,169803700,0.0,0.0
2018-07-27 00:00:00-04:00,178.304197771704,178.36367304186427,171.4940070710951,173.3675537109375,60073700,0.0,0.0
2018-07-30 00:00:00-04:00,173.77398788664595,173.77398788664595,165.11006556914384,169.57089233398438,65280800,0.0,0.0
2018-07-31 00:00:00-04:00,169.18430553020826,172.72323572512056,168.52013973577664,171.0776824951172,40356500,0.0,0.0
2018-08-01 00:00:00-04:00,172.41592831802242,173.55592661866228,169.41230574380214,170.15577697753906,34042100,0.0,0.0
2018-08-02 00:00:00-04:00,169.19420080170357,175.25101304993282,168.78778140157203,174.8346710205078,32400000,0.0,0.0
2018-08-03 00:00:00-04:00,176.143193705186,177.2930994227068,174.61659108428015,176.23240661621094,24763400,0.0,0.0
2018-08-06 00:00:00-04:00,177.4120446075218,184.17266777499256,176.8271842627591,184.07354736328125,49716200,0.0,0.0
2018-08-07 00:00:00-04:00,184.87653185592902,186.6608660196774,182.12073275201413,182.20994567871094,33398600,0.0,0.0
2018-08-08 00:00:00-04:00,183.1417435923466,185.22346905568853,182.16035613803498,183.5679931640625,22205200,0.0,0.0
2018-08-09 00:00:00-04:00,184.2321844819621,184.9459181024277,180.89150999768347,181.49620056152344,19732100,0.0,0.0
2018-08-10 00:00:00-04:00,180.45529943923142,180.514789833268,177.8581118934252,178.6907958984375,21500400,0.0,0.0
2018-08-13 00:00:00-04:00,178.53221852730192,181.02036329471073,177.3426525399582,178.48265075683594,17423300,0.0,0.0
2018-08-14 00:00:00-04:00,179.13690484548934,180.40576108482483,177.0650870456417,179.53341674804688,19102000,0.0,0.0
2018-08-15 00:00:00-04:00,177.7788146444158,179.29549455377818,173.25851255173114,177.9671630859375,33020200,0.0,0.0
2018-08-16 00:00:00-04:00,178.8494382240003,178.92874363740364,172.49523378093997,173.17922973632812,31351800,0.0,0.0
2018-08-17 00:00:00-04:00,172.9809517112012,174.68598006708459,170.54235971933474,172.28704833984375,24893200,0.0,0.0
2018-08-20 00:00:00-04:00,172.52493937888548,173.05033953585055,169.42219695776055,170.99835205078125,21518000,0.0,0.0
2018-08-21 00:00:00-04:00,171.3056732846925,172.65383498549267,169.8980363086447,171.11732482910156,19578500,0.0,0.0
2018-08-22 00:00:00-04:00,170.71090401792085,172.72323148588757,170.63159860958226,172.12844848632812,16894100,0.0,0.0
2018-08-23 00:00:00-04:00,171.58323065334875,174.0218227633762,171.32549942463032,171.39488220214844,18053600,0.0,0.0
2018-08-24 00:00:00-04:00,172.18792676987275,173.2981873800535,171.4147179325106,173.12965393066406,14631600,0.0,0.0
2018-08-27 00:00:00-04:00,174.45797187085108,177.11463459175593,174.25970081625167,175.91517639160156,17921900,0.0,0.0
2018-08-28 00:00:00-04:00,176.54962580560777,176.68840648504852,174.29938217199907,174.7256317138672,15910700,0.0,0.0
2018-08-29 00:00:00-04:00,174.7652861733291,175.25101097225345,173.22877612102658,174.36875915527344,18494100,0.0,0.0
2018-08-30 00:00:00-04:00,174.36878444319402,178.22492138801357,174.17052846839357,176.09364318847656,24216500,0.0,0.0
2018-08-31 00:00:00-04:00,175.60787797152864,176.07378776467226,173.45676994567535,174.2002410888672,18065200,0.0,0.0
2018-09-04 00:00:00-04:00,171.98967045259835,172.37627487047934,167.33058730414652,169.6700439453125,29809000,0.0,0.0
2018-09-05 00:00:00-04:00,168.01458975330803,169.64031289754718,165.21913068006464,165.7246856689453,31226700,0.0,0.0
2018-09-06 00:00:00-04:00,165.5264016622307,165.5264016622307,158.60716818541047,161.11514282226562,41514800,0.0,0.0
2018-09-07 00:00:00-04:00,158.91445145808675,163.19685183659226,158.76576330298175,161.6206817626953,24300600,0.0,0.0
2018-09-10 00:00:00-04:00,162.08662767267808,163.57357005954762,160.7483886000716,162.75079345703125,20197700,0.0,0.0
2018-09-11 00:00:00-04:00,162.51287846001128,165.73458668942166,162.29479238517447,164.49546813964844,20457100,0.0,0.0
2018-09-12 00:00:00-04:00,161.82887065557784,163.05808161156838,160.3914962691272,160.58975219726562,24078100,0.0,0.0
2018-09-13 00:00:00-04:00,160.5897809423815,161.89829752903972,159.45970531115873,159.95535278320312,25453800,0.0,0.0
2018-09-14 00:00:00-04:00,160.31219947956913,161.42244483751762,158.9442077878408,160.906982421875,21770400,0.0,0.0
2018-09-17 00:00:00-04:00,160.51047576179135,160.64925644912427,158.37919767933,159.18214416503906,21005300,0.0,0.0
2018-09-18 00:00:00-04:00,158.00247439429774,160.35183818281627,157.48699687338012,158.90455627441406,22465200,0.0,0.0
2018-09-19 00:00:00-04:00,158.68647907291242,162.01723032504097,158.0916961212628,161.64053344726562,19629000,0.0,0.0
2018-09-20 00:00:00-04:00,163.06799572474512,165.0010175728863,163.03825809061667,164.57476806640625,18936000,0.0,0.0
2018-09-21 00:00:00-04:00,165.18938375762875,165.79407425981805,161.39272242433654,161.5116729736328,45994800,0.0,0.0
2018-09-24 00:00:00-04:00,159.6282311329096,164.25757692408968,159.47954293469786,163.97010803222656,19222800,0.0,0.0
2018-09-25 00:00:00-04:00,160.57984731873293,164.1484994614074,159.74714820541337,163.47442626953125,27622800,0.0,0.0
2018-09-26 00:00:00-04:00,162.8697482596192,167.8262225515981,162.78053535259377,165.49667358398438,25252200,0.0,0.0
2018-09-27 00:00:00-04:00,166.09149054297131,170.27475691165782,165.75445385236642,167.37025451660156,27266900,0.0,0.0
2018-09-28 00:00:00-04:00,166.86468813363433,167.3206753602773,161.14491178372222,163.02838134765625,34265600,0.0,0.0
2018-10-01 00:00:00-04:00,161.61081559446748,164.436012271687,159.8562192856903,161.0259552001953,26407700,0.0,0.0
2018-10-02 00:00:00-04:00,160.17343728359683,160.8673407123467,157.28876539483633,157.94302368164062,36031000,0.0,0.0
2018-10-03 00:00:00-04:00,158.60716737566852,162.2353099596169,158.14125761142583,161.01600646972656,23109500,0.0,0.0
2018-10-04 00:00:00-04:00,160.05448928691575,160.05448928691575,155.98026643726294,157.4672088623047,25739600,0.0,0.0
2018-10-05 00:00:00-04:00,157.82405783719972,159.4993334078669,154.84025069375616,155.96041870117188,25744000,0.0,0.0
2018-10-08 00:00:00-04:00,154.18599788621452,156.9616265557203,153.04601483268362,155.88111877441406,24046000,0.0,0.0
2018-10-09 00:00:00-04:00,156.3173034494987,159.19205276080575,156.04964957710675,156.5254669189453,18844400,0.0,0.0
2018-10-10 00:00:00-04:00,155.45487196546546,156.31729367976462,149.99282743901162,150.06222534179688,30610000,0.0,0.0
2018-10-11 00:00:00-04:00,148.8231199028163,153.46237313987413,147.86156256398013,152.0150909423828,35338900,0.0,0.0
2018-10-12 00:00:00-04:00,155.36561866403082,155.52422945092417,149.98289554521895,152.4016571044922,25293500,0.0,0.0
2018-10-15 00:00:00-04:00,151.9853377997949,154.21575127301105,151.22203650924783,152.18359375,15433500,0.0,0.0
2018-10-16 00:00:00-04:00,154.04723009835809,158.0719003251682,153.6606256705908,157.39781188964844,19180100,0.0,0.0
2018-10-17 00:00:00-04:00,158.1710072394392,159.09291933521772,156.57502189165865,158.0322265625,17592000,0.0,0.0
2018-10-18 00:00:00-04:00,157.13015635672,157.27885967411262,151.94568802732547,153.5714111328125,21675100,0.0,0.0
2018-10-19 00:00:00-04:00,154.50322574740176,155.98026061313823,152.213336918493,152.708984375,19761300,0.0,0.0
2018-10-22 00:00:00-04:00,153.4128023118527,155.9703451195602,153.1154259251105,153.43263244628906,15424700,0.0,0.0
2018-10-23 00:00:00-04:00,149.90361745909107,153.42271741381617,149.536843182799,153.0460205078125,19095000,0.0,0.0
2018-10-24 00:00:00-04:00,152.93699919646886,153.30377352488293,144.33256541772388,144.7687225341797,27744600,0.0,0.0
2018-10-25 00:00:00-04:00,146.4439851572699,150.884997012413,145.72034414609865,149.63595581054688,22105700,0.0,0.0
2018-10-26 00:00:00-04:00,144.55061747348904,147.70292773104728,142.54819770790712,144.10452270507812,31303300,0.0,0.0
2018-10-29 00:00:00-04:00,147.2073082503133,147.53443741709603,137.81974334238814,140.8531036376953,31336800,0.0,0.0
2018-10-30 00:00:00-04:00,138.72181270400546,145.3634856035084,138.52355674637076,144.9471435546875,50528300,0.0,0.0
2018-10-31 00:00:00-04:00,153.65070640888268,155.03851319057912,147.66329198875871,150.46864318847656,60101300,0.0,0.0
2018-11-01 00:00:00-04:00,150.20102249875762,151.4203111123803,148.04991416582803,150.42901611328125,25640800,0.0,0.0
2018-11-02 00:00:00-04:00,150.4785733533387,152.78829235465014,147.66329938322704,149.04119873046875,24708700,0.0,0.0
2018-11-05 00:00:00-05:00,148.79336367380557,148.8825765804582,146.15651573126158,147.38571166992188,15971200,0.0,0.0
2018-11-06 00:00:00-05:00,148.0102449729076,149.6557982024448,146.71165102252405,148.634765625,16667100,0.0,0.0
2018-11-07 00:00:00-05:00,150.25058250966376,151.67803452879494,148.5257238550179,150.21092224121094,21877400,0.0,0.0
2018-11-08 00:00:00-05:00,149.17998197671446,149.6260616775448,145.46262592652752,146.58277893066406,24145800,0.0,0.0
2018-11-09 00:00:00-05:00,145.47251594430753,146.47371827479716,142.8158530669091,143.69810485839844,17326900,0.0,0.0
2018-11-12 00:00:00-05:00,143.22228156901284,143.7774042876356,139.26702463584598,140.3177947998047,18542100,0.0,0.0
2018-11-13 00:00:00-05:00,140.76387453875333,143.61880866548017,140.3871776398214,140.9224853515625,15141700,0.0,0.0
2018-11-14 00:00:00-05:00,142.44907624200525,144.312715522273,140.3177982254131,142.9645538330078,22068400,0.0,0.0
2018-11-15 00:00:00-05:00,141.09100582748175,143.57915059692607,139.60406346804558,142.5977783203125,30320300,0.0,0.0
2018-11-16 00:00:00-05:00,139.8419711857212,140.53587455272964,136.57069516872846,138.31536865234375,37250600,0.0,0.0
2018-11-19 00:00:00-05:00,136.41205889906274,136.55083954655822,130.0677791193329,130.40481567382812,44362700,0.0,0.0
2018-11-20 00:00:00-05:00,125.92418951177702,132.99212696522133,125.74575612786026,131.2771759033203,41939500,0.0,0.0
2018-11-21 00:00:00-05:00,133.23003563116546,135.99575702053914,132.9623968845504,133.64639282226562,25469700,0.0,0.0
2018-11-23 00:00:00-05:00,132.48656700247514,133.32917377934606,130.1173726236278,130.58328247070312,11886100,0.0,0.0
2018-11-26 00:00:00-05:00,131.84224316946003,135.8074234151581,131.62415704586968,135.1928253173828,24263600,0.0,0.0
2018-11-27 00:00:00-05:00,134.56826968722874,135.42078382398725,132.54603494182575,133.82479858398438,20750300,0.0,0.0
2018-11-28 00:00:00-05:00,135.09367119656213,135.5992261630699,130.70224193837456,135.56948852539062,29847500,0.0,0.0
2018-11-29 00:00:00-05:00,134.73677975533016,138.77135662285056,134.47904856729994,137.47274780273438,24238700,0.0,0.0
2018-11-30 00:00:00-05:00,137.05645210215448,139.74286842019717,136.16429258192795,139.38600158691406,25732600,0.0,0.0
2018-12-03 00:00:00-05:00,141.75517813601164,142.4292514429106,139.53467199818564,139.86180114746094,24819200,0.0,0.0
2018-12-04 00:00:00-05:00,139.50492247762543,142.14177045558748,135.96600766590524,136.7292938232422,30307400,0.0,0.0
2018-12-06 00:00:00-05:00,132.65506971188452,138.4838725125762,132.50636642492378,138.41448974609375,28218100,0.0,0.0
2018-12-07 00:00:00-05:00,138.03781105661508,139.64370391046762,135.47036096593592,136.22373962402344,21195500,0.0,0.0
2018-12-10 00:00:00-05:00,138.3847900747935,141.80475484963137,137.79991452050686,140.61520385742188,26422200,0.0,0.0
2018-12-11 00:00:00-05:00,142.6274884192268,142.6274884192268,139.87169032189857,140.84315490722656,20300300,0.0,0.0
2018-12-12 00:00:00-05:00,141.83447428129028,145.9086968728815,141.26942893510338,143.2421112060547,23696900,0.0,0.0
2018-12-13 00:00:00-05:00,144.302803245045,144.580364601951,141.9435165853843,143.74766540527344,18148600,0.0,0.0
2018-12-14 00:00:00-05:00,142.09219001086083,144.73894525603407,141.2694135290645,142.80592346191406,21785800,0.0,0.0
2018-12-17 00:00:00-05:00,141.83447667724295,143.6584556703444,137.21503879444398,138.96963500976562,24334000,0.0,0.0
2018-12-18 00:00:00-05:00,139.85188126324957,144.65965227927774,138.61276268293932,142.409423828125,24709100,0.0,0.0
2018-12-19 00:00:00-05:00,139.98074462581263,143.64853234129407,131.34656030788761,132.0801239013672,57404900,0.0,0.0
2018-12-20 00:00:00-05:00,129.56221579957983,134.3898313314175,128.8683125265513,132.23870849609375,40297900,0.0,0.0
2018-12-21 00:00:00-05:00,132.22882859152864,133.7256784733201,122.3456170426725,123.86229705810547,56901500,0.0,0.0
2018-12-24 00:00:00-05:00,122.02838417735094,128.6105883812805,121.94907878095904,122.98002624511719,22066000,0.0,0.0
2018-12-26 00:00:00-05:00,124.90316229266219,133.0714380339725,124.79411924435239,133.01194763183594,39723400,0.0,0.0
2018-12-27 00:00:00-05:00,131.28711876433331,133.81492416552734,128.54122724219155,133.34901428222656,31202500,0.0,0.0
2018-12-28 00:00:00-05:00,134.1618521112041,134.73680498535606,131.04918663800913,132.0404815673828,22627600,0.0,0.0
2018-12-31 00:00:00-05:00,133.2796042061867,133.4679526685417,128.81877689089325,129.9488525390625,24625300,0.0,0.0
2019-01-02 00:00:00-05:00,127.86710685444321,136.31292667935668,127.440842274426,134.4988555908203,28146200,0.0,0.0
2019-01-03 00:00:00-05:00,133.5174865269331,135.97589316541095,129.97855716192853,130.59317016601562,22717900,0.0,0.0
2019-01-04 00:00:00-05:00,132.8434110479297,136.79868275555486,132.5856798446048,136.74911499023438,29002100,0.0,0.0
2019-01-07 00:00:00-05:00,136.36252664587698,137.66112056969328,134.72689607981036,136.8482666015625,20089300,0.0,0.0
2019-01-08 00:00:00-05:00,138.6722579098755,141.8939666822929,138.32529860707675,141.28927612304688,26263800,0.0,0.0
2019-01-09 00:00:00-05:00,141.70560054652648,143.44036659235024,140.04023240299622,142.97445678710938,22205900,0.0,0.0
2019-01-10 00:00:00-05:00,141.83445685147305,143.30156886902716,139.61395113158648,142.9447021484375,16125000,0.0,0.0
2019-01-11 00:00:00-05:00,141.9038669761201,144.09463548546228,141.32892921218115,142.5482177734375,12908000,0.0,0.0
2019-01-14 00:00:00-05:00,140.76387015955348,145.29409493148682,140.04022914681872,144.12435913085938,20520300,0.0,0.0
2019-01-15 00:00:00-05:00,144.73895678589847,149.36830195811237,144.71914177942702,147.6533660888672,24069000,0.0,0.0
2019-01-16 00:00:00-05:00,147.7029275799057,148.34726315990443,145.72033794796064,146.25563049316406,18025700,0.0,0.0
2019-01-17 00:00:00-05:00,145.6707790695301,147.70293659145,145.2246994003183,147.009033203125,15787900,0.0,0.0
2019-01-18 00:00:00-05:00,148.44640261116092,151.10306552764828,147.2568518257791,148.73387145996094,31029600,0.0,0.0
2019-01-22 00:00:00-05:00,147.9011854169663,150.2109041829542,145.09581923662802,146.28538513183594,22378700,0.0,0.0
2019-01-23 00:00:00-05:00,146.98918745485338,147.50466497111537,141.8146275394157,143.04383850097656,20098400,0.0,0.0
2019-01-24 00:00:00-05:00,143.380873175386,145.16520676476975,141.27933312897716,144.56051635742188,20955500,0.0,0.0
2019-01-25 00:00:00-05:00,146.1961648899975,148.5257139119325,145.26434528122348,147.7128448486328,22237200,0.0,0.0
2019-01-28 00:00:00-05:00,146.7612015918361,147.6632835111283,144.93722274747904,146.18624877929688,15508500,0.0,0.0
2019-01-29 00:00:00-05:00,146.80085852361344,146.81078115325562,142.18142064639198,142.934814453125,17632100,0.0,0.0
2019-01-30 00:00:00-05:00,144.94714479455325,149.63596554324403,144.43166719952566,149.11058044433594,44613200,0.0,0.0
2019-01-31 00:00:00-05:00,164.15844480413764,170.18550460695715,163.56366180174726,165.23895263671875,77233600,0.0,0.0
2019-02-01 00:00:00-05:00,164.39634462521155,167.62797571991626,164.21791880145875,164.26748657226562,30806500,0.0,0.0
2019-02-04 00:00:00-05:00,164.25757222204984,167.82624013658665,162.1956768854242,167.77667236328125,20036000,0.0,0.0
2019-02-05 00:00:00-05:00,167.67753145426727,170.48289792287443,167.22154425674623,169.6700439453125,22557000,0.0,0.0
2019-02-06 00:00:00-05:00,169.7096702269458,170.96861888411965,167.79647848403775,169.005859375,13281200,0.0,0.0
2019-02-07 00:00:00-05:00,166.73580479734449,167.7667599987707,163.81148776857412,164.93165588378906,17517600,0.0,0.0
2019-02-08 00:00:00-05:00,163.03827846153243,165.91302771016467,162.78054722489733,165.87338256835938,12561400,0.0,0.0
2019-02-11 00:00:00-05:00,166.43840403876956,166.83493106571902,163.64296034708318,164.34677124023438,12811200,0.0,0.0
2019-02-12 00:00:00-05:00,165.40743510822756,166.87454703659816,163.06797899900897,163.603271484375,16292300,0.0,0.0
2019-02-13 00:00:00-05:00,163.94037875176946,164.77306295613545,162.3047328582342,162.64178466796875,14205100,0.0,0.0
2019-02-14 00:00:00-05:00,161.76940276043504,163.43477078382617,160.83758321717448,162.5227813720703,12755200,0.0,0.0
2019-02-15 00:00:00-05:00,163.07790052577138,163.26624895610345,159.4596805911411,161.0854034423828,15504400,0.0,0.0
2019-02-19 00:00:00-05:00,159.10284691275353,162.72106759901422,158.9343285784909,160.87725830078125,14345400,0.0,0.0
2019-02-20 00:00:00-05:00,160.8375832306131,162.29478781418132,159.8462884187141,161.14488220214844,11770700,0.0,0.0
2019-02-21 00:00:00-05:00,160.52038215617063,160.8276962929608,158.20075562994512,158.64683532714844,15607800,0.0,0.0
2019-02-22 00:00:00-05:00,159.18214940697604,160.99622103211192,158.91449552760557,160.48074340820312,15858500,0.0,0.0
2019-02-25 00:00:00-05:00,161.6504557921238,164.6243402932276,161.48192235955088,163.18695068359375,18737100,0.0,0.0
2019-02-26 00:00:00-05:00,162.90938108535957,164.79285024952887,162.37408855770687,162.7012176513672,13784100,0.0,0.0
2019-02-27 00:00:00-05:00,161.4819436294445,162.50297623256728,159.0136288490233,161.39273071289062,12697500,0.0,0.0
2019-02-28 00:00:00-05:00,160.95656048607134,162.07672864976868,159.459710516976,160.04457092285156,11114200,0.0,0.0
2019-03-01 00:00:00-05:00,161.18453114830794,161.70991615165016,160.28244930258546,160.8673095703125,11097800,0.0,0.0
2019-03-04 00:00:00-05:00,162.4732452834034,166.04191335210177,162.40386249854723,165.9130401611328,18894700,0.0,0.0
2019-03-05 00:00:00-05:00,165.91301343665094,170.38376287008228,165.10015952891004,169.76914978027344,28187900,0.0,0.0
2019-03-06 00:00:00-05:00,171.39485935941548,172.05904016490587,169.7790591730137,171.0082550048828,21531700,0.0,0.0
2019-03-07 00:00:00-05:00,170.0070634938106,170.24497969856398,166.1509272067736,167.65769958496094,18306500,0.0,0.0
2019-03-08 00:00:00-05:00,164.75319990787847,168.14342645636808,164.52520632922034,168.1236114501953,13184800,0.0,0.0
2019-03-11 00:00:00-04:00,170.10620324497287,172.78269632948613,170.0863731125954,170.57211303710938,18884000,0.0,0.0
2019-03-12 00:00:00-04:00,170.59193445433897,172.2870553762765,169.72951273799794,170.4234161376953,12155300,0.0,0.0
2019-03-13 00:00:00-04:00,170.81993134408785,172.51503702270958,170.62166027850708,171.86077880859375,11973300,0.0,0.0
2019-03-14 00:00:00-04:00,168.282209886595,169.66010913612425,166.69614718712864,168.6886444091797,18037400,0.0,0.0
2019-03-15 00:00:00-04:00,165.7048615974504,166.12120364657443,161.095331167797,164.53512573242188,37135400,0.0,0.0
2019-03-18 00:00:00-04:00,162.1461097585963,162.47322375608724,157.89344627970175,159.07308959960938,37524200,0.0,0.0
2019-03-19 00:00:00-04:00,160.0742699027431,162.39391108315573,159.42002687202103,160.1634979248047,25611500,0.0,0.0
2019-03-20 00:00:00-04:00,160.0941277919876,164.6739054309311,159.8363965610117,163.9998321533203,20211500,0.0,0.0
2019-03-21 00:00:00-04:00,163.4546035608646,164.9415458026552,162.3245280621421,164.63424682617188,16223000,0.0,0.0
2019-03-22 00:00:00-04:00,164.20800253461144,165.96259883263585,162.66158483165862,162.90940856933594,16389200,0.0,0.0
2019-03-25 00:00:00-04:00,161.58109882922352,165.09027677414016,160.58980374438164,164.8424530029297,12631200,0.0,0.0
2019-03-26 00:00:00-04:00,165.89320764895325,167.97491786442606,164.9019127484539,166.22032165527344,15437900,0.0,0.0
2019-03-27 00:00:00-04:00,166.38886129251935,167.4693691440519,163.35548607827695,164.42608642578125,10620300,0.0,0.0
2019-03-28 00:00:00-04:00,163.13742187507202,165.26870002850006,161.90821065636447,164.10888671875,10443000,0.0,0.0
2019-03-29 00:00:00-04:00,164.94156113552356,165.73460009672405,163.37531334679161,165.23895263671875,13455500,0.0,0.0
2019-04-01 00:00:00-04:00,166.36902359647164,167.42970126577598,165.82380838049292,167.2314453125,10381500,0.0,0.0
2019-04-02 00:00:00-04:00,168.6589084826218,173.3774666158427,168.0740481398785,172.68356323242188,23946500,0.0,0.0
2019-04-03 00:00:00-04:00,172.98096190340783,176.41084894957973,171.4444517667529,172.02931213378906,27391100,0.0,0.0
2019-04-04 00:00:00-04:00,174.48773193359375,176.45049159357944,174.0019919889176,174.48773193359375,17847700,0.0,0.0
2019-04-05 00:00:00-04:00,175.3402591893489,175.45920974547903,173.57575535226783,174.1903533935547,9594100,0.0,0.0
2019-04-08 00:00:00-04:00,173.68478779432664,173.97225666273442,172.7133078920715,173.40721130371094,7297400,0.0,0.0
2019-04-09 00:00:00-04:00,174.09120452139553,177.63013455501002,174.0218217442837,176.03414916992188,19751000,0.0,0.0
2019-04-10 00:00:00-04:00,176.628885268312,177.23357565021945,175.00316253881672,176.27203369140625,11701500,0.0,0.0
2019-04-11 00:00:00-04:00,176.6884236862657,176.84701938823807,175.45921245872302,175.9647674560547,8071000,0.0,0.0
2019-04-12 00:00:00-04:00,176.4504784580155,178.06629385948273,176.4009106916839,177.54090881347656,12329800,0.0,0.0
2019-04-15 00:00:00-04:00,176.94612237336904,178.92871197979335,175.33030700382656,178.0861053466797,10834800,0.0,0.0
2019-04-16 00:00:00-04:00,177.4417698933258,178.6015829987426,176.74786655580616,177.31289672851562,11215200,0.0,0.0
2019-04-17 00:00:00-04:00,178.036578222033,179.16665385460973,176.80736704454446,177.2237091064453,9973700,0.0,0.0
2019-04-18 00:00:00-04:00,177.2435354571373,177.32284086618182,175.79623821250544,176.72805786132812,11655600,0.0,0.0
2019-04-22 00:00:00-04:00,176.6983017701339,180.08852824143602,176.6983017701339,179.86053466796875,13389900,0.0,0.0
2019-04-23 00:00:00-04:00,181.14920539426612,182.61631736740568,179.9001643470362,182.18014526367188,19954800,0.0,0.0
2019-04-24 00:00:00-04:00,182.88399264176886,183.5283282450124,180.06870376711515,180.99061584472656,37289900,0.0,0.0
2019-04-25 00:00:00-04:00,195.26525476029954,196.7521970310547,190.44756119801445,191.57763671875,54148800,0.0,0.0
2019-04-26 00:00:00-04:00,190.82424611073804,191.2207579743512,187.44392726368935,189.8230438232422,22075000,0.0,0.0
2019-04-29 00:00:00-04:00,189.28775049217137,193.70893222320188,188.99035900897894,193.08441162109375,19641300,0.0,0.0
2019-04-30 00:00:00-04:00,192.49954679695807,195.67168724983304,190.6061700282569,191.71641540527344,23494700,0.0,0.0
2019-05-01 00:00:00-04:00,193.08443663994132,194.4722435733849,191.32984027511816,191.34967041015625,15996600,0.0,0.0
2019-05-02 00:00:00-04:00,191.3199290105302,192.31122397949665,188.09822036138914,190.85401916503906,13209500,0.0,0.0
2019-05-03 00:00:00-04:00,192.6879095362235,194.4524132667719,192.02374376132806,193.76841735839844,14575400,0.0,0.0
2019-05-06 00:00:00-04:00,189.57524280183202,192.5887726532269,188.89124689822324,192.1922607421875,13994900,0.0,0.0
2019-05-07 00:00:00-04:00,190.8639180414059,191.22078481914016,186.21475755292488,188.1180419921875,16253000,0.0,0.0
2019-05-08 00:00:00-04:00,187.74132647493377,189.05975040851527,186.90864245139556,187.8900146484375,12505700,0.0,0.0
2019-05-09 00:00:00-04:00,185.5704073630469,188.11804258663693,184.63858771124293,187.00778198242188,12967000,0.0,0.0
2019-05-10 00:00:00-04:00,186.6112570636917,188.34602306561183,182.9831142523029,186.70046997070312,12578500,0.0,0.0
2019-05-13 00:00:00-04:00,181.9026156964481,183.81580760925243,179.26576760980052,179.9596710205078,16833300,0.0,0.0
2019-05-14 00:00:00-04:00,180.93116477372462,181.89272211859387,176.5496427581366,179.15673828125,17628100,0.0,0.0
2019-05-15 00:00:00-04:00,178.84943231048948,185.64971624388198,178.45292038254397,184.6485137939453,16746900,0.0,0.0
2019-05-16 00:00:00-04:00,183.43911397532904,186.9383835658683,183.43911397532904,185.3622283935547,12953100,0.0,0.0
2019-05-17 00:00:00-04:00,183.23097880931581,185.94713277167358,182.67585598511715,183.68698120117188,10485400,0.0,0.0
2019-05-20 00:00:00-04:00,180.29669530651955,182.62622891070967,179.79112529965988,181.12937927246094,10352000,0.0,0.0
2019-05-21 00:00:00-04:00,182.96331213224315,184.08346511529646,182.28922371566398,183.2111358642578,7502800,0.0,0.0
2019-05-22 00:00:00-04:00,183.12191159405262,185.11442412107527,182.01166609208295,183.706787109375,9213800,0.0,0.0
2019-05-23 00:00:00-04:00,180.83202720147187,182.299139526583,178.10596602508983,179.29551696777344,12768800,0.0,0.0
2019-05-24 00:00:00-04:00,180.742789621871,182.03147593642154,179.2558473649186,179.4838409423828,8807700,0.0,0.0
2019-05-28 00:00:00-04:00,179.95966018123755,183.1020781625244,179.87044727508288,182.70555114746094,14843300,0.0,0.0
2019-05-29 00:00:00-04:00,181.902613056076,182.95338322360334,179.77133508427698,180.60401916503906,12797700,0.0,0.0
2019-05-30 00:00:00-04:00,181.48626801908497,181.88277991976952,179.31532981683242,181.4168701171875,8581500,0.0,0.0
2019-05-31 00:00:00-04:00,178.71064615567346,178.968377388357,175.61781085963088,175.92510986328125,15226500,0.0,0.0
2019-06-03 00:00:00-04:00,173.47660994406445,173.52617771495474,159.60838865233333,162.72105407714844,56059600,0.0,0.0
2019-06-04 00:00:00-04:00,162.2849144221923,166.8151247992806,159.43988742839213,166.0419158935547,46044300,0.0,0.0
2019-06-05 00:00:00-04:00,166.02205881437155,167.25126988535305,163.1968775407025,166.7060546875,19758300,0.0,0.0
2019-06-06 00:00:00-04:00,166.83493216333275,168.22273895188772,165.77423937596896,166.8646697998047,12446400,0.0,0.0
2019-06-07 00:00:00-04:00,168.68864732746155,172.35643534550604,167.37022332653441,171.84097290039062,16917300,0.0,0.0
2019-06-10 00:00:00-04:00,173.22877409748656,176.31170166929564,172.28704702028858,173.2981719970703,14767900,0.0,0.0
2019-06-11 00:00:00-04:00,176.92631863658414,178.41326106323015,175.25102774907594,176.5496368408203,15266600,0.0,0.0
2019-06-12 00:00:00-04:00,176.8271870333414,177.70943887898022,171.37506514713394,173.51625061035156,17699800,0.0,0.0
2019-06-13 00:00:00-04:00,174.001995307064,176.48023259580583,173.0900057999222,175.92510986328125,12253600,0.0,0.0
2019-06-14 00:00:00-04:00,178.9386263311227,180.2570502849708,178.43307140748,179.75149536132812,16773700,0.0,0.0
2019-06-17 00:00:00-04:00,183.3994747095493,187.8503945157161,182.80470681040578,187.36465454101562,29459900,0.0,0.0
2019-06-18 00:00:00-04:00,192.3112051342461,192.83659020623713,185.64970238549856,186.829345703125,37571400,0.0,0.0
2019-06-19 00:00:00-04:00,185.37214411465936,186.46257454218826,182.94347466348276,185.84796142578125,21417100,0.0,0.0
2019-06-20 00:00:00-04:00,189.2877793123225,189.49595792004132,186.00659524629057,187.88014221191406,14635700,0.0,0.0
2019-06-21 00:00:00-04:00,187.10692562142606,190.3286342745102,187.10692562142606,189.4761199951172,22751200,0.0,0.0
2019-06-24 00:00:00-04:00,190.74491420054466,192.29133143003534,189.90232282599186,190.92335510253906,15509000,0.0,0.0
2019-06-25 00:00:00-04:00,191.200960995286,191.458692218337,186.4923103226598,187.1961212158203,16750300,0.0,0.0
2019-06-26 00:00:00-04:00,187.89002176271006,189.09940270619464,185.6794384524873,186.02639770507812,12808600,0.0,0.0
2019-06-27 00:00:00-04:00,188.22705390484202,197.14870674653582,186.63106873590073,187.85035705566406,11159000,0.0,0.0
2019-06-28 00:00:00-04:00,188.89123122567923,191.51815645176546,188.28654077964222,191.3199005126953,16378900,0.0,0.0
2019-07-01 00:00:00-04:00,193.51066872321064,193.58005149520383,190.25920779343423,191.3199005126953,14181800,0.0,0.0
2019-07-02 00:00:00-04:00,191.3199005909455,193.302490234375,191.03243174807002,193.302490234375,9050000,0.0,0.0
2019-07-03 00:00:00-04:00,192.4698077753127,195.68159334310286,192.4698077753127,195.48333740234375,10246100,0.0,0.0
2019-07-05 00:00:00-04:00,194.47223677606365,195.35450380586803,192.47973936427107,194.69032287597656,11164100,0.0,0.0
2019-07-08 00:00:00-04:00,193.49084747695187,194.96786714791654,191.9543374081715,194.05587768554688,9723900,0.0,0.0
2019-07-09 00:00:00-04:00,193.2727648400982,197.72368431682693,193.19345943422346,197.47586059570312,14698600,0.0,0.0
2019-07-10 00:00:00-04:00,198.25897913106715,201.19321867762923,197.93185000038574,200.9652099609375,20571700,0.0,0.0
2019-07-11 00:00:00-04:00,201.49058353876885,202.02589122238965,198.46714638045125,199.47825622558594,13678500,0.0,0.0
2019-07-12 00:00:00-04:00,197.9417703650457,203.5128583262566,197.42630787650432,203.0865936279297,15366300,0.0,0.0
2019-07-15 00:00:00-04:00,202.47198536964194,203.54258568756845,200.06314599877723,202.13494873046875,16030300,0.0,0.0
2019-07-16 00:00:00-04:00,202.11510426620137,203.6813519280797,201.33198799824166,202.06553649902344,12132700,0.0,0.0
2019-07-17 00:00:00-04:00,202.40257590882334,202.5810168479359,199.83512586872124,200.04330444335938,12083700,0.0,0.0
2019-07-18 00:00:00-04:00,198.4076601840089,200.70747151973183,197.64437403247877,199.0321807861328,11937900,0.0,0.0
2019-07-19 00:00:00-04:00,200.41997806691737,200.56868136446843,196.34577090569522,196.63323974609375,12098300,0.0,0.0
2019-07-22 00:00:00-04:00,198.16975268982955,200.8066005624614,197.07932232867844,200.55877685546875,13589000,0.0,0.0
2019-07-23 00:00:00-04:00,201.07425175994294,202.46207368084626,199.21062765329847,200.5984344482422,14583700,0.0,0.0
2019-07-24 00:00:00-04:00,195.90960129358152,203.02709088347058,195.50316678471034,202.87840270996094,32532500,0.0,0.0
2019-07-25 00:00:00-04:00,204.90064563487275,206.84359022630701,196.53411455148293,198.96279907226562,39889900,0.0,0.0
2019-07-26 00:00:00-04:00,198.44731105393143,201.11389652131422,194.54160707017806,198.01113891601562,24434000,0.0,0.0
2019-07-29 00:00:00-04:00,197.26767376438386,197.8921943558041,193.59988587033834,194.23431396484375,16530800,0.0,0.0
2019-07-30 00:00:00-04:00,193.6891221694407,196.9802287062787,191.81557529485497,195.3247528076172,11903600,0.0,0.0
2019-07-31 00:00:00-04:00,195.23552310608397,197.02976441427577,191.00268974372446,192.53919982910156,14593500,0.0,0.0
2019-08-01 00:00:00-04:00,192.4797437978343,196.74231522255104,189.2183899801325,191.05227661132812,17777000,0.0,0.0
2019-08-02 00:00:00-04:00,189.43643717937772,190.9431943437172,186.43281522712647,187.37454223632812,15297000,0.0,0.0
2019-08-05 00:00:00-04:00,183.08224968810975,184.0537144133837,177.7788161490501,180.14801025390625,23086700,0.0,0.0
2019-08-06 00:00:00-04:00,182.09095467662416,184.17266480045308,181.496171712125,182.90380859375,18035700,0.0,0.0
2019-08-07 00:00:00-04:00,182.0017587137703,184.74763483221585,179.6424718944931,183.5382537841797,15833200,0.0,0.0
2019-08-08 00:00:00-04:00,184.9954612885677,188.68307976367197,182.44784109731447,188.50465393066406,14828900,0.0,0.0
2019-08-09 00:00:00-04:00,188.3460147390881,189.31747942194767,185.4910808332626,186.21473693847656,11058800,0.0,0.0
2019-08-12 00:00:00-04:00,185.22344437250766,185.95699286346687,182.85425034233126,183.75631713867188,10930900,0.0,0.0
2019-08-13 00:00:00-04:00,183.90502266119785,189.7140110194485,183.7563193598577,186.80950927734375,13577000,0.0,0.0
2019-08-14 00:00:00-04:00,184.18258120939504,184.37092964599083,177.74907236030677,178.14559936523438,18903700,0.0,0.0
2019-08-15 00:00:00-04:00,179.37481100961836,181.6052245579926,178.46282150717607,181.0005340576172,12925900,0.0,0.0
2019-08-16 00:00:00-04:00,182.15042836330673,183.48868245880848,180.77252912929748,182.10086059570312,12654600,0.0,0.0
2019-08-19 00:00:00-04:00,184.39075137486302,185.86778616090027,183.24086083354322,184.5493621826172,9691200,0.0,0.0
2019-08-20 00:00:00-04:00,183.83566899991226,184.38088431744126,180.80230848452123,182.20994567871094,10083400,0.0,0.0
2019-08-21 00:00:00-04:00,183.38953813213305,184.28169740239255,181.54572919776624,181.95216369628906,8398200,0.0,0.0
2019-08-22 00:00:00-04:00,181.83322161224697,182.5073100296377,178.34387435197104,180.455322265625,10821400,0.0,0.0
2019-08-23 00:00:00-04:00,179.26579587365882,181.53587004240555,175.12218976359284,176.20269775390625,17323400,0.0,0.0
2019-08-26 00:00:00-04:00,177.8382977570461,178.92872818974976,176.68840717687456,178.78994750976562,8773600,0.0,0.0
2019-08-27 00:00:00-04:00,180.3462920632788,182.4379251180127,179.43430247852694,179.72178649902344,14399600,0.0,0.0
2019-08-28 00:00:00-04:00,178.9584460267569,180.36608280398838,177.36246082053702,180.177734375,9386100,0.0,0.0
2019-08-29 00:00:00-04:00,182.17025611505056,184.46014476439868,181.87286463927418,183.95458984375,10128700,0.0,0.0
2019-08-30 00:00:00-04:00,185.15406416381285,185.17389429750483,181.86297289106756,184.05372619628906,10774500,0.0,0.0
2019-09-03 00:00:00-04:00,182.3982466154627,184.0537071473467,180.5247000134183,180.80226135253906,9779400,0.0,0.0
2019-09-04 00:00:00-04:00,183.04258051332087,186.11560047297843,182.289201903489,185.5109100341797,11308000,0.0,0.0
2019-09-05 00:00:00-04:00,186.88882563279574,189.69419200509188,186.30396527407314,189.23818969726562,13876700,0.0,0.0
2019-09-06 00:00:00-04:00,188.5542028808882,188.5542028808882,184.72780409788703,185.85787963867188,15226800,0.0,0.0
2019-09-09 00:00:00-04:00,186.09577356891612,187.33489210220984,184.23214958049422,187.11680603027344,14722400,0.0,0.0
2019-09-10 00:00:00-04:00,185.80831088948224,186.46256912699883,182.94346935049393,184.5493621826172,15455900,0.0,0.0
2019-09-11 00:00:00-04:00,184.836839586946,187.7908939279725,184.46014271342045,186.8491668701172,11761700,0.0,0.0
2019-09-12 00:00:00-04:00,188.2072527077104,189.26793039867314,185.6001422473146,185.8380584716797,11419800,0.0,0.0
2019-09-13 00:00:00-04:00,185.69925124393947,186.33367929226395,184.91611990440845,185.5604705810547,11441100,0.0,0.0
2019-09-16 00:00:00-04:00,185.3027488986509,186.15526311999932,184.15285830726447,184.59893798828125,8444800,0.0,0.0
2019-09-17 00:00:00-04:00,185.03514234948088,186.6806958043875,183.92488157970791,186.44277954101562,9671100,0.0,0.0
2019-09-18 00:00:00-04:00,186.45264475670885,187.43403210381956,184.39074965303598,186.50221252441406,9681900,0.0,0.0
2019-09-19 00:00:00-04:00,187.0177052428198,189.4364672937098,186.51213514758413,188.4848175048828,10392700,0.0,0.0
2019-09-20 00:00:00-04:00,189.00029804702226,191.41906013557502,186.48240041347879,188.27664184570312,19934200,0.0,0.0
2019-09-23 00:00:00-04:00,187.6917779121405,188.4451717375327,183.59774014788326,185.1937255859375,13327600,0.0,0.0
2019-09-24 00:00:00-04:00,186.3436074918448,186.40308276455025,178.81968297541698,179.70193481445312,18546600,0.0,0.0
2019-09-25 00:00:00-04:00,179.87044041290727,181.82329240046013,176.32160317476445,181.2086944580078,18068300,0.0,0.0
2019-09-26 00:00:00-04:00,179.75149517282722,179.8208779461365,176.12335242778306,178.5421142578125,16083300,0.0,0.0
2019-09-27 00:00:00-04:00,178.91880793458682,179.18644664593606,174.13085212743323,175.55831909179688,14656200,0.0,0.0
2019-09-30 00:00:00-04:00,176.3216065865108,177.11464547576873,175.31049675051665,176.52978515625,10740000,0.0,0.0
2019-10-01 00:00:00-04:00,177.59049320303617,178.27448917320316,173.3576744436468,174.27957153320312,17073000,0.0,0.0
2019-10-02 00:00:00-04:00,173.31796391661683,174.99325440102396,171.58319816960824,173.08006286621094,16151700,0.0,0.0
2019-10-03 00:00:00-04:00,174.0416652854714,178.27448392013582,172.1185506219474,177.81849670410156,16086300,0.0,0.0
2019-10-04 00:00:00-04:00,177.98700626999957,179.40455074799638,176.54963165829395,178.87916564941406,10430200,0.0,0.0
2019-10-07 00:00:00-04:00,178.43306632715974,179.6027869459555,176.53968960423595,178.1158447265625,9178300,0.0,0.0
2019-10-08 00:00:00-04:00,176.70825279156682,178.79988598316362,176.17296011204164,176.20269775390625,9466900,0.0,0.0
2019-10-09 00:00:00-04:00,177.60041261157818,179.14683036339864,176.3910315234189,178.28440856933594,7556900,0.0,0.0
2019-10-10 00:00:00-04:00,178.750298314045,180.02906204160385,177.61030013736234,178.4628143310547,8605000,0.0,0.0
2019-10-11 00:00:00-04:00,180.5643739228674,184.8666056166977,180.55446641844813,182.5866241455078,14930500,0.0,0.0
2019-10-14 00:00:00-04:00,182.59651401131947,183.0128560461247,180.98071364132852,181.6845245361328,7006000,0.0,0.0
2019-10-15 00:00:00-04:00,182.19999465624394,188.7227165199571,182.06121398365255,187.2456817626953,15039100,0.0,0.0
2019-10-16 00:00:00-04:00,186.6806748089256,188.04865157306457,185.27302264974318,187.89996337890625,10516900,0.0,0.0
2019-10-17 00:00:00-04:00,188.6434225872337,189.17871517807257,187.12674259957046,188.73263549804688,9603000,0.0,0.0
2019-10-18 00:00:00-04:00,188.57400821610014,189.82304936224855,182.31894036043929,184.23214721679688,16874200,0.0,0.0
2019-10-21 00:00:00-04:00,185.41177023206362,188.25679655528504,185.12430139936833,188.10809326171875,8122600,0.0,0.0
2019-10-22 00:00:00-04:00,188.3460389491603,188.99037461097063,179.92003194353995,180.75271606445312,19537600,0.0,0.0
2019-10-23 00:00:00-04:00,180.42559562226924,184.75756501272738,180.41568811771867,184.52955627441406,12300400,0.0,0.0
2019-10-24 00:00:00-04:00,183.01286435066095,185.10449724902045,181.20871545130507,184.75755310058594,11413500,0.0,0.0
2019-10-25 00:00:00-04:00,184.21231440565035,187.354717104941,183.47875080867757,186.25437927246094,8061200,0.0,0.0
2019-10-28 00:00:00-04:00,185.57039034704746,187.8801091309516,183.46885013420712,187.75123596191406,13657900,0.0,0.0
2019-10-29 00:00:00-04:00,190.0212888567491,190.8539727981545,186.82931862207113,187.66200256347656,13574900,0.0,0.0
2019-10-30 00:00:00-04:00,187.90984563878274,188.7920974328394,184.36100833067871,186.6112518310547,28734600,0.0,0.0
2019-10-31 00:00:00-04:00,194.987701137253,196.3656004243641,186.61126237203993,189.98165893554688,42286500,0.0,0.0
2019-11-01 00:00:00-04:00,191.1712383107215,192.4202645099078,188.25682871999277,191.9345245361328,21711800,0.0,0.0
2019-11-04 00:00:00-05:00,192.85638406235324,195.65182720957648,192.1228205498411,193.02490234375,16371300,0.0,0.0
2019-11-05 00:00:00-05:00,193.66929611840797,194.04599305250838,191.91471488801213,192.62844848632812,9942000,0.0,0.0
2019-11-06 00:00:00-05:00,192.34092945973836,192.67796606260498,189.6842666475544,189.8825225830078,10973000,0.0,0.0
2019-11-07 00:00:00-05:00,190.23940973863412,191.7560897403017,187.82064773896667,188.7623748779297,13473000,0.0,0.0
2019-11-08 00:00:00-05:00,188.34604206161563,190.6656686336176,188.0486505489578,189.17872619628906,10760800,0.0,0.0
2019-11-11 00:00:00-05:00,188.27663338286612,188.42533669366813,186.89873407480903,187.9594268798828,8631200,0.0,0.0
2019-11-12 00:00:00-05:00,188.3460255825402,193.3619752121112,188.08829436129892,192.77711486816406,17615500,0.0,0.0
2019-11-13 00:00:00-05:00,193.00508940899556,193.99638418266886,191.06216012313234,191.50823974609375,10860700,0.0,0.0
2019-11-14 00:00:00-05:00,191.25048084858682,192.34091107830895,189.783368915289,191.46856689453125,9040500,0.0,0.0
2019-11-15 00:00:00-05:00,192.56891224432297,193.599867252475,191.6965831519914,193.401611328125,11524300,0.0,0.0
2019-11-18 00:00:00-05:00,192.86633617996145,196.9009137431693,191.36948630414045,195.68161010742188,16167200,0.0,0.0
2019-11-19 00:00:00-05:00,195.68158533744997,198.25895783974997,195.1462928067042,197.5848846435547,19056800,0.0,0.0
2019-11-20 00:00:00-05:00,196.8513422129747,197.85254461233583,193.72875421578917,195.7906494140625,12355400,0.0,0.0
2019-11-21 00:00:00-05:00,195.70144575703117,197.3569064960922,195.1463230093173,196.20700073242188,12131000,0.0,0.0
2019-11-22 00:00:00-05:00,196.65309172959883,197.56508124394298,195.89969790725704,197.08926391601562,9959800,0.0,0.0
2019-11-25 00:00:00-05:00,197.78317302127982,199.22054767621862,197.51551914902097,198.05081176757812,15272300,0.0,0.0
2019-11-26 00:00:00-05:00,198.2589934214734,198.4076816161552,196.3160486305202,197.2379608154297,11735500,0.0,0.0
2019-11-27 00:00:00-05:00,198.15985173165873,201.37165277087047,197.68403439746598,200.2415771484375,12736600,0.0,0.0
2019-11-29 00:00:00-05:00,199.84505944895685,202.02590522077313,199.45845503998015,199.88470458984375,7985200,0.0,0.0
2019-12-02 00:00:00-05:00,200.37046360723087,200.42001625656496,196.32597818369993,197.96160888671875,11503400,0.0,0.0
2019-12-03 00:00:00-05:00,195.87988289948183,197.19829183665968,193.381815457433,197.08926391601562,11595300,0.0,0.0
2019-12-04 00:00:00-05:00,198.25898842932156,198.28872606750912,196.32596631732775,196.980224609375,8456300,0.0,0.0
2019-12-05 00:00:00-05:00,198.12018966216903,199.5377340396137,196.4845592072776,197.62454223632812,9740400,0.0,0.0
2019-12-06 00:00:00-05:00,198.7546200053081,199.81531276903877,198.31844784549213,199.29983520507812,12270600,0.0,0.0
2019-12-09 00:00:00-05:00,198.90329968591797,201.371629234345,198.46714267069663,199.58729553222656,11954800,0.0,0.0
2019-12-10 00:00:00-05:00,199.90453035631865,200.2911347568499,198.40766539772974,199.12139892578125,9475700,0.0,0.0
2019-12-11 00:00:00-05:00,198.53655356709888,200.8661027756935,198.53655356709888,200.4993133544922,8036800,0.0,0.0
2019-12-12 00:00:00-05:00,200.58853487278247,201.88712880922554,192.41035171100938,195.0372772216797,23734800,0.0,0.0
2019-12-13 00:00:00-05:00,194.69030084143077,195.08682785364928,191.48842273830536,192.4202423095703,18798000,0.0,0.0
2019-12-16 00:00:00-05:00,193.57014206086777,197.38661800925215,193.11413979219375,196.1970672607422,14911500,0.0,0.0
2019-12-17 00:00:00-05:00,197.10907406407196,197.2676848781239,194.42267335863096,196.66299438476562,10175700,0.0,0.0
2019-12-18 00:00:00-05:00,198.34818884451172,202.52154694337764,198.34818884451172,200.73721313476562,23274400,0.0,0.0
2019-12-19 00:00:00-05:00,201.0147741037703,204.50413630878322,200.74712025150424,204.26622009277344,16514600,0.0,0.0
2019-12-20 00:00:00-05:00,205.67387116647618,205.90187989475402,201.6591236098735,204.504150390625,27306900,0.0,0.0
2019-12-23 00:00:00-05:00,204.90063990433006,206.77418654233378,203.8895149347214,204.38516235351562,13348900,0.0,0.0
2019-12-24 00:00:00-05:00,204.5041168132694,204.98984157645734,203.2154305698301,203.33438110351562,6046300,0.0,0.0
2019-12-26 00:00:00-05:00,203.78050978492826,206.01092341862991,203.52276341775243,205.98117065429688,9350700,0.0,0.0
2019-12-27 00:00:00-05:00,206.85351291522508,207.11124415378163,204.7916176288916,206.28848266601562,10284200,0.0,0.0
2019-12-30 00:00:00-05:00,206.0505489375747,206.09019407630888,202.1250146606919,202.63058471679688,10524300,0.0,0.0
2019-12-31 00:00:00-05:00,202.22413834119976,203.77055580247915,201.82762647326695,203.4632568359375,8953500,0.0,0.0
2020-01-02 00:00:00-05:00,204.95020479858297,207.9637344071887,204.4743875184786,207.95382690429688,12077100,0.0,0.0
2020-01-03 00:00:00-05:00,205.40621831494474,208.56843626979165,205.1484719660643,206.85350036621094,11188400,0.0,0.0
2020-01-06 00:00:00-05:00,204.900634377329,210.92770864240686,204.72220857183618,210.74928283691406,17058900,0.0,0.0
2020-01-07 00:00:00-05:00,210.96737540793467,212.7120488834595,209.90668266717276,211.2052764892578,14912400,0.0,0.0
2020-01-08 00:00:00-05:00,211.14580552041744,214.35760631734092,210.7592011294325,213.3464813232422,13475000,0.0,0.0
2020-01-09 00:00:00-05:00,215.6462796790009,216.4789788667449,214.39725358632398,216.39967346191406,12642800,0.0,0.0
2020-01-10 00:00:00-05:00,217.29181863884628,217.96590697301042,215.5273150927095,216.1617431640625,12119400,0.0,0.0
2020-01-13 00:00:00-05:00,217.68838251277953,220.03774676270825,217.3017780776525,219.978271484375,14463400,0.0,0.0
2020-01-14 00:00:00-05:00,219.68083509001343,220.44413629993724,216.72678090388717,217.1530303955078,13288900,0.0,0.0
2020-01-15 00:00:00-05:00,218.6895609435289,219.7502385844087,218.22365114653817,219.224853515625,10036500,0.0,0.0
2020-01-16 00:00:00-05:00,220.6325164962698,220.69199177101737,218.4714857160289,219.8394775390625,10015300,0.0,0.0
2020-01-17 00:00:00-05:00,220.09721000545602,220.3549412394602,218.61026762459173,220.2062530517578,15905900,0.0,0.0
2020-01-21 00:00:00-05:00,220.2260625876987,220.4342260310125,217.2125178404662,219.5123291015625,14275800,0.0,0.0
2020-01-22 00:00:00-05:00,220.37474374977492,220.8109158803091,219.35371131964186,219.39337158203125,12212800,0.0,0.0
2020-01-23 00:00:00-05:00,218.82835703609265,219.56192073379037,217.36124476665748,217.8469696044922,11195000,0.0,0.0
2020-01-24 00:00:00-05:00,218.8779047645845,219.84936947725353,214.22872952215866,216.0428009033203,11905800,0.0,0.0
2020-01-27 00:00:00-05:00,211.24494592278575,214.17917031016634,210.6501629417429,212.99952697753906,13810700,0.0,0.0
2020-01-28 00:00:00-05:00,214.25847351180462,216.83584623519565,211.66128578161968,215.89410400390625,13413800,0.0,0.0
2020-01-29 00:00:00-05:00,219.51231691731556,222.24828504500258,216.54834010118626,221.28672790527344,33181300,0.0,0.0
2020-01-30 00:00:00-05:00,204.7321393985765,209.58947847472322,202.96763564432172,207.70602416992188,48775500,0.0,0.0
2020-01-31 00:00:00-05:00,206.61559093454187,206.8733372918856,199.30975228448216,200.15235900878906,31359900,0.0,0.0
2020-02-03 00:00:00-05:00,201.66905013841216,203.35424855404304,200.7372304509798,202.4125213623047,15495600,0.0,0.0
2020-02-04 00:00:00-05:00,204.82135457285582,208.7667193037582,203.4137175806596,208.00341796875,19628900,0.0,0.0
2020-02-05 00:00:00-05:00,210.66007708908182,210.8781631806116,206.89316851020735,208.28097534179688,12538200,0.0,0.0
2020-02-06 00:00:00-05:00,208.63782948172818,209.35156298788317,207.5176614545207,209.0145263671875,10567500,0.0,0.0
2020-02-07 00:00:00-05:00,208.4693162805183,210.967383613283,208.1025268892811,210.4816436767578,12242500,0.0,0.0
2020-02-10 00:00:00-05:00,209.67868908891847,211.93884011724154,208.82617492027316,211.2052764892578,11856400,0.0,0.0
2020-02-11 00:00:00-05:00,208.36028309599743,209.02444888187566,204.71230989966838,205.3863983154297,25030800,0.0,0.0
2020-02-12 00:00:00-05:00,206.04063650858083,209.38129524606632,205.59454173422142,208.92529296875,13813700,0.0,0.0
2020-02-13 00:00:00-05:00,207.69609402344153,212.46421966686736,207.3590422903707,211.28457641601562,15396600,0.0,0.0
2020-02-14 00:00:00-05:00,212.13711067573826,213.05900768129823,210.79885649725966,212.31553649902344,10741700,0.0,0.0
2020-02-18 00:00:00-05:00,211.69103404852362,216.08246330144772,211.54233073434534,215.90403747558594,15609200,0.0,0.0
2020-02-19 00:00:00-05:00,216.09238818984397,216.41951733330308,214.22874887291087,215.59674072265625,12135100,0.0,0.0
2020-02-20 00:00:00-05:00,214.6351966202389,216.86561035969106,211.09626622651342,212.7120819091797,13109200,0.0,0.0
2020-02-21 00:00:00-05:00,211.62160228920382,212.37499599154526,207.01208768032706,208.35032653808594,14092300,0.0,0.0
2020-02-24 00:00:00-05:00,200.04330227154202,201.87718865486534,196.4448971524232,198.9727020263672,23080100,0.0,0.0
2020-02-25 00:00:00-05:00,200.48937442921064,201.7284929361897,194.24421412884456,195.0570831298828,21433500,0.0,0.0
2020-02-26 00:00:00-05:00,195.47342989939133,199.45843935027182,193.7882317140009,195.48333740234375,16524500,0.0,0.0
2020-02-27 00:00:00-05:00,190.15022410172602,194.17487959198567,187.85041232102787,188.09823608398438,21682600,0.0,0.0
2020-02-28 00:00:00-05:00,181.1095555314714,191.0621637168897,180.2372263998823,190.7945098876953,32568900,0.0,0.0
2020-03-02 00:00:00-05:00,192.34094096110195,194.8588383823931,187.20604083380425,194.72996520996094,24949000,0.0,0.0
2020-03-03 00:00:00-05:00,194.51188274461072,195.5230077584199,182.36852045331503,184.2718048095703,27984100,0.0,0.0
2020-03-04 00:00:00-05:00,187.52321806160697,190.1600656146155,184.76741998396724,190.09066772460938,23062500,0.0,0.0
2020-03-05 00:00:00-05:00,185.15404495490924,187.34481315880845,182.28920353501553,183.5580596923828,19333400,0.0,0.0
2020-03-06 00:00:00-05:00,176.77762701445522,182.18018136792298,174.72563924503544,179.5135955810547,24559600,0.0,0.0
2020-03-09 00:00:00-04:00,168.12362589966506,173.47661246240665,163.75201163538196,168.0244903564453,29949000,0.0,0.0
2020-03-10 00:00:00-04:00,173.149477456772,176.73796013558226,168.02448466585489,176.6388397216797,24517800,0.0,0.0
2020-03-11 00:00:00-04:00,172.49519649384075,174.3489279887689,166.2004838159884,168.75802612304688,20373900,0.0,0.0
2020-03-12 00:00:00-04:00,158.15117758148926,165.14973209945882,152.99644726061157,153.1253204345703,43266300,0.0,0.0
2020-03-13 00:00:00-04:00,162.10644356283814,169.30323863758935,156.22807243704884,168.7976837158203,35028600,0.0,0.0
2020-03-16 00:00:00-04:00,150.9940357178259,157.74475108781604,141.85429617806886,144.73895263671875,39120400,0.0,0.0
2020-03-17 00:00:00-04:00,149.42780983914605,152.59995073103067,138.78129637211103,148.11929321289062,34255600,0.0,0.0
2020-03-18 00:00:00-04:00,138.53346672486657,146.8900757398305,135.90654120587038,145.6807098388672,37553100,0.0,0.0
2020-03-19 00:00:00-04:00,145.34365741244116,158.53779047574193,143.53950851010524,151.7969970703125,39862300,0.0,0.0
2020-03-20 00:00:00-04:00,154.66182782825337,157.88353611358346,146.71163883964718,148.42657470703125,32568400,0.0,0.0
2020-03-23 00:00:00-04:00,148.35719332818863,150.98411867363274,141.01169473830404,146.81077575683594,29830800,0.0,0.0
2020-03-24 00:00:00-04:00,153.8588832945832,159.90577292075932,151.24186544509297,159.57864379882812,30440400,0.0,0.0
2020-03-25 00:00:00-04:00,157.53659002543301,161.5711676910729,151.72760107288883,154.85018920898438,35184300,0.0,0.0
2020-03-26 00:00:00-04:00,156.872389078578,162.57233370544577,155.6531008110551,161.91807556152344,26556800,0.0,0.0
2020-03-27 00:00:00-04:00,156.822854600928,158.69640141000696,153.4028901241598,155.4251251220703,24879900,0.0,0.0
2020-03-30 00:00:00-04:00,157.79433025108614,165.29844063356296,156.68408469553412,164.50540161132812,22515200,0.0,0.0
2020-03-31 00:00:00-04:00,164.03946028004327,169.44201394815866,162.7706041382974,165.3479766845703,23676300,0.0,0.0
2020-04-01 00:00:00-04:00,160.21308298396346,162.72105796616114,156.66424529203292,158.21067810058594,19507600,0.0,0.0
2020-04-02 00:00:00-04:00,157.71499380013822,159.94540688899394,154.56266876905786,156.8129119873047,20886300,0.0,0.0
2020-04-03 00:00:00-04:00,155.78197644426734,156.53537019548818,149.51700098576845,152.83782958984375,25983300,0.0,0.0
2020-04-06 00:00:00-04:00,158.7558847591794,164.75322240440192,157.13016159944928,164.10888671875,28453600,0.0,0.0
2020-04-07 00:00:00-04:00,170.2945455005244,171.88062340287595,164.5648621453682,167.36032104492188,31411900,0.0,0.0
2020-04-08 00:00:00-04:00,169.75924101007092,173.4765966526272,166.2798015739834,172.7628631591797,21664200,0.0,0.0
2020-04-09 00:00:00-04:00,174.36875838401778,175.53849417465915,170.07646498649927,173.66494750976562,23534300,0.0,0.0
2020-04-13 00:00:00-04:00,172.15818714577597,173.4766112060572,167.97492136833023,173.2684326171875,19355400,0.0,0.0
2020-04-14 00:00:00-04:00,177.4219650400709,179.65237866656275,175.08250836457879,176.6190185546875,21011800,0.0,0.0
2020-04-15 00:00:00-04:00,173.6649398114376,176.63882423505683,171.3155759570851,175.429443359375,17423000,0.0,0.0
2020-04-16 00:00:00-04:00,176.40092708998696,176.50006263186586,171.00828033251065,174.71572875976562,23593200,0.0,0.0
2020-04-17 00:00:00-04:00,177.64005774776027,178.71065814342688,175.12217514892365,177.67971801757812,20974800,0.0,0.0
2020-04-20 00:00:00-04:00,175.86560853667004,178.92870574157294,175.23118048977148,176.68838500976562,16110700,0.0,0.0
2020-04-21 00:00:00-04:00,173.72441499563723,173.853288160905,166.87456424632103,169.3131561279297,24850500,0.0,0.0
2020-04-22 00:00:00-04:00,176.89657593552604,183.17147461150617,176.58927692963414,180.6932373046875,33242000,0.0,0.0
2020-04-23 00:00:00-04:00,182.4775699303214,185.42171704056207,181.5556577930537,183.5184326171875,21426600,0.0,0.0
2020-04-24 00:00:00-04:00,181.63495222175106,188.7524571530218,179.25585061783767,188.41542053222656,28792000,0.0,0.0
2020-04-27 00:00:00-04:00,190.98288327866794,192.06339111328126,185.77858493882417,185.8677978515625,29197800,0.0,0.0
2020-04-28 00:00:00-04:00,187.01769454861898,187.55298712512695,180.97078976717316,181.3177490234375,21731000,0.0,0.0
2020-04-29 00:00:00-04:00,189.26791146399665,195.19586533888122,188.346014547985,192.49954223632812,45954500,0.0,0.0
2020-04-30 00:00:00-04:00,205.11874712075365,207.86463833916753,199.815328268595,202.92799377441406,46230100,0.0,0.0
2020-05-01 00:00:00-04:00,199.84505056505395,205.47559813020527,197.3172456375188,200.50921630859375,30415600,0.0,0.0
2020-05-04 00:00:00-04:00,198.4572553035265,204.1175563898035,197.0297880882011,203.47320556640625,19250700,0.0,0.0
2020-05-05 00:00:00-04:00,205.21788828115078,208.5486399749447,204.70241066309816,205.2674560546875,21071200,0.0,0.0
2020-05-06 00:00:00-04:00,206.30829889793858,209.7580161936325,204.86101675028578,206.65525817871094,21857000,0.0,0.0
2020-05-07 00:00:00-04:00,209.32183905617606,209.75801124137712,207.22028353893103,209.42095947265625,15152000,0.0,0.0
2020-05-08 00:00:00-04:00,210.3924218065606,211.3539790092418,209.0145225871451,210.50146484375,12506000,0.0,0.0
2020-05-11 00:00:00-04:00,209.0541603075515,213.1283825511253,208.53868277495025,211.32421875,12911900,0.0,0.0
2020-05-12 00:00:00-04:00,211.43329053203627,213.40597290270924,208.17193684357613,208.2710723876953,14704600,0.0,0.0
2020-05-13 00:00:00-04:00,207.60689964991752,208.94515391846076,200.3506282880669,203.31460571289062,20684600,0.0,0.0
2020-05-14 00:00:00-04:00,200.79670108521395,205.12865514260832,198.94298438348417,205.00970458984375,17178900,0.0,0.0
2020-05-15 00:00:00-04:00,203.4831009553526,209.50025291394357,202.343102786251,209.0442657470703,19383200,0.0,0.0
2020-05-18 00:00:00-04:00,210.3031819192295,212.77151137138245,209.1037237037267,211.33413696289062,20151900,0.0,0.0
2020-05-19 00:00:00-04:00,211.41348985818067,218.57064100119433,210.97731763601962,214.9920654296875,31843200,0.0,0.0
2020-05-20 00:00:00-04:00,221.554414532137,229.3261630716245,221.2471155272125,227.9680938720703,50162900,0.0,0.0
2020-05-21 00:00:00-04:00,232.67674634200608,235.1351535242866,229.18738396569944,229.375732421875,47782600,0.0,0.0
2020-05-22 00:00:00-04:00,229.49467014998513,233.9356820629517,226.74879424788477,232.86508178710938,33925600,0.0,0.0
2020-05-26 00:00:00-04:00,237.6827903232748,238.80294331192403,229.65329531550296,230.17868041992188,33178300,0.0,0.0
2020-05-27 00:00:00-04:00,227.07594192588746,228.55296172382285,219.20505758647988,227.14532470703125,34697600,0.0,0.0
2020-05-28 00:00:00-04:00,222.3474393070935,229.61363241933896,222.05004782499321,223.49734497070312,29377200,0.0,0.0
2020-05-29 00:00:00-04:00,223.23961250402408,225.50968633673713,220.93981615980846,223.1305694580078,23241500,0.0,0.0
2020-06-01 00:00:00-04:00,222.63490409854282,230.41657462940574,221.55439635505033,229.8911895751953,18223800,0.0,0.0
2020-06-02 00:00:00-04:00,228.9296491010326,230.97171419695508,224.58777255178694,230.69415283203125,20919000,0.0,0.0
2020-06-03 00:00:00-04:00,230.08945509538248,230.62474767491267,226.5406176115093,228.15643310546875,15380300,0.0,0.0
2020-06-04 00:00:00-04:00,227.56163718394748,229.61362472834423,222.65473083450817,224.32009887695312,17041500,0.0,0.0
2020-06-05 00:00:00-04:00,224.7364838555443,229.33609179979157,223.34866185561455,228.76113891601562,16750400,0.0,0.0
2020-06-08 00:00:00-04:00,227.03627128724105,229.53433868756787,225.43037837858236,229.38563537597656,15466500,0.0,0.0
2020-06-09 00:00:00-04:00,229.50459387983992,237.68277660516696,228.40425596266664,236.59234619140625,27462900,0.0,0.0
2020-06-10 00:00:00-04:00,238.86242350765383,239.11024723031758,233.23186066323433,234.6692352294922,20720700,0.0,0.0
2020-06-11 00:00:00-04:00,227.9383319474579,230.86264862351675,221.6039586911434,222.47628784179688,26708200,0.0,0.0
2020-06-12 00:00:00-04:00,227.89869613147326,229.64338487185313,222.5457096121225,226.59019470214844,22091400,0.0,0.0
2020-06-15 00:00:00-04:00,223.13058983428223,231.73503837361028,222.84312093723864,230.47608947753906,15340300,0.0,0.0
2020-06-16 00:00:00-04:00,235.07563692097742,236.3841532542815,230.97167725209437,233.59860229492188,15236700,0.0,0.0
2020-06-17 00:00:00-04:00,232.9543206803659,235.52177105252738,229.71278185520407,233.47970581054688,19578100,0.0,0.0
2020-06-18 00:00:00-04:00,232.94439651722732,234.0843796141801,230.12910747503136,233.88612365722656,15782500,0.0,0.0
2020-06-19 00:00:00-04:00,235.7200240008202,238.73356917683358,233.4995329510849,236.71131896972656,30081300,0.0,0.0
2020-06-22 00:00:00-04:00,236.48331496125397,238.60468549637406,234.8476843848803,237.1375732421875,18917800,0.0,0.0
2020-06-23 00:00:00-04:00,239.17959124848883,243.05555727308604,237.77195454697917,240.13124084472656,24017900,0.0,0.0
2020-06-24 00:00:00-04:00,239.10032389575963,241.1027438042469,230.65448721701455,231.9828338623047,20834900,0.0,0.0
2020-06-25 00:00:00-04:00,232.57761722029736,235.2342955619814,230.71399299280617,233.62838745117188,18704300,0.0,0.0
2020-06-26 00:00:00-04:00,230.6148299237534,231.06090957453293,213.52490151453114,214.19898986816406,76343900,0.0,0.0
2020-06-29 00:00:00-04:00,207.9241133024566,218.8283576234436,205.30709527045812,218.7193145751953,58514300,0.0,0.0
2020-06-30 00:00:00-04:00,218.66972140918193,225.51957226740208,216.56818122440345,225.09332275390625,33927100,0.0,0.0
2020-07-01 00:00:00-04:00,226.51090911870492,236.9195066930874,225.57908939189207,235.4821319580078,43399700,0.0,0.0
2020-07-02 00:00:00-04:00,236.91945781943653,237.9107526220283,230.58508463591335,231.38803100585938,30633600,0.0,0.0
2020-07-06 00:00:00-04:00,231.7250921993472,238.30728978202592,230.2480724673563,238.18833923339844,26206200,0.0,0.0
2020-07-07 00:00:00-04:00,237.32590065741434,245.49416043715738,236.7410403335655,238.76327514648438,27887800,0.0,0.0
2020-07-08 00:00:00-04:00,236.03721083635764,244.8399137021741,234.53043847059658,241.4595947265625,29791300,0.0,0.0
2020-07-09 00:00:00-04:00,242.86727530824626,244.3839554500943,237.1574215463454,242.3716278076172,22174900,0.0,0.0
2020-07-10 00:00:00-04:00,241.56865372181096,243.3529875457348,237.23669990075217,242.9366455078125,22982700,0.0,0.0
2020-07-13 00:00:00-04:00,244.8597617859769,247.97242734468227,236.34454173895932,236.91949462890625,24674900,0.0,0.0
2020-07-14 00:00:00-04:00,234.6989652429233,238.237895148075,230.01014479769046,237.6431121826172,23378100,0.0,0.0
2020-07-15 00:00:00-04:00,239.4472880015589,242.6888265852968,235.97775582429836,238.18833923339844,19133600,0.0,0.0
2020-07-16 00:00:00-04:00,235.9281551868231,239.65541807552222,234.2726947365515,238.8326416015625,18880700,0.0,0.0
2020-07-17 00:00:00-04:00,238.902078392967,242.0345740054455,235.7894129143792,239.92311096191406,18152400,0.0,0.0
2020-07-20 00:00:00-04:00,237.97024349927685,243.90810520163038,233.58872199953782,243.28358459472656,20872200,0.0,0.0
2020-07-21 00:00:00-04:00,244.0766121329838,244.760607979897,237.99006253468102,239.64552307128906,19364200,0.0,0.0
2020-07-22 00:00:00-04:00,238.16852582286322,239.7942489807477,236.0471551762827,237.78192138671875,15427900,0.0,0.0
2020-07-23 00:00:00-04:00,237.54399711408567,240.309703175952,229.73258861347995,230.5751953125,21771800,0.0,0.0
2020-07-24 00:00:00-04:00,228.18616733253234,231.45744341133576,224.92479875703089,228.70164489746094,18325800,0.0,0.0
2020-07-27 00:00:00-04:00,229.44511136404245,232.90472069074355,228.82059077169882,231.46734619140625,13163100,0.0,0.0
2020-07-28 00:00:00-04:00,232.58754071026527,232.91466986134392,227.82932188924227,228.11679077148438,14170100,0.0,0.0
2020-07-29 00:00:00-04:00,229.12787752191306,231.6655897682173,228.30510102978255,231.2591552734375,13588300,0.0,0.0
2020-07-30 00:00:00-04:00,228.21592279799037,232.8452683628402,227.00654175845798,232.4586639404297,20615300,0.0,0.0
2020-07-31 00:00:00-04:00,253.59305446658362,253.622792101852,246.83241636433706,251.46176147460938,53005100,0.0,0.0
2020-08-03 00:00:00-04:00,250.45062805293662,253.17668878432048,248.15083195595844,249.7666473388672,23124900,0.0,0.0
2020-08-04 00:00:00-04:00,249.3701176547829,250.5993286530493,245.2760652874072,247.65518188476562,17183500,0.0,0.0
2020-08-05 00:00:00-04:00,248.01204767368492,250.07394266649422,245.61311608013628,246.95135498046875,13050100,0.0,0.0
2020-08-06 00:00:00-04:00,246.87201161739355,264.27915828107723,246.50523743922471,262.97064208984375,45241600,0.0,0.0
2020-08-07 00:00:00-04:00,261.78114887182363,276.46225445247427,261.13681322492374,266.10321044921875,72766400,0.0,0.0
2020-08-10 00:00:00-04:00,265.7067062968509,271.47601990197774,257.42938743177587,260.7105712890625,30248800,0.0,0.0
2020-08-11 00:00:00-04:00,257.9250148628608,263.60514536343936,252.9090652365863,253.90036010742188,28238300,0.0,0.0
2020-08-12 00:00:00-04:00,256.7156199692329,261.60269615659547,255.8630906956138,257.62762451171875,21415700,0.0,0.0
2020-08-13 00:00:00-04:00,259.2731532998424,262.85174340322044,257.3104088778803,259.02532958984375,17374000,0.0,0.0
2020-08-14 00:00:00-04:00,260.02654355504006,260.3635801658666,256.42813849404035,258.9658508300781,14792700,0.0,0.0
2020-08-17 00:00:00-04:00,260.2149283025059,261.8010062968293,257.14190786073965,258.8865966796875,13351100,0.0,0.0
2020-08-18 00:00:00-04:00,258.67839037193426,262.8418103841831,257.00309973841337,260.0562744140625,18690400,0.0,0.0
2020-08-19 00:00:00-04:00,259.11457201254495,265.57780346029676,259.07491174852066,260.3041076660156,23291500,0.0,0.0
2020-08-20 00:00:00-04:00,259.22360923298226,267.2828413890221,259.18394896753364,266.6682434082031,20299700,0.0,0.0
2020-08-21 00:00:00-04:00,266.35106787687636,268.13538685587196,264.10083901697624,264.6856994628906,15538600,0.0,0.0
2020-08-24 00:00:00-04:00,268.7103357210728,274.836531396704,266.4303391309209,269.0275573730469,23685600,0.0,0.0
2020-08-25 00:00:00-04:00,270.03863392111543,280.6256556665897,267.9073560424017,278.37542724609375,42127200,0.0,0.0
2020-08-26 00:00:00-04:00,281.5277213297594,302.0177980204833,281.5277213297594,301.264404296875,69015200,0.0,0.0
2020-08-27 00:00:00-04:00,297.5471004668706,298.6077933403888,289.47794492699086,290.6675109863281,30301300,0.0,0.0
2020-08-28 00:00:00-04:00,292.4319691112148,294.64256742942354,288.44697486350793,291.1036376953125,17157400,0.0,0.0
2020-08-31 00:00:00-04:00,291.39114572986756,294.2956325042199,289.0120137865058,290.6476745605469,17345100,0.0,0.0
2020-09-01 00:00:00-04:00,292.14450790373803,298.8654860327322,290.1619181282009,292.8681640625,17295900,0.0,0.0
2020-09-02 00:00:00-04:00,296.2782166171665,300.9571296299292,290.4989505638761,299.86669921875,24341400,0.0,0.0
2020-09-03 00:00:00-04:00,293.4133865436839,295.009387165798,281.16099531666765,288.5857849121094,32294100,0.0,0.0
2020-09-04 00:00:00-04:00,284.7495025903727,286.4842689246918,268.779753885079,280.26885986328125,30333700,0.0,0.0
2020-09-08 00:00:00-04:00,268.9185111086546,276.86868625746473,267.0747168972243,268.799560546875,24864000,0.0,0.0
2020-09-09 00:00:00-04:00,273.36936151774904,276.05579226031756,268.9878553560728,271.33721923828125,22918800,0.0,0.0
2020-09-10 00:00:00-04:00,273.11164648670973,276.7298665418841,264.70545549324396,265.7562255859375,24814700,0.0,0.0
2020-09-11 00:00:00-04:00,267.7091031026115,269.0275422844676,260.3537117530146,264.28912353515625,18913900,0.0,0.0
2020-09-14 00:00:00-04:00,268.5913635232722,274.231833888043,263.3870653318415,263.8331298828125,24093800,0.0,0.0
2020-09-15 00:00:00-04:00,268.31378749780447,272.1302484280536,266.95568815618236,270.0485534667969,18478500,0.0,0.0
2020-09-16 00:00:00-04:00,264.9631832495727,270.0683451819501,259.51106210293534,261.2259826660156,29183400,0.0,0.0
2020-09-17 00:00:00-04:00,256.0316480397024,259.2236188586699,248.01207585132232,252.60177612304688,31281400,0.0,0.0
2020-09-18 00:00:00-04:00,256.1505916786772,256.9436457361105,247.87328848243533,250.33169555664062,28130800,0.0,0.0
2020-09-21 00:00:00-04:00,245.38513189610754,247.7741562256559,242.0048277965363,245.9898223876953,24709400,0.0,0.0
2020-09-22 00:00:00-04:00,251.1049272276944,253.09743980433467,246.05923944460713,252.5323944091797,30293100,0.0,0.0
2020-09-23 00:00:00-04:00,253.03793500420102,255.7441658916591,245.98982754107175,246.85226440429688,19641300,0.0,0.0
2020-09-24 00:00:00-04:00,244.35419622510534,250.04423447504365,243.4818518607491,247.35781860351562,20006800,0.0,0.0
2020-09-25 00:00:00-04:00,247.228944402206,253.52367312850794,244.4632382598628,252.60177612304688,18351300,0.0,0.0
2020-09-28 00:00:00-04:00,257.14186257549875,257.34013363434224,252.60174574637833,254.58433532714844,18826300,0.0,0.0
2020-09-29 00:00:00-04:00,255.56574368325687,261.03768081045007,254.6636616660201,259.5111083984375,20200200,0.0,0.0
2020-09-30 00:00:00-04:00,259.69943771719215,263.76372243232544,257.8357985443643,259.6201171875,20142500,0.0,0.0
2020-10-01 00:00:00-04:00,263.04013408960924,265.9941738260117,262.4949036888926,264.3089904785156,20009800,0.0,0.0
2020-10-02 00:00:00-04:00,258.9360879574492,262.84179161387306,256.92376086558943,257.6771545410156,16367600,0.0,0.0
2020-10-05 00:00:00-04:00,259.9175067972345,262.5642469531849,258.56933014790394,262.3461608886719,12822300,0.0,0.0
2020-10-06 00:00:00-04:00,259.50116023470514,263.3771266628919,255.99196805450927,256.4083251953125,18696900,0.0,0.0
2020-10-07 00:00:00-04:00,256.95353941375686,257.91509666506573,252.60177058701382,255.87303161621094,23133400,0.0,0.0
2020-10-08 00:00:00-04:00,257.48888646943016,262.3164884707243,256.89410339543934,261.4639892578125,16312800,0.0,0.0
2020-10-09 00:00:00-04:00,262.2172863448528,262.44529503670765,259.8877677953517,262.1479187011719,14107800,0.0,0.0
2020-10-12 00:00:00-04:00,267.8479040582493,277.74100816754435,265.5381699141355,273.3495788574219,31019300,0.0,0.0
2020-10-13 00:00:00-04:00,275.1635816185584,276.67036899006087,271.0100844746222,273.73614501953125,18063300,0.0,0.0
2020-10-14 00:00:00-04:00,275.20326373795046,276.32343172750234,269.1365442655314,269.4537658691406,15577800,0.0,0.0
2020-10-15 00:00:00-04:00,265.2705071475953,266.69797414764406,261.374725658758,264.3981628417969,15416100,0.0,0.0
2020-10-16 00:00:00-04:00,265.0524103227984,269.00766692191854,262.99050018326744,263.6150207519531,16622700,0.0,0.0
2020-10-19 00:00:00-04:00,263.21850298492296,266.212202344182,257.6176935014616,259.12445068359375,13587000,0.0,0.0
2020-10-20 00:00:00-04:00,260.77003835359403,267.3522511210666,260.591612529058,265.2308654785156,18763200,0.0,0.0
2020-10-21 00:00:00-04:00,277.126442001298,280.5860520482215,273.96420836886614,276.3036804199219,28998600,0.0,0.0
2020-10-22 00:00:00-04:00,277.4336795285745,279.9912371337842,272.6457388053963,275.69891357421875,16720000,0.0,0.0
2020-10-23 00:00:00-04:00,276.3730055560065,282.75694712146,274.41026101852475,282.3108825683594,17535200,0.0,0.0
2020-10-26 00:00:00-04:00,280.6950758632085,282.7470636277034,271.8725570411759,274.6977233886719,21322900,0.0,0.0
2020-10-27 00:00:00-04:00,276.3333493209198,282.0332944455136,273.90466494967404,280.82391357421875,16287200,0.0,0.0
2020-10-28 00:00:00-04:00,276.3630986342593,276.3630986342593,264.9334702679964,265.33990478515625,23121800,0.0,0.0
2020-10-29 00:00:00-04:00,274.14260431413163,281.13125181160507,271.3967282134318,278.3853454589844,32368100,0.0,0.0
2020-10-30 00:00:00-04:00,272.1104432269322,274.2913040530158,256.84450820010375,260.819580078125,47247800,0.0,0.0
2020-11-02 00:00:00-05:00,262.29665514165265,268.11555177589446,255.09984397803464,259.0848388671875,27165700,0.0,0.0
2020-11-03 00:00:00-05:00,260.8691840773539,267.69919058864355,258.6090327892569,262.99053955078125,17961900,0.0,0.0
2020-11-04 00:00:00-05:00,278.5538901044381,286.42477468626174,276.1946032055948,284.87835693359375,35364400,0.0,0.0
2020-11-05 00:00:00-05:00,289.3589477438813,294.7912541700032,286.43464621811086,292.11474609375,23823600,0.0,0.0
2020-11-06 00:00:00-05:00,291.3911426677605,292.03547829068356,285.5524012917974,290.8558349609375,13891000,0.0,0.0
2020-11-09 00:00:00-05:00,287.34664089380567,290.03304153749013,276.10536062910086,276.34326171875,25117700,0.0,0.0
2020-11-10 00:00:00-05:00,270.7226220038531,271.6147812934847,261.70183307109477,270.0584411621094,29067700,0.0,0.0
2020-11-11 00:00:00-05:00,271.0894044837182,275.9764808453702,270.1080322605001,274.0732116699219,14957000,0.0,0.0
2020-11-12 00:00:00-05:00,274.7671196771608,277.3147548914051,272.04105863712016,272.6853942871094,12899500,0.0,0.0
2020-11-13 00:00:00-05:00,275.30244028897164,275.34210055831124,270.7226623677045,274.5391540527344,10391200,0.0,0.0
2020-11-16 00:00:00-05:00,272.65567962026546,276.9777415825095,272.23935265833245,276.5316467285156,12970400,0.0,0.0
2020-11-17 00:00:00-05:00,275.26277280878617,275.26277280878617,270.91100373531947,272.6061096191406,15040300,0.0,0.0
2020-11-18 00:00:00-05:00,272.1302371447207,274.9752786275152,269.4735743456771,269.6024475097656,12152900,0.0,0.0
2020-11-19 00:00:00-05:00,268.660756709019,271.08944152995355,266.8467001921492,270.5640563964844,12963700,0.0,0.0
2020-11-20 00:00:00-05:00,270.1873226446554,270.6234948000177,267.06474990888495,267.35223388671875,18114700,0.0,0.0
2020-11-23 00:00:00-05:00,268.53189955867924,268.59137483464673,262.2272480388358,266.0932922363281,20990800,0.0,0.0
2020-11-24 00:00:00-05:00,266.1527603426882,275.4015587814631,265.5381623396327,274.5093994140625,16930400,0.0,0.0
2020-11-25 00:00:00-05:00,275.7187685457387,277.74098829096494,270.2765391601814,273.1909484863281,12467000,0.0,0.0
2020-11-27 00:00:00-05:00,274.9753051656759,276.70014860060974,272.4276700276529,275.3916320800781,7808400,0.0,0.0
2020-11-30 00:00:00-05:00,273.62710988582904,275.2825855577572,268.65082074499577,274.5589294433594,16693300,0.0,0.0
2020-12-01 00:00:00-05:00,276.7298883993437,286.7816029719664,276.53161731822826,284.0555419921875,20738900,0.0,0.0
2020-12-02 00:00:00-05:00,282.8758892964831,289.24001566629744,278.3853247499967,285.01708984375,17361600,0.0,0.0
2020-12-03 00:00:00-05:00,283.7581140646024,284.1546259028688,278.6232146670543,279.39642333984375,12921700,0.0,0.0
2020-12-04 00:00:00-05:00,277.8599810799653,280.992476962965,276.8686860632663,277.2652282714844,10880300,0.0,0.0
2020-12-07 00:00:00-05:00,276.7595755694278,285.97860437373845,275.7782034762741,283.09393310546875,13007700,0.0,0.0
2020-12-08 00:00:00-05:00,283.5202481560011,283.93657504961703,279.09905136815115,280.9329528808594,10747700,0.0,0.0
2020-12-09 00:00:00-05:00,281.1906940080465,285.12613567782824,269.3843689987013,275.50067138671875,25189700,0.0,0.0
2020-12-10 00:00:00-05:00,273.14134826183744,276.3035807536108,269.4933607990471,274.70758056640625,20065100,0.0,0.0
2020-12-11 00:00:00-05:00,272.1401504139316,274.0731873049459,267.8974100331047,271.1686706542969,14391400,0.0,0.0
2020-12-14 00:00:00-05:00,270.9902620847114,274.806753220003,269.19602086754435,271.8031311035156,16376900,0.0,0.0
2020-12-15 00:00:00-05:00,272.43754215406807,273.6766606794515,265.1416267975304,273.1512756347656,23979500,0.0,0.0
2020-12-16 00:00:00-05:00,272.36818173124277,275.44117155415506,270.1377683264025,273.270263671875,15885000,0.0,0.0
2020-12-17 00:00:00-05:00,274.65808738822363,277.99874638748975,271.2281852255585,272.09063720703125,16377800,0.0,0.0
2020-12-18 00:00:00-05:00,273.3693149788667,275.5799129409881,268.7796461569592,273.99383544921875,26693200,0.0,0.0
2020-12-21 00:00:00-05:00,270.60369268943253,272.27898349056596,265.4588697383409,270.41534423828125,16553700,0.0,0.0
2020-12-22 00:00:00-05:00,269.1365367707171,269.1365367707171,262.32634637119014,264.7649230957031,17312900,0.0,0.0
2020-12-23 00:00:00-05:00,264.5667112714952,269.8007471510173,263.912453005065,265.77606201171875,14329000,0.0,0.0
2020-12-24 00:00:00-05:00,266.539362366525,268.0461196379881,263.88269944634607,265.0722351074219,6702000,0.0,0.0
2020-12-28 00:00:00-05:00,266.400549015817,274.8860298971501,263.34737440977,274.5886535644531,23299700,0.0,0.0
2020-12-29 00:00:00-05:00,274.53910837888566,278.0681154649613,273.8749275486116,274.3705749511719,16383000,0.0,0.0
2020-12-30 00:00:00-05:00,275.5304160537405,275.65925897281426,269.3447156095578,269.5033264160156,11803800,0.0,0.0
2020-12-31 00:00:00-05:00,269.63219883750327,274.6778859869896,267.46126069876846,270.7821044921875,12900400,0.0,0.0
2021-01-04 00:00:00-05:00,272.3880048825454,272.6060909653944,262.89141327903155,266.5988464355469,15106100,0.0,0.0
2021-01-05 00:00:00-05:00,265.9545427280597,270.0287506373371,265.87522218736854,268.6112060546875,9871600,0.0,0.0
2021-01-06 00:00:00-05:00,259.71928927456224,265.41923550864135,257.74662191068745,261.01788330078125,24354100,0.0,0.0
2021-01-07 00:00:00-05:00,263.5852999293993,269.24558516756673,262.4750545151092,266.40057373046875,15789800,0.0,0.0
2021-01-08 00:00:00-05:00,265.9743628388743,266.60880616888306,260.8890145757392,265.2408142089844,18528300,0.0,0.0
2021-01-11 00:00:00-05:00,258.21249961443124,261.17646160643693,253.67235215141747,254.6041717529297,30412300,0.0,0.0
2021-01-12 00:00:00-05:00,254.39600252775776,257.4590999880245,248.1211043039548,248.9042205810547,26383500,0.0,0.0
2021-01-13 00:00:00-05:00,249.3602042145452,251.73930562929598,247.03065543788503,249.4494171142578,19528900,0.0,0.0
2021-01-14 00:00:00-05:00,251.19410569943693,252.80992112440126,242.48063073575494,243.5016632080078,29739400,0.0,0.0
2021-01-15 00:00:00-05:00,245.7419881512037,251.65011213394098,245.008439640171,249.171875,24942900,0.0,0.0
2021-01-19 00:00:00-05:00,254.6636670223244,259.9175484170947,250.52006138498896,258.8271179199219,28028500,0.0,0.0
2021-01-20 00:00:00-05:00,266.58890963596116,267.9668239616114,261.3053215373007,265.15155029296875,25199900,0.0,0.0
2021-01-21 00:00:00-05:00,266.91606891247517,271.21828505891534,265.16145761467874,270.49462890625,20838700,0.0,0.0
2021-01-22 00:00:00-05:00,269.6421285577539,276.045884978016,269.6322059283925,272.1104431152344,21954000,0.0,0.0
2021-01-25 00:00:00-05:00,275.7188084942915,277.66173824259187,269.146517740259,275.5899353027344,19087000,0.0,0.0
2021-01-26 00:00:00-05:00,275.7188200517196,282.90570917265967,275.3916757437579,279.5947570800781,19373600,0.0,0.0
2021-01-27 00:00:00-05:00,280.0705655787169,280.9825702584283,265.78600148614066,269.7710266113281,35346200,0.0,0.0
2021-01-28 00:00:00-05:00,274.76711024718605,284.2934698675285,262.39576938583184,262.6931457519531,37758800,0.0,0.0
2021-01-29 00:00:00-05:00,262.9905341831644,264.23957548201406,252.63152026244686,256.0812072753906,30389500,0.0,0.0
2021-02-01 00:00:00-05:00,257.2608119063281,261.87035686158373,252.69095746495492,259.7291564941406,22914300,0.0,0.0
2021-02-02 00:00:00-05:00,261.7018905062424,266.50967749963957,260.9782342364985,264.75506591796875,17320800,0.0,0.0
2021-02-03 00:00:00-05:00,263.3077029833754,266.8565550799659,261.5431995630546,264.3287353515625,14223400,0.0,0.0
2021-02-04 00:00:00-05:00,264.6856892976803,265.82567250447573,261.7018816482722,264.1701965332031,16060000,0.0,0.0
2021-02-05 00:00:00-05:00,264.4774423986181,266.8268365027452,263.357304678353,265.7661437988281,12454400,0.0,0.0
2021-02-08 00:00:00-05:00,266.4105228067336,267.51084570093855,262.6931666745466,264.2593994140625,13755200,0.0,0.0
2021-02-09 00:00:00-05:00,264.1205935539394,271.010104635264,263.43659770981697,267.1044006347656,14613400,0.0,0.0
2021-02-10 00:00:00-05:00,270.078294370915,271.41651821880134,265.38945883299453,269.5033264160156,14687200,0.0,0.0
2021-02-11 00:00:00-05:00,269.52322798820524,271.1984888053726,266.1528005876192,268.0362854003906,12828600,0.0,0.0
2021-02-12 00:00:00-05:00,268.1650786786831,268.8193369263752,266.0040631117695,268.145263671875,9097600,0.0,0.0
2021-02-16 00:00:00-05:00,268.4426646551784,274.19219360834205,267.6991934307805,271.5850830078125,15417200,0.0,0.0
2021-02-17 00:00:00-05:00,268.87886418653466,271.58511060907136,267.23331074573196,271.1885986328125,12763200,0.0,0.0
2021-02-18 00:00:00-05:00,267.22334767932983,269.5826341540799,263.71415560125973,267.044921875,15249100,0.0,0.0
2021-02-19 00:00:00-05:00,267.5108477745137,267.91728234501386,257.8853820254984,259.2831115722656,25622600,0.0,0.0
2021-02-22 00:00:00-05:00,255.70458582235952,260.7800119471785,255.28822856515401,258.0638427734375,17434900,0.0,0.0
2021-02-23 00:00:00-05:00,257.2410330934261,265.1317322276039,252.74056078837012,263.545654296875,21924600,0.0,0.0
2021-02-24 00:00:00-05:00,260.046350171747,264.061112241261,256.1406765125581,262.0091247558594,15736100,0.0,0.0
2021-02-25 00:00:00-05:00,260.0166243406885,264.6162469176073,251.828534410485,252.47288513183594,19053100,0.0,0.0
2021-02-26 00:00:00-05:00,254.23741250807254,263.2383571829015,254.23741250807254,255.3773956298828,26619500,0.0,0.0
2021-03-01 00:00:00-05:00,258.5495802943094,264.3288170823331,255.65498545881434,262.6039733886719,22157300,0.0,0.0
2021-03-02 00:00:00-05:00,263.46633907482317,264.3882360075489,256.3984020867575,256.745361328125,15191700,0.0,0.0
2021-03-03 00:00:00-05:00,258.02413857858085,258.7180268052231,252.8793160145082,253.18661499023438,15513500,0.0,0.0
2021-03-04 00:00:00-05:00,254.2374037140958,264.17016770191015,251.29325665679738,255.39723205566406,31626500,0.0,0.0
2021-03-05 00:00:00-05:00,258.4008106616745,263.1391982624967,253.38484662048393,261.9793701171875,26820100,0.0,0.0
2021-03-08 00:00:00-05:00,263.23835967806787,263.2680973162432,252.82977791576698,253.08750915527344,18391800,0.0,0.0
2021-03-09 00:00:00-05:00,258.90636446418875,266.19238717808435,257.548295450208,263.4266662597656,22039700,0.0,0.0
2021-03-10 00:00:00-05:00,266.30148832067624,266.6286023414046,260.58169713163056,262.5940246582031,14210300,0.0,0.0
2021-03-11 00:00:00-05:00,265.77602885197024,275.4808132153141,265.4885751472502,271.4958190917969,21834000,0.0,0.0
2021-03-12 00:00:00-05:00,266.7971469759698,267.3918997658604,261.72169123749984,266.0635681152344,20600200,0.0,0.0
2021-03-15 00:00:00-04:00,266.7376134683723,273.5577270950663,266.1626757478061,271.3669738769531,16844800,0.0,0.0
2021-03-16 00:00:00-04:00,273.67672073132195,279.68399649229906,272.4078642929855,276.848876953125,22437700,0.0,0.0
2021-03-17 00:00:00-04:00,273.30992295006973,283.7383652141493,273.01254656501544,281.5376892089844,21315000,0.0,0.0
2021-03-18 00:00:00-04:00,277.4336680480965,282.7073635915674,275.85751296216336,276.1945495605469,18728300,0.0,0.0
2021-03-19 00:00:00-04:00,278.77190864559003,290.2510884508248,278.75209364143296,287.5845031738281,38930500,0.0,0.0
2021-03-22 00:00:00-04:00,287.9215829149258,297.10095206901144,284.2537801031509,290.98468017578125,28273100,0.0,0.0
2021-03-23 00:00:00-04:00,290.5980580528056,295.4058437753718,287.2871371252847,288.1000061035156,23000900,0.0,0.0
2021-03-24 00:00:00-04:00,288.4667868520234,289.1805203182288,278.71244964849427,279.6839294433594,18675000,0.0,0.0
2021-03-25 00:00:00-04:00,278.53405880002805,285.5524135552309,275.33216530293356,276.31353759765625,24505600,0.0,0.0
2021-03-26 00:00:00-04:00,275.87733122221624,282.0233710937428,275.35194618737313,280.5562438964844,17629200,0.0,0.0
2021-03-29 00:00:00-04:00,283.28236368680797,290.62786332998365,282.2217010191801,288.2884216308594,21718800,0.0,0.0
2021-03-30 00:00:00-04:00,287.3070069178583,289.9240401511423,284.204279083377,285.4929504394531,17474500,0.0,0.0
2021-03-31 00:00:00-04:00,287.4656075110616,293.91894719587566,286.0976156652558,291.9660949707031,19498200,0.0,0.0
2021-04-01 00:00:00-04:00,295.8024037816997,299.76758353816194,294.01808499206,296.0601501464844,17616000,0.0,0.0
2021-04-05 00:00:00-04:00,298.2707126711446,308.0646800732676,298.0625189777315,306.22088623046875,28237000,0.0,0.0
2021-04-06 00:00:00-04:00,306.1515217424256,308.6396816907689,302.59277658335463,303.593994140625,17335200,0.0,0.0
2021-04-07 00:00:00-04:00,303.6732616941335,311.51440761304855,302.8405776476892,310.364501953125,22855200,0.0,0.0
2021-04-08 00:00:00-04:00,312.1091915082921,313.1302240000469,307.3509580476352,310.29510498046875,20894100,0.0,0.0
2021-04-09 00:00:00-04:00,308.68922008003193,312.00014135434753,307.62852729625877,309.739990234375,15988600,0.0,0.0
2021-04-12 00:00:00-04:00,308.3422478867747,309.43267826117784,305.249412826226,308.8280029296875,10881900,0.0,0.0
2021-04-13 00:00:00-04:00,309.4921305893615,311.69280618114584,306.62730444507133,307.0634765625,14036900,0.0,0.0
2021-04-14 00:00:00-04:00,304.62494221154947,305.3485984541713,299.32153814894536,300.1839599609375,17421400,0.0,0.0
2021-04-15 00:00:00-04:00,303.6732232541082,307.44016137052574,301.45273274466757,305.1403503417969,14558300,0.0,0.0
2021-04-16 00:00:00-04:00,305.4873764666447,306.2605853135544,301.9583386311956,303.5146789550781,13059200,0.0,0.0
2021-04-19 00:00:00-04:00,302.35488466496423,305.0214705207689,297.9436100033605,299.6089782714844,14553500,0.0,0.0
2021-04-20 00:00:00-04:00,299.3610617248757,302.4440038179053,294.6226745071293,300.01531982421875,16796400,0.0,0.0
2021-04-21 00:00:00-04:00,299.3215050467602,299.3512426834739,294.80120275476366,298.8456726074219,14863500,0.0,0.0
2021-04-22 00:00:00-04:00,298.7068462303825,300.28303157065153,293.4629185644019,293.938720703125,16375400,0.0,0.0
2021-04-23 00:00:00-04:00,296.1593026919247,299.95594921584023,294.5633020173308,298.5086669921875,17536800,0.0,0.0
2021-04-26 00:00:00-04:00,300.69935387124417,303.1379305508812,298.93485037916275,300.4019775390625,16172600,0.0,0.0
2021-04-27 00:00:00-04:00,301.6312095868947,302.6819797559511,298.48879145737527,300.9273986816406,15309300,0.0,0.0
2021-04-28 00:00:00-04:00,304.6843823594291,308.2134199936871,302.71171521224556,304.4266662597656,33907200,0.0,0.0
2021-04-29 00:00:00-04:00,327.24624637387615,328.9215370666334,318.8103176400919,326.6415710449219,56526800,0.0,0.0
2021-04-30 00:00:00-04:00,323.3008918440618,326.9488493488843,321.6751538951361,322.2500915527344,26332400,0.0,0.0
2021-05-03 00:00:00-04:00,323.3306871128496,325.6899436819477,319.0383630387981,319.77191162109375,18719500,0.0,0.0
2021-05-04 00:00:00-04:00,317.2342375290762,319.38536114262575,310.394307593909,315.58868408203125,24032600,0.0,0.0
2021-05-05 00:00:00-04:00,315.42003564538976,318.2650463472332,311.75223347286527,312.2776184082031,15577600,0.0,0.0
2021-05-06 00:00:00-04:00,311.7820697917917,317.45227798871764,310.54295113207814,317.23419189453125,19012200,0.0,0.0
2021-05-07 00:00:00-04:00,319.5736595346805,320.12878226692106,315.9752541529607,316.3023681640625,15916700,0.0,0.0
2021-05-10 00:00:00-04:00,311.61354376348527,311.84152221893976,302.1763973813296,303.3064880371094,24239200,0.0,0.0
2021-05-11 00:00:00-04:00,298.1319198805301,304.1689017601003,297.08114978173637,303.8616027832031,18920100,0.0,0.0
2021-05-12 00:00:00-04:00,298.50863794930353,302.3052841038309,295.59422852439974,299.916259765625,24645500,0.0,0.0
2021-05-13 00:00:00-04:00,303.41553047906933,306.17132909823965,300.13434677159415,302.6026916503906,18079200,0.0,0.0
2021-05-14 00:00:00-04:00,306.8454461766793,314.0918098146502,306.38942871995596,313.1897277832031,19245700,0.0,0.0
2021-05-17 00:00:00-04:00,310.82046004717864,312.9319227273037,308.8676081589599,312.7138366699219,15401300,0.0,0.0
2021-05-18 00:00:00-04:00,312.8427442229503,313.7448261843899,307.1130610875427,307.2617492675781,14522400,0.0,0.0
2021-05-19 00:00:00-04:00,301.54197271283465,311.9208306537847,300.92737476678593,310.8601379394531,19106200,0.0,0.0
2021-05-20 00:00:00-04:00,310.85021408300645,316.470868982354,310.43388720270923,315.83642578125,17320200,0.0,0.0
2021-05-21 00:00:00-04:00,316.51059421636046,317.1450072957752,313.0608766690379,313.47723388671875,13600900,0.0,0.0
2021-05-24 00:00:00-04:00,315.4399204891148,323.11256307150484,315.26149467954974,321.8040466308594,16445400,0.0,0.0
2021-05-25 00:00:00-04:00,324.2327128158944,326.31443809358075,321.97256172204254,324.9365539550781,16437000,0.0,0.0
2021-05-26 00:00:00-04:00,325.4916740978203,326.9587711328472,322.9836993061915,324.80767822265625,9686900,0.0,0.0
2021-05-27 00:00:00-04:00,325.1447124753475,330.87439552779364,323.91551653562766,329.8533630371094,20477700,0.0,0.0
2021-05-28 00:00:00-04:00,328.1186061786188,329.97232276898853,325.4718355309257,325.8683776855469,12037400,0.0,0.0
2021-06-01 00:00:00-04:00,327.27597186491556,328.53493562097003,323.7965476914582,326.2648620605469,11765900,0.0,0.0
2021-06-02 00:00:00-04:00,327.50403269155,328.98105249667384,324.2724014515337,326.28472900390625,11654300,0.0,0.0
2021-06-03 00:00:00-04:00,322.94403588426127,324.5301136988752,320.6640698239475,323.2017822265625,12610800,0.0,0.0
2021-06-04 00:00:00-04:00,323.0629692041893,329.565860670719,322.34923573825716,327.4742431640625,13289400,0.0,0.0
2021-06-07 00:00:00-04:00,326.61185481963037,334.7503774849937,326.0666244730163,333.6500244140625,20136700,0.0,0.0
2021-06-08 00:00:00-04:00,333.7690600434032,335.3551079437591,329.34786227798384,330.77532958984375,14580500,0.0,0.0
2021-06-09 00:00:00-04:00,332.81732108058753,333.86809119455836,327.1272983594341,327.3751220703125,13727900,0.0,0.0
2021-06-10 00:00:00-04:00,327.9104723063442,331.03304541821626,325.6899509974329,329.56591796875,13240200,0.0,0.0
2021-06-11 00:00:00-04:00,329.6848289882906,329.932652701607,326.06660882425405,328.3763427734375,13587900,0.0,0.0
2021-06-14 00:00:00-04:00,329.0107774921073,333.887961803341,326.9389747420912,333.83837890625,12250800,0.0,0.0
2021-06-15 00:00:00-04:00,334.05644356509714,336.9609604822202,332.11351411948954,333.81854248046875,15795200,0.0,0.0
2021-06-16 00:00:00-04:00,333.7689782813565,334.6115546775463,325.858434720274,328.1978759765625,17232200,0.0,0.0
2021-06-17 00:00:00-04:00,327.61304327329054,335.0378626785236,327.2760066360262,333.5806579589844,17794100,0.0,0.0
2021-06-18 00:00:00-04:00,331.6178535993486,333.2237463610246,326.1359944767313,326.7902526855469,23039500,0.0,0.0
2021-06-21 00:00:00-04:00,328.2078338886737,330.0219205469245,324.79777691820135,329.39739990234375,11337500,0.0,0.0
2021-06-22 00:00:00-04:00,329.79389887120124,336.9609718056598,329.70468596146765,336.0787048339844,15345300,0.0,0.0
2021-06-23 00:00:00-04:00,336.3958956840747,340.43047277158377,335.25591271698704,337.6250915527344,14817800,0.0,0.0
2021-06-24 00:00:00-04:00,338.87415705290726,341.8975943029009,338.8146817809146,340.19256591796875,12329100,0.0,0.0
2021-06-25 00:00:00-04:00,339.607757600492,341.12443777248404,336.7230854592673,338.39837646484375,14594400,0.0,0.0
2021-06-28 00:00:00-04:00,339.4787800321189,355.02230417325995,338.7947842578023,352.5440673828125,29156100,0.0,0.0
2021-06-29 00:00:00-04:00,353.1686594409052,353.63456930188124,346.01150831701534,348.8268127441406,21417300,0.0,0.0
2021-06-30 00:00:00-04:00,349.1043638637491,349.84783509331055,344.14788900000565,344.68316650390625,15107500,0.0,0.0
2021-07-01 00:00:00-04:00,343.80091334634034,351.5825845624419,343.4836917096973,351.3050231933594,17137000,0.0,0.0
2021-07-02 00:00:00-04:00,352.00887769158004,353.33720942603287,349.5504550811741,351.61236572265625,11521300,0.0,0.0
2021-07-06 00:00:00-04:00,353.3966023047787,355.6666759065299,346.14031698296947,349.708984375,13488500,0.0,0.0
2021-07-07 00:00:00-04:00,352.1673993527171,353.3866725921118,346.953179038553,347.43890380859375,14218900,0.0,0.0
2021-07-08 00:00:00-04:00,342.7203727736386,345.2977151324137,339.5779548488796,342.64105224609375,14406500,0.0,0.0
2021-07-09 00:00:00-04:00,342.31392781983334,347.65699106432334,342.2643449286511,347.3695373535156,13018700,0.0,0.0
2021-07-12 00:00:00-04:00,348.1725015565857,351.1067258462657,346.5963463730506,350.085693359375,10018600,0.0,0.0
2021-07-13 00:00:00-04:00,348.44007264274046,355.3692126286229,345.76356496264304,349.0249328613281,11456000,0.0,0.0
2021-07-14 00:00:00-04:00,351.47348659674924,352.1079297982053,343.711661519161,344.60382080078125,13894200,0.0,0.0
2021-07-15 00:00:00-04:00,346.18995265869313,346.18995265869313,337.2583753139895,341.4614562988281,14781600,0.0,0.0
2021-07-16 00:00:00-04:00,341.9075415739222,342.9781267988666,337.17907559820964,338.190185546875,11026100,0.0,0.0
2021-07-19 00:00:00-04:00,334.6314437321854,336.832119732579,331.627821241965,334.016845703125,14372300,0.0,0.0
2021-07-20 00:00:00-04:00,335.8507023683744,340.460247887152,331.5881463693273,338.6858215332031,11024300,0.0,0.0
2021-07-21 00:00:00-04:00,338.5271983069589,343.50348766663694,338.27937458931103,343.2160339355469,9279700,0.0,0.0
2021-07-22 00:00:00-04:00,343.66209353487886,348.47980226768016,342.20488888598493,348.1328430175781,12385400,0.0,0.0
2021-07-23 00:00:00-04:00,357.7682497249188,372.0627053911015,354.0806314483372,366.5709533691406,33694300,0.0,0.0
2021-07-26 00:00:00-04:00,366.36271751347635,371.18042595459303,365.0145711113997,369.2176513671875,14925200,0.0,0.0
2021-07-27 00:00:00-04:00,368.67246920927926,369.9016651357157,361.37652342353266,364.608154296875,15705400,0.0,0.0
2021-07-28 00:00:00-04:00,371.2994349422472,374.26339716924025,363.73584961530185,370.03057861328125,29676900,0.0,0.0
2021-07-29 00:00:00-04:00,357.8574688091655,362.3381109905446,353.6345427376173,355.2008056640625,33413200,0.0,0.0
2021-07-30 00:00:00-04:00,350.91839806606083,357.58982369964633,349.86762788183586,353.1983642578125,15976200,0.0,0.0
2021-08-02 00:00:00-04:00,354.9827187252499,356.2713900270993,347.6867723455861,348.8862609863281,13180400,0.0,0.0
2021-08-03 00:00:00-04:00,349.6594535052351,350.69037839785096,344.673241474728,348.1824035644531,12406100,0.0,0.0
2021-08-04 00:00:00-04:00,349.35211622034336,357.34194964790186,348.4500343492428,355.7955322265625,14180600,0.0,0.0
2021-08-05 00:00:00-04:00,356.5093041046294,360.73219970957473,353.79313557019657,359.810302734375,10247200,0.0,0.0
2021-08-06 00:00:00-04:00,358.25399398453993,361.9713501000102,358.25399398453993,360.34564208984375,8925000,0.0,0.0
2021-08-09 00:00:00-04:00,360.59340518391826,362.59580978398236,357.6095981631221,358.46209716796875,7798900,0.0,0.0
2021-08-10 00:00:00-04:00,358.6802469729181,360.93050592413266,355.91455577806516,357.9863586425781,7469900,0.0,0.0
2021-08-11 00:00:00-04:00,358.9478931980798,359.20560930354424,354.69522956083796,356.8265075683594,8400300,0.0,0.0
2021-08-12 00:00:00-04:00,355.3296221127873,359.8400012117831,354.00126050040245,359.4930419921875,7170700,0.0,0.0
2021-08-13 00:00:00-04:00,359.81033018281977,361.48562107299557,358.33331038394755,360.01849365234375,7195700,0.0,0.0
2021-08-16 00:00:00-04:00,359.36420928344654,363.75566859668425,354.2689693273235,363.3690490722656,11222100,0.0,0.0
2021-08-17 00:00:00-04:00,359.82021533674686,361.4955060524368,351.9790694475264,355.32965087890625,12328700,0.0,0.0
2021-08-18 00:00:00-04:00,353.14876713538985,356.72732678810877,352.05833682157106,352.3557434082031,10042400,0.0,0.0
2021-08-19 00:00:00-04:00,348.2914245669359,354.45727926547977,347.9444653459799,352.0285949707031,12004500,0.0,0.0
2021-08-20 00:00:00-04:00,351.5131724701607,356.85623617233426,350.23439359725023,356.24163818359375,8697700,0.0,0.0
2021-08-23 00:00:00-04:00,356.31104498912975,362.50663817869156,355.97400834984796,360.18701171875,10942000,0.0,0.0
2021-08-24 00:00:00-04:00,360.49431489699504,364.75687096002576,358.69015087883326,362.3282165527344,9235100,0.0,0.0
2021-08-25 00:00:00-04:00,362.41738450942586,367.6315745800662,362.2191134488895,365.18310546875,9684500,0.0,0.0
2021-08-26 00:00:00-04:00,365.17321790623237,366.2239880737597,360.96021460656846,361.2080383300781,7888700,0.0,0.0
2021-08-27 00:00:00-04:00,361.9217809395353,370.48655330780355,360.9106407610319,369.38623046875,11219100,0.0,0.0
2021-08-30 00:00:00-04:00,369.3168487488116,378.1691055020364,367.2945985551023,377.3463439941406,13547300,0.0,0.0
2021-08-31 00:00:00-04:00,376.6424989511328,379.4280351230296,375.5024856460896,376.07745361328125,12345400,0.0,0.0
2021-09-01 00:00:00-04:00,376.28563561020815,380.984363857357,375.5124267815391,378.7242126464844,11567200,0.0,0.0
2021-09-02 00:00:00-04:00,378.1790086340969,378.42683236190425,370.80377207439494,372.0131530761719,14832900,0.0,0.0
2021-09-03 00:00:00-04:00,371.48778459469844,373.87680906781947,369.862046346664,372.9846496582031,7509600,0.0,0.0
2021-09-07 00:00:00-04:00,372.6079424323459,379.6262972127844,369.9016963878122,378.85308837890625,10793800,0.0,0.0
2021-09-08 00:00:00-04:00,376.8506838787292,377.554494807856,371.5274349497435,374.2832336425781,11067200,0.0,0.0
2021-09-09 00:00:00-04:00,374.35252954719203,376.5234370186516,373.2918370015988,374.7093811035156,9098900,0.0,0.0
2021-09-10 00:00:00-04:00,378.0401728089301,380.4490421796912,374.9671831109393,375.3934326171875,11549600,0.0,0.0
2021-09-13 00:00:00-04:00,378.3574610199331,378.426858929052,371.0912821213487,373.23248291015625,13026300,0.0,0.0
2021-09-14 00:00:00-04:00,374.1146494141582,375.2942926398303,371.84457586409377,373.2522277832031,8711600,0.0,0.0
2021-09-15 00:00:00-04:00,373.71815280840957,374.2732754958761,364.46938530837144,370.66497802734375,17940300,0.0,0.0
2021-09-16 00:00:00-04:00,369.5448307526397,370.30811692774245,366.4916255483903,369.8124694824219,11934200,0.0,0.0
2021-09-17 00:00:00-04:00,368.176870792331,368.176870792331,358.44234686421987,361.54510498046875,26299000,0.0,0.0
2021-09-20 00:00:00-04:00,356.1723062604474,357.887257620845,346.75500310310935,352.6036682128906,19822800,0.0,0.0
2021-09-21 00:00:00-04:00,355.37918230513225,356.90578475265596,352.0979989695533,354.3680725097656,11751900,0.0,0.0
2021-09-22 00:00:00-04:00,344.207345490811,346.7946107075454,337.7242682523536,340.2223205566406,43692900,0.0,0.0
2021-09-23 00:00:00-04:00,342.3535812862905,346.6260900015658,340.0141399174007,342.9483642578125,21806300,0.0,0.0
2021-09-24 00:00:00-04:00,340.2520335333708,351.2653350122628,339.38961185696587,349.8874206542969,18801900,0.0,0.0
2021-09-27 00:00:00-04:00,346.7648435259705,352.0583543102863,344.0585977379562,350.50201416015625,15205800,0.0,0.0
2021-09-28 00:00:00-04:00,344.9408867412506,346.55670226470806,335.96968001839247,337.6846008300781,21710300,0.0,0.0
2021-09-29 00:00:00-04:00,340.1628485218163,342.2247589133075,335.93003006958673,336.6536560058594,14452200,0.0,0.0
2021-09-30 00:00:00-04:00,337.4863475250749,339.8158662468685,335.2063511936451,336.4355773925781,16547100,0.0,0.0
2021-10-01 00:00:00-04:00,338.6362412870357,342.0165605763661,335.69212443224353,340.0240783691406,14905300,0.0,0.0
2021-10-04 00:00:00-04:00,332.6091669200423,333.0156014474601,319.8908670335288,323.39013671875,42885000,0.0,0.0
2021-10-05 00:00:00-04:00,325.71967728805225,332.2622299266424,323.320760480119,330.0615539550781,35377900,0.0,0.0
2021-10-06 00:00:00-04:00,326.86958228902955,331.46920530979725,322.96387782374825,330.73565673828125,26443000,0.0,0.0
2021-10-07 00:00:00-04:00,334.0663682700986,335.89034718472595,326.1161943728777,326.3540954589844,28307500,0.0,0.0
2021-10-08 00:00:00-04:00,328.6241616109095,330.4976931247865,325.84851791179705,327.1768493652344,15946100,0.0,0.0
2021-10-11 00:00:00-04:00,324.77795902146374,327.58331033025894,322.4781475498492,322.616943359375,14708200,0.0,0.0
2021-10-12 00:00:00-04:00,320.21792864671414,321.5561825542825,314.6071969633952,320.95147705078125,31658700,0.0,0.0
2021-10-13 00:00:00-04:00,324.1236830099349,324.15342064578897,319.8512045646959,321.71484375,14761500,0.0,0.0
2021-10-14 00:00:00-04:00,325.50151053683453,327.6427107017356,324.25249979624374,325.6700439453125,14302200,0.0,0.0
2021-10-15 00:00:00-04:00,325.8188120863073,326.20543163201086,319.70253927634974,321.9329528808594,21596400,0.0,0.0
2021-10-18 00:00:00-04:00,326.0864785457651,332.96606776369435,324.64908879992856,332.42083740234375,21585000,0.0,0.0
2021-10-19 00:00:00-04:00,336.6932978457845,339.4788340210917,334.34393383511576,337.03033447265625,18786300,0.0,0.0
2021-10-20 00:00:00-04:00,340.4601857566933,340.98557075141406,336.49500685256254,337.81341552734375,13639500,0.0,0.0
2021-10-21 00:00:00-04:00,337.3177615304855,339.33008857467996,334.85933976758366,338.9038391113281,16354400,0.0,0.0
2021-10-22 00:00:00-04:00,323.5091145151321,326.7605607564553,318.31470838122334,321.78424072265625,35224500,0.0,0.0
2021-10-25 00:00:00-04:00,317.51178604554,326.69118770503417,316.9368482389188,325.8287658691406,38409000,0.0,0.0
2021-10-26 00:00:00-04:00,325.40251785429393,327.3355250212981,306.90494887183974,313.0608825683594,65654000,0.0,0.0
2021-10-27 00:00:00-04:00,311.4549579442683,316.4709078935472,309.3434948931129,309.5021057128906,29971800,0.0,0.0
2021-10-28 00:00:00-04:00,310.2653517497801,322.6862744629049,305.42782825462723,314.1611633300781,50806800,0.0,0.0
2021-10-29 00:00:00-04:00,317.4026841198495,323.1621044820293,316.817823818655,320.7532653808594,37059400,0.0,0.0
2021-11-01 00:00:00-04:00,323.20180896504496,330.5473080610597,323.16214869712104,327.1075134277344,31518900,0.0,0.0
2021-11-02 00:00:00-04:00,328.4952901589308,331.875609206315,320.9812583023062,325.2239990234375,28353000,0.0,0.0
2021-11-03 00:00:00-04:00,324.6391926245561,329.25863099399135,320.38655881984874,328.7332458496094,20786500,0.0,0.0
2021-11-04 00:00:00-04:00,331.1024126520275,334.33401339052415,329.7542358838118,332.9263916015625,22495300,0.0,0.0
2021-11-05 00:00:00-04:00,337.34756183736033,343.77116361985196,336.6834112016594,338.1604309082031,26872800,0.0,0.0
2021-11-08 00:00:00-05:00,341.4217692170789,341.7885434537286,335.3946798762904,335.6722412109375,18342500,0.0,0.0
2021-11-09 00:00:00-05:00,337.04029263097436,338.33888663242817,331.55843261090627,332.4505920410156,17556700,0.0,0.0
2021-11-10 00:00:00-05:00,329.59562832992003,330.2895468537602,322.67640935822544,324.7878723144531,21872600,0.0,0.0
2021-11-11 00:00:00-05:00,326.94887310974923,329.56587577012334,324.15341438577855,324.886962890625,12376600,0.0,0.0
2021-11-12 00:00:00-05:00,327.30569668762257,338.884012227192,326.9091848338951,337.9224853515625,25414300,0.0,0.0
2021-11-15 00:00:00-05:00,341.3424835453799,350.57143667963453,340.2124230860424,344.5344543457031,25076600,0.0,0.0
2021-11-16 00:00:00-05:00,340.8368784244507,343.6323370262524,337.9026542813804,339.9744567871094,18181100,0.0,0.0
2021-11-17 00:00:00-05:00,341.2433529254867,344.2767129547134,337.1394076955589,337.8035583496094,13602800,0.0,0.0
2021-11-18 00:00:00-05:00,336.76273183814124,339.4788704029074,332.38119471540324,335.74169921875,17487200,0.0,0.0
2021-11-19 00:00:00-05:00,339.2211383258241,349.0349521165506,336.94114182774706,342.29412841796875,26488500,0.0,0.0
2021-11-22 00:00:00-05:00,346.01143112710747,350.7498189691129,337.5457954807086,338.04144287109375,27116800,0.0,0.0
2021-11-23 00:00:00-05:00,335.9795771756377,338.42807681771274,330.59685306534936,334.314208984375,17225000,0.0,0.0
2021-11-24 00:00:00-05:00,333.0750841949081,338.80476746889843,329.91285106468973,338.0910339355469,13566200,0.0,0.0
2021-11-26 00:00:00-05:00,332.8767861295948,334.8098231158565,329.0107424089883,330.2201232910156,14750700,0.0,0.0
2021-11-29 00:00:00-05:00,333.95731151284855,337.70440455498925,332.3910488261399,335.0873718261719,16650900,0.0,0.0
2021-11-30 00:00:00-05:00,332.08375357003285,332.88669992716825,320.61446562657216,321.635498046875,25390000,0.0,0.0
2021-12-01 00:00:00-05:00,327.41484165994666,327.6230051442653,307.58894119735874,307.896240234375,30329600,0.0,0.0
2021-12-02 00:00:00-05:00,308.6892060123132,311.8613615896398,304.52578585047945,307.6880187988281,24396200,0.0,0.0
2021-12-03 00:00:00-05:00,310.9989197788498,311.0187347836046,296.8927842794887,304.16888427734375,27471000,0.0,0.0
2021-12-06 00:00:00-05:00,305.4477322028446,317.31353452456125,303.67330568804266,315.1029357910156,21758300,0.0,0.0
2021-12-07 00:00:00-05:00,318.7706820353999,323.6974184932654,318.20563672841274,319.9998779296875,18794000,0.0,0.0
2021-12-08 00:00:00-05:00,322.1708369530798,329.85337229580705,320.25764508948055,327.68243408203125,19937700,0.0,0.0
2021-12-09 00:00:00-05:00,326.67129120994196,333.20392019867387,325.1446887738211,326.9488525390625,16879200,0.0,0.0
2021-12-10 00:00:00-05:00,329.6650838268253,332.11358384322307,323.5289649649201,326.8795471191406,14528000,0.0,0.0
2021-12-13 00:00:00-05:00,328.0689940504235,338.12070660759747,326.7208175233821,331.5781555175781,22948700,0.0,0.0
2021-12-14 00:00:00-05:00,325.194246965992,332.77767638581724,324.79773509646463,330.834716796875,20461000,0.0,0.0
2021-12-15 00:00:00-05:00,329.59563392577627,339.1318860901714,321.1597348390758,338.6858215332031,24681300,0.0,0.0
2021-12-16 00:00:00-05:00,336.02911882514184,341.46139491344286,330.8347135539258,331.984619140625,22635000,0.0,0.0
2021-12-17 00:00:00-05:00,329.90296626812994,334.1754453286551,327.870823604307,330.8843688964844,40012600,0.0,0.0
2021-12-20 00:00:00-05:00,326.90923704607127,327.02818759599614,319.722348886216,322.616943359375,17901800,0.0,0.0
2021-12-21 00:00:00-05:00,323.5686054604087,333.0751209060378,320.9317571230052,331.2908020019531,16116800,0.0,0.0
2021-12-22 00:00:00-05:00,330.89420831620754,331.5980494399973,325.40245663710306,327.5733947753906,16764600,0.0,0.0
2021-12-23 00:00:00-05:00,327.22650593968996,333.7393217559614,325.50163196090665,332.3217468261719,13987700,0.0,0.0
2021-12-27 00:00:00-05:00,335.90026495348917,344.841733582663,335.06758091224634,343.16644287109375,17795000,0.0,0.0
2021-12-28 00:00:00-05:00,343.61255025505903,349.6396098349676,342.19500583233264,343.20611572265625,16637600,0.0,0.0
2021-12-29 00:00:00-05:00,343.8901234286759,346.6459220889968,338.66601010462034,339.9546813964844,10747000,0.0,0.0
2021-12-30 00:00:00-05:00,341.0054225509634,344.2073157522339,340.2322137913024,341.3622741699219,10593300,0.0,0.0
2021-12-31 00:00:00-05:00,340.03397839408666,340.4503355784657,333.3427375694343,333.42205810546875,12870500,0.0,0.0
2022-01-03 00:00:00-05:00,335.3550557110125,338.1108543487535,334.2547328826255,335.5929870605469,14537900,0.0,0.0
2022-01-04 00:00:00-05:00,336.9907364863114,340.10338695496097,328.9810562034639,333.6004943847656,15998000,0.0,0.0
2022-01-05 00:00:00-05:00,330.1210192265055,332.8371878445383,321.0209392355223,321.34808349609375,20564500,0.0,0.0
2022-01-06 00:00:00-05:00,320.00985016827264,336.2175290132258,319.9107146206738,329.56591796875,27962800,0.0,0.0
2022-01-07 00:00:00-05:00,329.8434453738167,334.0663712007667,326.01706169641426,328.9017333984375,14722000,0.0,0.0
2022-01-10 00:00:00-05:00,322.4781581002386,325.4817805917903,312.6841591437298,325.2141418457031,24942400,0.0,0.0
2022-01-11 00:00:00-05:00,323.9353346411827,331.71700537861085,322.4483923442952,331.4592590332031,16226800,0.0,0.0
2022-01-12 00:00:00-05:00,332.2622170190989,333.44186036917864,327.15705433912973,330.35894775390625,14104900,0.0,0.0
2022-01-13 00:00:00-05:00,332.0640079361479,332.70834363177676,322.9242668826204,323.63800048828125,14797100,0.0,0.0
2022-01-14 00:00:00-05:00,318.98882533095343,329.8335950106645,318.41385729202096,329.01080322265625,16868500,0.0,0.0
2022-01-18 00:00:00-05:00,320.4757328930127,321.38770724912837,314.8749228247817,315.3804626464844,22645600,0.0,0.0
2022-01-19 00:00:00-05:00,316.7979997340146,324.25255648211686,316.5501760176956,316.80792236328125,20814700,0.0,0.0
2022-01-20 00:00:00-05:00,321.080391235349,324.966280302167,313.22935307761765,313.8042907714844,16925000,0.0,0.0
2022-01-21 00:00:00-05:00,312.0695088375882,315.5390405849981,300.40198010913116,300.5308532714844,28710700,0.0,0.0
2022-01-24 00:00:00-05:00,295.24724373871493,306.83548253324034,286.4941238429113,306.0226135253906,38878100,0.0,0.0
2022-01-25 00:00:00-05:00,297.33896007040755,303.5642917266394,294.9895654082896,297.5372009277344,25108500,0.0,0.0
2022-01-26 00:00:00-05:00,304.3374833497139,304.83313084274204,288.3181527448159,292.06524658203125,28348800,0.0,0.0
2022-01-27 00:00:00-05:00,295.15804679430795,299.08356599902004,291.69843738739166,292.07513427734375,21629900,0.0,0.0
2022-01-28 00:00:00-05:00,293.0466349983478,299.2719666418896,290.4791844739812,299.0836181640625,21871600,0.0,0.0
2022-01-31 00:00:00-05:00,298.0625437346582,311.0584356248489,296.7143971894849,310.5330505371094,21579500,0.0,0.0
2022-02-01 00:00:00-05:00,311.82167138960386,316.8772806203968,309.40290980078396,316.2230224609375,18023800,0.0,0.0
2022-02-02 00:00:00-05:00,324.96631177071333,325.1447375979586,314.11162016781816,320.1882629394531,58458300,0.0,0.0
2022-02-03 00:00:00-05:00,242.52029856192772,245.8411426276449,233.6977797357552,235.69027709960938,188119900,0.0,0.0
2022-02-04 00:00:00-05:00,232.92455228605658,240.49804434059385,228.10685870647143,235.02609252929688,89342200,0.0,0.0
2022-02-07 00:00:00-05:00,235.6307879297406,236.22557090302277,222.05995871878767,222.95213317871094,88613800,0.0,0.0
2022-02-08 00:00:00-05:00,218.92748656351395,223.8046556975706,214.26838839341522,218.2633056640625,94729700,0.0,0.0
2022-02-09 00:00:00-05:00,222.24830477510113,231.3384768338874,220.27563768264372,229.98040771484375,86563300,0.0,0.0
2022-02-10 00:00:00-05:00,226.28288119030293,232.9542913411008,224.72654100471263,226.08462524414062,49310400,0.0,0.0
2022-02-11 00:00:00-05:00,226.47125083503389,228.41418046566048,216.8656003535109,217.63880920410156,46156900,0.0,0.0
2022-02-14 00:00:00-05:00,217.40088654976037,219.07617738521267,212.91032177090045,215.80490112304688,38184000,0.0,0.0
2022-02-15 00:00:00-05:00,218.55078679053494,219.22486005892043,213.18787777639622,219.076171875,42685500,0.0,0.0
2022-02-16 00:00:00-05:00,210.5609609793981,215.56700343123342,210.51139320740756,214.65499877929688,45817500,0.0,0.0
2022-02-17 00:00:00-05:00,212.15693913832794,215.60664116164554,205.35665550630617,205.90187072753906,38747500,0.0,0.0
2022-02-18 00:00:00-05:00,207.56723467799455,208.91539632217007,203.39387657053754,204.3653564453125,37128400,0.0,0.0
2022-02-22 00:00:00-05:00,200.57862358467415,205.6738792012657,198.31847222951438,200.32089233398438,39852400,0.0,0.0
2022-02-23 00:00:00-05:00,202.38277377288952,205.13857243054682,196.32596122833482,196.72247314453125,44481400,0.0,0.0
2022-02-24 00:00:00-05:00,189.3967909321892,206.53628729690607,188.56410689144704,205.79281616210938,49957200,0.0,0.0
2022-02-25 00:00:00-05:00,203.15596878731102,209.48043476464565,201.4112801723448,208.64773559570312,37627600,0.0,0.0
2022-02-28 00:00:00-05:00,205.87210364692402,211.29448759324586,205.02951211449042,209.1929473876953,34239800,0.0,0.0
2022-03-01 00:00:00-05:00,208.04303262444745,209.90667166894585,200.4596335354331,201.7185821533203,27094900,0.0,0.0
2022-03-02 00:00:00-05:00,202.99735671935014,207.32931034252405,200.2613883982864,206.29837036132812,29452100,0.0,0.0
2022-03-03 00:00:00-05:00,207.20043068147,207.25990594568566,199.66658461103572,201.20309448242188,27263500,0.0,0.0
2022-03-04 00:00:00-05:00,200.60835511137336,204.09771758664783,197.05951735897975,198.31846618652344,32130900,0.0,0.0
2022-03-07 00:00:00-05:00,199.04209884176245,199.14123438340457,185.64971001813566,185.8380584716797,38560600,0.0,0.0
2022-03-08 00:00:00-05:00,186.2147523045471,194.9877030604823,184.48989373978588,188.6334991455078,37508100,0.0,0.0
2022-03-09 00:00:00-05:00,194.03608031442005,197.36683197473633,192.2319162323501,196.7720489501953,31894700,0.0,0.0
2022-03-10 00:00:00-05:00,193.1438917592487,194.57135881377323,189.40672093356542,193.51068115234375,24853000,0.0,0.0
2022-03-11 00:00:00-05:00,190.96303363699852,191.8750230568434,185.0450023478886,185.97682189941406,34694500,0.0,0.0
2022-03-14 00:00:00-04:00,185.40186770987287,190.616072982161,184.2024094563913,185.00535583496094,31010500,0.0,0.0
2022-03-15 00:00:00-04:00,189.13907936744985,190.6061916572676,184.2916476700059,190.35836791992188,31721700,0.0,0.0
2022-03-16 00:00:00-04:00,193.00509059122,201.9564812422435,192.82666479132567,201.85736083984375,40640300,0.0,0.0
2022-03-17 00:00:00-04:00,199.9441958450524,206.2290024321611,199.35933543297546,206.03074645996094,29499700,0.0,0.0
2022-03-18 00:00:00-04:00,204.90063812727288,214.91272195046668,204.20673477217082,214.6054229736328,52128000,0.0,0.0
2022-03-21 00:00:00-04:00,212.632763871021,212.84094246310048,205.82257249783686,209.6489715576172,30142300,0.0,0.0
2022-03-22 00:00:00-04:00,209.52998723836356,217.5495740565906,208.3503439487697,214.76402282714844,31998800,0.0,0.0
2022-03-23 00:00:00-04:00,211.47293346902381,214.91272782980164,210.3131203024904,211.601806640625,23717300,0.0,0.0
2022-03-24 00:00:00-04:00,213.12842031892166,218.74906103035653,212.92024171807105,217.6586456298828,31502300,0.0,0.0
2022-03-25 00:00:00-04:00,218.5903987467705,223.5369649690353,216.98450610038137,219.88900756835938,40039000,0.0,0.0
2022-03-28 00:00:00-04:00,220.19633368710993,222.08969538769563,217.6288684853834,221.64361572265625,26224100,0.0,0.0
2022-03-29 00:00:00-04:00,224.10202339948714,228.88005648497796,223.3287995371799,227.85902404785156,31417900,0.0,0.0
2022-03-30 00:00:00-04:00,226.91733212338818,229.13782314534063,224.73648624427318,225.86656188964844,25588000,0.0,0.0
2022-03-31 00:00:00-04:00,226.46131389627396,226.50097416228894,220.3251961259612,220.42433166503906,24192300,0.0,0.0
2022-04-01 00:00:00-04:00,222.59526293695754,225.30149365853208,220.7613614029989,222.8926544189453,19544800,0.0,0.0
2022-04-04 00:00:00-04:00,224.01281202415882,232.3099604286333,223.89386147924975,231.8539581298828,28054800,0.0,0.0
2022-04-05 00:00:00-04:00,232.0422984945777,234.7980969460223,229.00893869737314,229.82179260253906,29727200,0.0,0.0
2022-04-06 00:00:00-04:00,224.93474611442295,226.99664147485188,219.48262375902627,221.35617065429688,28995100,0.0,0.0
2022-04-07 00:00:00-04:00,221.98065051757655,223.5568208391309,216.6574019650015,221.00918579101562,21037200,0.0,0.0
2022-04-08 00:00:00-04:00,220.44419057874475,223.17025187373847,218.11464123991095,220.39462280273438,18375700,0.0,0.0
2022-04-11 00:00:00-04:00,216.51862836918798,218.6895666015548,213.34648774183083,214.57569885253906,20516600,0.0,0.0
2022-04-12 00:00:00-04:00,218.3227835510992,220.09719467995484,211.27467655152802,212.27587890625,20128800,0.0,0.0
2022-04-13 00:00:00-04:00,209.97611171634134,214.72440805564824,209.4903717266493,213.11851501464844,19231800,0.0,0.0
2022-04-14 00:00:00-04:00,213.01933153869314,213.11846706561946,208.17190074076785,208.35032653808594,18379500,0.0,0.0
2022-04-18 00:00:00-04:00,208.17194034933556,211.5225221343132,206.4867419526521,208.93524169921875,16580800,0.0,0.0
2022-04-19 00:00:00-04:00,208.68740356630022,216.52853461621248,207.1806311048147,215.4182891845703,20089900,0.0,0.0
2022-04-20 00:00:00-04:00,211.75052199547486,212.29573726150196,197.18839627011295,198.6753387451172,43036500,0.0,0.0
2022-04-21 00:00:00-04:00,199.84503264434116,201.20310164547175,183.96448611723164,186.4328155517578,49954100,0.0,0.0
2022-04-22 00:00:00-04:00,188.71280973536275,191.04235885583572,181.67462485450002,182.50730895996094,36426800,0.0,0.0
2022-04-25 00:00:00-04:00,181.139302675937,185.55056170817895,180.07862505796282,185.3622283935547,29281100,0.0,0.0
2022-04-26 00:00:00-04:00,185.00536429800306,185.56048699865713,177.93742711598594,179.3748016357422,31747400,0.0,0.0
2022-04-27 00:00:00-04:00,172.91157012244597,179.6325637703488,167.5288458276173,173.4270477294922,71062900,0.0,0.0
2022-04-28 00:00:00-04:00,201.1535507830585,206.7147155418311,191.22077206999722,203.9390869140625,100890600,0.0,0.0
2022-04-29 00:00:00-04:00,202.6801871394876,210.63036233645147,198.1598691269825,198.72491455078125,49193400,0.0,0.0
2022-05-02 00:00:00-04:00,199.418809587904,210.03558549384303,199.24038375171799,209.2921142578125,49915300,0.0,0.0
2022-05-03 00:00:00-04:00,208.61800216969073,213.02926131184137,206.27854567365722,210.1842498779297,41556300,0.0,0.0
2022-05-04 00:00:00-04:00,208.81623346786517,222.34741590885193,205.158368538624,221.4651641845703,41375900,0.0,0.0
2022-05-05 00:00:00-04:00,216.83583912776692,218.25338349099627,204.36534820355035,206.46688842773438,41129200,0.0,0.0
2022-05-06 00:00:00-04:00,205.53508504215011,207.55733514909008,199.27010901448142,201.9961700439453,34747200,0.0,0.0
2022-05-09 00:00:00-04:00,198.10035838901905,200.80660420921586,193.8774477905192,194.50196838378906,36303200,0.0,0.0
2022-05-10 00:00:00-04:00,197.7732217905714,201.19320098052617,192.4995412750609,195.92941284179688,34452500,0.0,0.0
2022-05-11 00:00:00-04:00,194.62094046425895,198.9231569416904,186.63110554161176,187.09701538085938,31153400,0.0,0.0
2022-05-12 00:00:00-04:00,185.43163548920708,196.32597270309722,183.17148415767517,189.57525634765625,38262200,0.0,0.0
2022-05-13 00:00:00-04:00,190.90356178395524,198.14992463211743,189.61487546891254,196.89097595214844,24549800,0.0,0.0
2022-05-16 00:00:00-04:00,195.33468265201552,203.58224918131478,194.22442196706197,198.29864501953125,27112600,0.0,0.0
2022-05-17 00:00:00-04:00,200.36052319724772,203.67145970606575,196.63325976558357,200.85617065429688,24872700,0.0,0.0
2022-05-18 00:00:00-04:00,198.25897094773953,199.25026580247822,189.96183785388354,190.5665283203125,23960000,0.0,0.0
2022-05-19 00:00:00-04:00,189.5355887217403,193.58998137940185,187.94952589985266,189.6248016357422,24446900,0.0,0.0
2022-05-20 00:00:00-04:00,193.2727689309171,196.1871783731729,186.23456905164684,191.85520935058594,31465600,0.0,0.0
2022-05-23 00:00:00-04:00,193.49083435582054,195.27516802030826,189.57522292255692,194.5217742919922,25059200,0.0,0.0
2022-05-24 00:00:00-04:00,178.97829378660447,182.08103647842762,174.57694209488812,179.70193481445312,50406300,0.0,0.0
2022-05-25 00:00:00-04:00,178.82960205945918,183.83564455779268,177.75901682951374,182.22975158691406,28030200,0.0,0.0
2022-05-26 00:00:00-04:00,181.28800779348728,191.15138856851496,180.67339469817318,189.9618377685547,23056500,0.0,0.0
2022-05-27 00:00:00-04:00,189.69421013206528,193.62965245743428,188.14779236585744,193.431396484375,22562700,0.0,0.0
2022-05-31 00:00:00-04:00,193.19347969749913,195.87989577167042,190.3385452904036,191.95436096191406,26131100,0.0,0.0
2022-06-01 00:00:00-04:00,194.79933366482274,197.79304816477324,183.38953608152775,186.9978485107422,36623500,0.0,0.0
2022-06-02 00:00:00-04:00,186.8094936948901,199.1907706394857,186.09576026067737,197.12887573242188,31951600,0.0,0.0
2022-06-03 00:00:00-04:00,194.2739780991515,194.89849875163702,188.12795249655804,189.11924743652344,19465000,0.0,0.0
2022-06-06 00:00:00-04:00,192.30132026201116,195.20580731781783,186.7599697806363,192.55905151367188,30574200,0.0,0.0
2022-06-07 00:00:00-04:00,190.25920522456,194.81916739139774,189.8230482148781,193.9468231201172,18828700,0.0,0.0
2022-06-08 00:00:00-04:00,192.9753554461062,200.27128572414287,192.71762424539412,194.92820739746094,22267200,0.0,0.0
2022-06-09 00:00:00-04:00,192.58878046517898,197.71377350934452,182.08104801085352,182.3982696533203,23501600,0.0,0.0
2022-06-10 00:00:00-04:00,181.44658382014677,181.506074210766,173.49641084056702,174.0416259765625,27450800,0.0,0.0
2022-06-13 00:00:00-04:00,169.1049918602242,171.0776741390652,162.60209979408089,162.83009338378906,31749300,0.0,0.0
2022-06-14 00:00:00-04:00,164.58469942902533,165.2984330034951,159.9553538250922,162.30471801757812,27244300,0.0,0.0
2022-06-15 00:00:00-04:00,165.74448533100573,170.6613141290513,162.55251490737075,167.8757781982422,30008300,0.0,0.0
2022-06-16 00:00:00-04:00,162.29478545665458,163.64294698629192,158.22056323389432,159.46958923339844,26944100,0.0,0.0
2022-06-17 00:00:00-04:00,160.27254091529267,164.45580630957073,158.5080373272939,162.3146209716797,31374200,0.0,0.0
2022-06-21 00:00:00-04:00,164.4855494298019,166.2996208450085,154.61226106049688,155.682861328125,50724900,0.0,0.0
2022-06-22 00:00:00-04:00,157.00129154437553,159.39030076437285,154.08688211001586,154.49331665039062,47267800,0.0,0.0
2022-06-23 00:00:00-04:00,154.90965026115896,158.3593520998016,152.90723043126386,157.36805725097656,40499200,0.0,0.0
2022-06-24 00:00:00-04:00,160.32211769945533,168.76795436460003,159.8958681588776,168.67874145507812,68736000,0.0,0.0
2022-06-27 00:00:00-04:00,169.8286435619368,170.25489309350084,166.54744485240766,168.0145721435547,29174600,0.0,0.0
2022-06-28 00:00:00-04:00,168.42098977082756,169.8088116430463,159.21186722566654,159.28125,27744500,0.0,0.0
2022-06-29 00:00:00-04:00,162.1461193919892,164.8820879607232,158.92441086091708,162.5128936767578,28595200,0.0,0.0
2022-06-30 00:00:00-04:00,160.7384422088374,163.7916319403162,157.11031481693823,159.84628295898438,35250600,0.0,0.0
2022-07-01 00:00:00-04:00,158.9144784682679,159.2217774583534,153.6507051194892,158.6369171142578,31423900,0.0,0.0
2022-07-05 00:00:00-04:00,156.76336002821185,166.78535112270356,155.65311468571062,166.7258758544922,28618600,0.0,0.0
2022-07-06 00:00:00-04:00,166.7357893546175,170.09627826306044,164.01965116887757,168.29212951660156,23085900,0.0,0.0
2022-07-07 00:00:00-04:00,167.9749321123274,171.21647094718156,166.3194713031898,170.6910858154297,24083400,0.0,0.0
2022-07-08 00:00:00-04:00,168.50028168128424,170.89921322255273,166.68621042725124,169.3924560546875,19249200,0.0,0.0
2022-07-11 00:00:00-04:00,165.61564033062461,166.0319823587457,160.50055519777845,161.4621124267578,21885600,0.0,0.0
2022-07-12 00:00:00-04:00,163.3654043690906,164.46574232541377,160.68891113440077,161.84872436523438,16639700,0.0,0.0
2022-07-13 00:00:00-04:00,158.7657892618441,163.54382264724677,158.2205740607195,162.06680297851562,16555100,0.0,0.0
2022-07-14 00:00:00-04:00,159.8165513084792,161.1746203649273,155.91084731663682,156.6741485595703,23765200,0.0,0.0
2022-07-15 00:00:00-04:00,159.14247548359506,163.54382722913314,158.42875707644262,163.26626586914062,23342800,0.0,0.0
2022-07-18 00:00:00-04:00,165.2983984566934,170.19539690908684,164.1980606865161,165.7742156982422,23574300,0.0,0.0
2022-07-19 00:00:00-04:00,168.88692262653726,174.95365825172885,168.0344083299951,174.2498321533203,25933700,0.0,0.0
2022-07-20 00:00:00-04:00,175.94495755629953,182.00177069949746,175.1618260243624,181.49620056152344,24784300,0.0,0.0
2022-07-21 00:00:00-04:00,179.05758778878263,182.24955831234044,177.31289922875095,181.57546997070312,27195800,0.0,0.0
2022-07-22 00:00:00-04:00,171.5634172107559,174.0713921211751,166.94397930324826,167.79649353027344,42583900,0.0,0.0
2022-07-25 00:00:00-04:00,167.52884419406948,169.08518450414397,163.37531599182617,165.1992950439453,26166300,0.0,0.0
2022-07-26 00:00:00-04:00,164.49545685595962,164.55493212211556,156.5750061837732,157.76455688476562,28468400,0.0,0.0
2022-07-27 00:00:00-04:00,161.17463351463593,169.38255404365438,160.60960328940018,168.10379028320312,43846600,0.0,0.0
2022-07-28 00:00:00-04:00,159.6579594985726,160.1040391932578,153.50202643480458,159.3209228515625,73214300,0.0,0.0
2022-07-29 00:00:00-04:00,156.3172822730475,158.74595155199424,153.8192150963796,157.7150115966797,42065400,0.0,0.0
2022-08-01 00:00:00-04:00,155.88111777957656,163.7520014408737,153.87869791368956,158.53778076171875,40596700,0.0,0.0
2022-08-02 00:00:00-04:00,156.93190805660169,160.827705247941,156.63451653325376,158.79554748535156,27374500,0.0,0.0
2022-08-03 00:00:00-04:00,161.2737692383806,168.06413020831988,160.16352379387357,167.33058166503906,31721900,0.0,0.0
2022-08-04 00:00:00-04:00,166.83493095275554,170.65140715656858,165.34798863611059,169.08517456054688,23938200,0.0,0.0
2022-08-05 00:00:00-04:00,165.53632290266512,170.1161000053061,164.35667967902532,165.6552734375,25832700,0.0,0.0
2022-08-08 00:00:00-04:00,166.5375610889317,175.9647711552269,165.67513927360025,168.76797485351562,27299100,0.0,0.0
2022-08-09 00:00:00-04:00,167.47926928638472,168.05422213991784,165.14973536147394,167.06292724609375,18655100,0.0,0.0
2022-08-10 00:00:00-04:00,174.4579875213586,178.90889175358808,172.43573754030913,176.7875213623047,30262100,0.0,0.0
2022-08-11 00:00:00-04:00,178.14560684060112,181.50609582783787,174.8346704958459,175.94493103027344,24079100,0.0,0.0
2022-08-12 00:00:00-04:00,179.23602518954743,179.8803759384062,177.35257096418084,178.92872619628906,21274000,0.0,0.0
2022-08-15 00:00:00-04:00,177.4021310965874,179.86053806278343,176.64873733810558,179.31532287597656,15878700,0.0,0.0
2022-08-16 00:00:00-04:00,177.87797720382963,179.4144874788809,175.4988601284712,177.90771484375,21156700,0.0,0.0
2022-08-17 00:00:00-04:00,175.2212730535076,176.5892647931606,172.65382301032733,173.32791137695312,20118100,0.0,0.0
2022-08-18 00:00:00-04:00,172.8223200510854,174.22995675626117,170.36391334950784,173.13954162597656,18844500,0.0,0.0
2022-08-19 00:00:00-04:00,168.71838513218586,170.81994055822395,165.59581231831734,166.49789428710938,26240800,0.0,0.0
2022-08-22 00:00:00-04:00,164.04940786700593,164.04940786700593,160.84751426544375,161.63064575195312,19499700,0.0,0.0
2022-08-23 00:00:00-04:00,161.06558868342577,163.61322379839797,159.30108499815987,159.70751953125,18111800,0.0,0.0
2022-08-24 00:00:00-04:00,159.20197311267086,164.01966711697898,158.3791964989149,161.83880615234375,20891500,0.0,0.0
2022-08-25 00:00:00-04:00,163.74209262665752,167.409896043459,162.59220198006366,167.31076049804688,15550500,0.0,0.0
2022-08-26 00:00:00-04:00,167.01336169441478,169.43212368762408,160.26264579796614,160.37168884277344,24023600,0.0,0.0
2022-08-29 00:00:00-04:00,159.26141262320422,161.63060638822202,157.6257672670474,157.7843780517578,20052700,0.0,0.0
2022-08-30 00:00:00-04:00,158.95416473052475,160.25275880473308,154.55281236001338,155.79193115234375,19567900,0.0,0.0
2022-08-31 00:00:00-04:00,165.61564843587365,166.3789346284713,160.72855664749912,161.5116729736328,40953000,0.0,0.0
2022-09-01 00:00:00-04:00,162.15601334520824,165.9031066673711,158.95413521562654,163.92051696777344,30145700,0.0,0.0
2022-09-02 00:00:00-04:00,165.99233041397824,166.46814773768705,157.83397750261,158.92440795898438,22634200,0.0,0.0
2022-09-06 00:00:00-04:00,158.70631429044778,160.2824694990789,156.31729003024532,157.15988159179688,19339800,0.0,0.0
2022-09-07 00:00:00-04:00,156.38667922477052,159.55883503081463,155.44495208745863,158.99378967285156,16831200,0.0,0.0
2022-09-08 00:00:00-04:00,157.3284174354753,160.8177645307071,156.36686018950508,160.6492462158203,22530800,0.0,0.0
2022-09-09 00:00:00-04:00,161.82888708531772,168.06412514515839,161.60089350110928,167.67752075195312,22086800,0.0,0.0
2022-09-12 00:00:00-04:00,165.93284137140463,169.89802070055077,165.82379833481477,167.4891815185547,23220400,0.0,0.0
2022-09-13 00:00:00-04:00,160.13377591386535,160.22300395305948,151.3409947482943,151.7969970703125,44444100,0.0,0.0
2022-09-14 00:00:00-04:00,151.99522175443428,152.20338517581285,147.75248154834776,150.1514129638672,43064200,0.0,0.0
2022-09-15 00:00:00-04:00,148.49596212449558,152.85765313710925,147.40553180836312,148.24813842773438,34606300,0.0,0.0
2022-09-16 00:00:00-04:00,146.7611985428687,147.28658357814408,143.0339204046636,145.01651000976562,40122800,0.0,0.0
2022-09-19 00:00:00-04:00,143.97566223661408,147.28658323928715,143.83688156961458,146.73146057128906,22169500,0.0,0.0
2022-09-20 00:00:00-04:00,144.51096882445577,147.54432878807003,143.9558461024819,144.81826782226562,23217400,0.0,0.0
2022-09-21 00:00:00-04:00,145.11567697669463,148.29774063763287,140.7638924558105,140.88284301757812,38338600,0.0,0.0
2022-09-22 00:00:00-04:00,140.31781801307898,143.32144081863817,139.64372951040622,141.57676696777344,34418500,0.0,0.0
2022-09-23 00:00:00-04:00,140.188915976952,141.37846677265173,137.68094121464907,139.18771362304688,31710700,0.0,0.0
2022-09-26 00:00:00-04:00,138.90023234956038,141.00178775969545,135.0044507707675,135.18287658691406,30497000,0.0,0.0
2022-09-27 00:00:00-04:00,136.71938846907756,138.2063307938041,132.95246488791165,133.2300262451172,30826500,0.0,0.0
2022-09-28 00:00:00-04:00,133.44811665633205,140.79361560887784,133.10117251155577,140.3772735595703,32658500,0.0,0.0
2022-09-29 00:00:00-04:00,138.14685096331397,138.6226682562599,134.0230607552248,135.2225341796875,38985400,0.0,0.0
2022-09-30 00:00:00-04:00,134.86564490989477,139.76264307360117,134.32042980799207,134.4988555908203,33166400,0.0,0.0
2022-10-03 00:00:00-04:00,135.94617669127948,138.40458371235383,134.9152366908158,137.40338134765625,27723100,0.0,0.0
2022-10-04 00:00:00-04:00,139.26703174250054,141.15048608050412,138.12703348447909,139.05885314941406,34670700,0.0,0.0
2022-10-05 00:00:00-04:00,137.03660833682997,138.9894604417,133.60672142963895,137.77015686035156,27979300,0.0,0.0
2022-10-06 00:00:00-04:00,136.5211360812192,140.2186618566196,135.41089062341658,137.85939025878906,36231100,0.0,0.0
2022-10-07 00:00:00-04:00,135.5694675770126,137.08614736813666,131.28708202735578,132.2882843017578,33214800,0.0,0.0
2022-10-10 00:00:00-04:00,132.3874193707211,134.92513155816465,130.72203629398763,132.6253204345703,24024000,0.0,0.0
2022-10-11 00:00:00-04:00,130.4742179650908,131.50517303734162,125.88452572051676,127.42102813720703,38481400,0.0,0.0
2022-10-12 00:00:00-04:00,127.20296764266038,128.5412066696093,125.15097995832855,126.39009857177734,34605200,0.0,0.0
2022-10-13 00:00:00-04:00,122.45465933191532,129.99841422113215,121.46336441940831,129.1558074951172,34325700,0.0,0.0
2022-10-14 00:00:00-04:00,129.8596280507722,130.6427443431372,125.41862370269885,125.65653991699219,23559400,0.0,0.0
2022-10-17 00:00:00-04:00,129.16575033193752,133.61665550479273,129.04678463817254,132.87318420410156,29612200,0.0,0.0
2022-10-18 00:00:00-04:00,135.89659941870124,136.6400705127759,130.25612963150132,131.64395141601562,25445000,0.0,0.0
2022-10-19 00:00:00-04:00,131.73318429706333,135.80740711556882,131.06901850073749,132.07022094726562,30691000,0.0,0.0
2022-10-20 00:00:00-04:00,131.77280107717593,135.57938433260037,130.16690845636006,130.38499450683594,26356300,0.0,0.0
2022-10-21 00:00:00-04:00,125.21044703283174,128.987277899163,124.3480253746499,128.87823486328125,46348600,0.0,0.0
2022-10-24 00:00:00-04:00,126.14225997579203,132.31802218177478,123.48558967928369,128.59075927734375,63563400,0.0,0.0
2022-10-25 00:00:00-04:00,129.740668266427,137.1456416326247,129.45318430388568,136.3129425048828,38433200,0.0,0.0
2022-10-26 00:00:00-04:00,130.53370487759855,134.37002641761245,127.411132000014,128.68991088867188,82791500,0.0,0.0
2022-10-27 00:00:00-04:00,97.12707030310553,101.60771958540467,95.54099253236453,97.08741760253906,232316600,0.0,0.0
2022-10-28 00:00:00-04:00,98.71314556260309,99.97208672735346,96.66116547189773,98.3364486694336,95928300,0.0,0.0
2022-10-31 00:00:00-04:00,97.36498697989708,98.45540986504903,91.7939068796394,92.34903717041016,121361400,0.0,0.0
2022-11-01 00:00:00-04:00,93.50883996407636,96.64132758810362,92.7356312329234,94.37126159667969,110189600,0.0,0.0
2022-11-02 00:00:00-04:00,93.38988111321918,94.37126083616003,89.69235578753322,89.7518310546875,71821100,0.0,0.0
2022-11-03 00:00:00-04:00,89.2958298485177,89.67251911799346,87.64036948761363,88.13601684570312,60664000,0.0,0.0
2022-11-04 00:00:00-04:00,89.56348454083917,90.59443205045059,87.32315615335703,89.9996566772461,55638100,0.0,0.0
2022-11-07 00:00:00-05:00,93.95492959844655,96.0366473799833,92.28955386062118,95.87804412841797,81987300,0.0,0.0
2022-11-08 00:00:00-05:00,95.08500329540075,96.94864251443767,93.96484280107093,95.63021850585938,52088300,0.0,0.0
2022-11-09 00:00:00-05:00,100.83452417856167,103.98684244254157,99.86305179354484,100.58670043945312,107677300,0.0,0.0
2022-11-10 00:00:00-05:00,106.18751313338271,111.76850073569403,103.69936079981403,110.89616394042969,80671000,0.0,0.0
2022-11-11 00:00:00-05:00,108.27914699531694,113.89978735355452,107.86279738275933,112.03614807128906,59961700,0.0,0.0
2022-11-14 00:00:00-05:00,110.02382205922324,115.25785807460645,109.83548116552747,113.2257080078125,53395000,0.0,0.0
2022-11-15 00:00:00-05:00,115.05961145592325,117.70636731630577,113.4140656728206,116.06082153320312,50670500,0.0,0.0
2022-11-16 00:00:00-05:00,113.50327262811443,115.06952047600194,111.67929353663554,112.24433135986328,33287800,0.0,0.0
2022-11-17 00:00:00-05:00,109.44887259042972,111.35215696681517,108.84418210163332,110.47981262207031,35093800,0.0,0.0
2022-11-18 00:00:00-05:00,112.80936635172509,113.32483638895054,109.65704816363142,111.07460021972656,33357700,0.0,0.0
2022-11-21 00:00:00-05:00,110.54920157215746,111.39180826964389,108.23949025208182,108.90365600585938,24351100,0.0,0.0
2022-11-22 00:00:00-05:00,108.90366938115325,110.64835070000723,107.37707417252861,110.46991729736328,29029000,0.0,0.0
2022-11-23 00:00:00-05:00,110.74746942359464,111.68919657028627,109.7660895726345,111.262939453125,21343100,0.0,0.0
2022-11-25 00:00:00-05:00,110.33111962036043,111.74867155568367,110.05355070998553,110.4401626586914,12007600,0.0,0.0
2022-11-28 00:00:00-05:00,109.8156510772126,111.06468480598609,107.43654173387552,107.83306121826172,23309400,0.0,0.0
2022-11-29 00:00:00-05:00,108.58643888708252,109.97425319109101,107.59514403607353,108.50713348388672,23899200,0.0,0.0
2022-11-30 00:00:00-05:00,108.55669594886484,117.13139750383256,108.42782278422197,117.07191467285156,43348600,0.0,0.0
2022-12-01 00:00:00-05:00,118.16235226083045,120.14494211462276,117.36932085710157,119.39156341552734,36551400,0.0,0.0
2022-12-02 00:00:00-05:00,116.80427590530408,122.96021611715648,116.58618982465244,122.41500091552734,39950500,0.0,0.0
2022-12-05 00:00:00-05:00,120.69015408971502,123.58473338295278,120.29363461707071,121.3642349243164,35474900,0.0,0.0
2022-12-06 00:00:00-05:00,118.86617779381996,119.50060593921687,112.74988237378976,113.12657928466797,43689200,0.0,0.0
2022-12-07 00:00:00-05:00,112.76969124374791,114.87123124299293,111.89734703608065,112.9382095336914,29461100,0.0,0.0
2022-12-08 00:00:00-05:00,115.3768046454245,116.3185317086247,113.59247092643747,114.32603454589844,30619400,0.0,0.0
2022-12-09 00:00:00-05:00,114.29630732414842,116.51680582776,112.8787552857445,114.89108276367188,26033400,0.0,0.0
2022-12-12 00:00:00-05:00,114.17733554806748,114.71263564847612,112.15509324529451,113.71142578125,24747100,0.0,0.0
2022-12-13 00:00:00-05:00,121.06684756358977,122.22666838420444,117.60723036165444,119.10408782958984,44701100,0.0,0.0
2022-12-14 00:00:00-05:00,118.35069422268502,123.05934486705796,118.35069422268502,120.53153991699219,36922000,0.0,0.0
2022-12-15 00:00:00-05:00,117.29993942289329,117.59732338575841,113.01754531600153,115.138916015625,34531000,0.0,0.0
2022-12-16 00:00:00-05:00,119.1833892878749,122.2365718354215,117.78565984708287,118.39035034179688,67064000,0.0,0.0
2022-12-19 00:00:00-05:00,115.81299351734927,116.77455085129131,113.3347560847071,113.48345184326172,29769900,0.0,0.0
2022-12-20 00:00:00-05:00,112.2740557377687,116.30862543554926,111.48101684028215,116.07070922851562,28742500,0.0,0.0
2022-12-21 00:00:00-05:00,115.68410100799696,119.29241350219432,114.61350836378021,118.71746826171875,20392800,0.0,0.0
2022-12-22 00:00:00-05:00,116.17974644378964,117.5873907944349,113.38429543656028,116.10044860839844,23618100,0.0,0.0
2022-12-23 00:00:00-05:00,115.0199538001518,117.15123949159809,114.53422138400184,117.01245880126953,17796600,0.0,0.0
2022-12-27 00:00:00-05:00,116.9034038330725,117.56756957808179,115.03977220793341,115.86254119873047,21392300,0.0,0.0
2022-12-28 00:00:00-05:00,115.23802314751119,117.1214848233782,114.50446709629242,114.61351013183594,19612500,0.0,0.0
2022-12-29 00:00:00-05:00,115.38672082161865,119.97641320548192,114.76220023247431,119.21311950683594,22366200,0.0,0.0
2022-12-30 00:00:00-05:00,117.13141139747924,119.37173247171707,116.71506178314314,119.29242706298828,19583800,0.0,0.0
2023-01-03 00:00:00-05:00,121.75083704158786,125.26993689605494,121.21553689802785,123.65412139892578,35528500,0.0,0.0
2023-01-04 00:00:00-05:00,126.27113034212354,127.92659842487713,124.75445049089438,126.26122283935547,32397100,0.0,0.0
2023-01-05 00:00:00-05:00,125.0320070283355,127.40120849436228,123.45585196908546,125.8349609375,25447100,0.0,0.0
2023-01-06 00:00:00-05:00,127.84729051950087,129.19545204150296,124.9427964767583,128.88815307617188,27584500,0.0,0.0
2023-01-09 00:00:00-05:00,130.0182474045574,131.79265868414586,128.15460808502064,128.34295654296875,26649100,0.0,0.0
2023-01-10 00:00:00-05:00,126.16211986861838,132.2784161808068,126.04316930086817,131.83233642578125,28684400,0.0,0.0
2023-01-11 00:00:00-05:00,129.81999282847258,132.6848346183648,129.20537967608695,131.73318481445312,25423000,0.0,0.0
2023-01-12 00:00:00-05:00,132.27837463301904,136.4814547169637,130.61299157779078,135.51991271972656,30757700,0.0,0.0
2023-01-13 00:00:00-05:00,133.79505485923653,136.19398636138445,133.66618170023415,135.7875518798828,22423800,0.0,0.0
2023-01-17 00:00:00-05:00,134.99452505190794,135.55957037535876,133.08133325697926,134.18167114257812,21147600,0.0,0.0
2023-01-18 00:00:00-05:00,134.6277512663834,136.05521827168238,131.6439592108342,131.86204528808594,20215500,0.0,0.0
2023-01-19 00:00:00-05:00,131.3366848928604,136.25349980566895,130.98972557953786,134.96481323242188,28625200,0.0,0.0
2023-01-20 00:00:00-05:00,134.70706669654805,138.72181416630133,133.43821040315862,138.15676879882812,28688600,0.0,0.0
2023-01-23 00:00:00-05:00,138.07746248379212,142.50855197768175,137.45295697105522,142.0228271484375,27470100,0.0,0.0
2023-01-24 00:00:00-05:00,140.45660704428994,143.73779144964146,140.12947784173727,141.89398193359375,21970200,0.0,0.0
2023-01-25 00:00:00-05:00,139.9906728793258,141.92369499048152,139.088590852133,140.2682342529297,26622000,0.0,0.0
2023-01-26 00:00:00-05:00,143.14295168712312,146.2258788750121,142.0525365694061,146.01771545410156,25482100,0.0,0.0
2023-01-27 00:00:00-05:00,146.94955074370452,151.85645711696716,146.10694408954603,150.41908264160156,35771900,0.0,0.0
2023-01-30 00:00:00-05:00,148.1093800836338,149.80448595440728,145.67078788457044,145.7798309326172,28040100,0.0,0.0
2023-01-31 00:00:00-05:00,146.66207748102659,148.5752845041938,146.23582793433843,147.67320251464844,29842100,0.0,0.0
2023-02-01 00:00:00-05:00,146.7413764088904,152.24306588807985,145.77981918793483,151.7870635986328,55661000,0.0,0.0
2023-02-02 00:00:00-05:00,181.78366068183163,195.4437029742972,178.591689945036,187.12673950195312,150475700,0.0,0.0
2023-02-03 00:00:00-05:00,181.87287479600266,195.05709986672147,181.29792194431568,184.90623474121094,76809700,0.0,0.0
2023-02-06 00:00:00-05:00,184.90623267945966,189.03993051222616,183.90503029642124,184.44032287597656,42483800,0.0,0.0
2023-02-07 00:00:00-05:00,183.9644903741285,192.0931046901585,182.79475464733247,189.951904296875,47080700,0.0,0.0
2023-02-08 00:00:00-05:00,188.34605218018598,189.16882885482534,181.32768168382998,181.83323669433594,36139100,0.0,0.0
2023-02-09 00:00:00-05:00,184.50972301839462,185.02518547134846,175.72684967356224,176.37118530273438,37118800,0.0,0.0
2023-02-10 00:00:00-05:00,174.81486359032888,177.33274600863183,171.84097885758246,172.63400268554688,33433600,0.0,0.0
2023-02-13 00:00:00-05:00,176.66858359767645,179.42438229242248,174.2894818165588,177.8680419921875,31463200,0.0,0.0
2023-02-14 00:00:00-05:00,175.61779119928158,179.9299145233757,174.34893505957058,177.91758728027344,24034600,0.0,0.0
2023-02-15 00:00:00-05:00,174.8842342230846,176.6388303288191,173.80372647545715,175.6177978515625,25308900,0.0,0.0
2023-02-16 00:00:00-05:00,171.24621810953835,174.31923878301757,170.29456821599553,170.9389190673828,25827500,0.0,0.0
2023-02-17 00:00:00-05:00,168.7382280890579,171.6724526790404,168.2227504782921,171.3750762939453,24171300,0.0,0.0
2023-02-21 00:00:00-05:00,172.7926146811642,176.61901366845885,170.3837752916554,170.58203125,34592600,0.0,0.0
2023-02-22 00:00:00-05:00,169.58081845166606,171.25609405423205,168.21282670866515,169.63037109375,22433200,0.0,0.0
2023-02-23 00:00:00-05:00,170.50274377056186,172.17803477776368,167.9055556534343,170.54238891601562,20017800,0.0,0.0
2023-02-24 00:00:00-05:00,167.17194199311467,169.23383683837753,166.2004773968706,168.90670776367188,19791300,0.0,0.0
2023-02-27 00:00:00-05:00,170.3837742797613,171.61297028977367,167.58831536803652,168.0641326904297,19277000,0.0,0.0
2023-02-28 00:00:00-05:00,170.4035696035187,176.00439428377393,170.3738319696767,173.4171142578125,46051100,0.0,0.0
2023-03-01 00:00:00-05:00,173.07016779754176,176.3017987557463,171.54358035250698,171.9103546142578,30998400,0.0,0.0
2023-03-02 00:00:00-05:00,170.87940337141325,173.4864984236013,169.93766120564743,173.01068115234375,17352000,0.0,0.0
2023-03-03 00:00:00-05:00,177.3624617911287,184.99542863944524,175.50874537644046,183.63735961914062,45877700,0.0,0.0
2023-03-06 00:00:00-05:00,186.3634562800606,188.00900957744497,183.03270454150618,183.29043579101562,33209400,0.0,0.0
2023-03-07 00:00:00-05:00,187.35472794639318,188.7028895567601,182.4081611653204,182.90380859375,36701500,0.0,0.0
2023-03-08 00:00:00-05:00,181.2780620088136,183.647255802908,179.76138228555416,183.3597869873047,19432400,0.0,0.0
2023-03-09 00:00:00-05:00,184.7278056589579,187.28533312080012,178.7304686513036,180.10836791992188,26582800,0.0,0.0
2023-03-10 00:00:00-05:00,179.4342842678197,183.16156276961232,177.2435310110156,177.9473419189453,25665000,0.0,0.0
2023-03-13 00:00:00-04:00,176.4108467930736,182.18017523686387,173.29818141681156,179.3252410888672,24728000,0.0,0.0
2023-03-14 00:00:00-04:00,185.94709789585886,192.62843092188572,184.93597286944848,192.33103942871094,41642600,0.0,0.0
2023-03-15 00:00:00-04:00,191.2703161801879,196.05827156753384,189.1786836833468,196.02853393554688,42123600,0.0,0.0
2023-03-16 00:00:00-04:00,196.53412194369412,203.9688337131776,194.38301382017207,203.14605712890625,50447100,0.0,0.0
2023-03-17 00:00:00-04:00,198.8141340658564,200.1424658110306,193.72878558687063,193.9072265625,50141100,0.0,0.0
2023-03-20 00:00:00-04:00,196.75220898573428,197.62455334455456,191.95434526414255,196.08804321289062,25186300,0.0,0.0
2023-03-21 00:00:00-04:00,201.43110168666132,201.77806091937316,196.226803951734,200.40016174316406,31827000,0.0,0.0
2023-03-22 00:00:00-04:00,200.73723411859473,205.56483584696647,197.93186750073556,198.07064819335938,28477800,0.0,0.0
2023-03-23 00:00:00-04:00,201.07422684142568,206.0703609359866,200.39023103226907,202.50169372558594,27389700,0.0,0.0
2023-03-24 00:00:00-04:00,203.3938677558255,205.77298444441905,201.7780674543026,204.21664428710938,27716400,0.0,0.0
2023-03-27 00:00:00-04:00,203.02711679278647,204.06797951805956,199.60715223199819,201.0742645263672,18527200,0.0,0.0
2023-03-28 00:00:00-04:00,198.40764415152128,199.27998839816146,196.177230896691,198.9330291748047,19127300,0.0,0.0
2023-03-29 00:00:00-04:00,201.787951900525,203.9291521378124,200.77682704525753,203.5623779296875,18851100,0.0,0.0
2023-03-30 00:00:00-04:00,201.60957928864843,206.27857020670143,201.05445651610344,206.03074645996094,22608300,0.0,0.0
2023-03-31 00:00:00-04:00,205.43596391529096,210.3230405925682,204.97005409451702,210.0950469970703,25440300,0.0,0.0
2023-04-03 00:00:00-04:00,207.02203663171613,211.63156728945143,206.38760845985527,211.21522521972656,17924600,0.0,0.0
2023-04-04 00:00:00-04:00,211.5323909564364,214.35758710921513,210.6897843491984,212.85081481933594,21026400,0.0,0.0
2023-04-05 00:00:00-04:00,212.2857781628593,213.31673323896115,208.11243547048335,209.63902282714844,19396600,0.0,0.0
2023-04-06 00:00:00-04:00,207.42846519605177,215.0515256680938,206.83368218453202,214.21884155273438,26104400,0.0,0.0
2023-04-10 00:00:00-04:00,212.84093957529885,213.7826667269681,208.8261921119088,212.88058471679688,16106100,0.0,0.0
2023-04-11 00:00:00-04:00,213.60421896645255,214.1395266783531,211.5522464067262,211.98841857910156,16710100,0.0,0.0
2023-04-12 00:00:00-04:00,212.96978427260183,214.95237399428152,210.7294633324491,212.13710021972656,18972200,0.0,0.0
2023-04-13 00:00:00-04:00,213.85204622946125,219.22486281474858,213.81240108857065,218.4318389892578,23310400,0.0,0.0
2023-04-14 00:00:00-04:00,215.98332984258553,220.17650288269624,215.656200722299,219.56190490722656,21591200,0.0,0.0
2023-04-17 00:00:00-04:00,217.87670046778837,219.0563438246389,215.23986751678353,216.95480346679688,15481900,0.0,0.0
2023-04-18 00:00:00-04:00,217.99566024521894,218.52104532046772,214.32787222191163,215.9932403564453,12281000,0.0,0.0
2023-04-19 00:00:00-04:00,211.61171286211123,215.4381115885571,211.07640517251718,213.82229614257812,15898100,0.0,0.0
2023-04-20 00:00:00-04:00,211.6216446591975,214.86318342643628,210.91783370536288,211.21522521972656,16475400,0.0,0.0
2023-04-21 00:00:00-04:00,208.3800955053103,211.55223597623976,207.7555749142046,211.03675842285156,17717200,0.0,0.0
2023-04-24 00:00:00-04:00,211.8198891943213,212.05780541816344,208.87575722630933,210.93763732910156,15750900,0.0,0.0
2023-04-25 00:00:00-04:00,208.98480961117474,209.42096668543763,205.32692880816302,205.74327087402344,19198200,0.0,0.0
2023-04-26 00:00:00-04:00,210.6501222597757,212.24610732052335,207.06164031146824,207.5771026611328,41992700,0.0,0.0
2023-04-27 00:00:00-04:00,237.80176159323008,239.58609565330042,234.70892597308261,236.48333740234375,71196500,0.0,0.0
2023-04-28 00:00:00-04:00,236.92937263012743,238.3370094781109,233.69775691934507,238.2279815673828,39554000,0.0,0.0
2023-05-01 00:00:00-04:00,236.54277763553986,241.87594888989452,234.4015922066699,241.06307983398438,29143900,0.0,0.0
2023-05-02 00:00:00-04:00,241.0630835614137,242.78794211157887,236.9095706872228,237.1573944091797,24350100,0.0,0.0
2023-05-03 00:00:00-04:00,237.38539100541473,239.6455421682171,230.72388806474677,234.9666290283203,34463900,0.0,0.0
2023-05-04 00:00:00-04:00,234.00504951049967,236.1264197905397,230.90229192706437,231.48716735839844,17889400,0.0,0.0
2023-05-05 00:00:00-04:00,230.2183085405626,232.6370551335535,227.84911458653457,230.75360107421875,27000500,0.0,0.0
2023-05-08 00:00:00-04:00,229.40547815382422,233.56891396654385,228.2654949985898,231.2393798828125,16400500,0.0,0.0
2023-05-09 00:00:00-04:00,229.44510882268386,233.82663017174102,229.06841194563827,231.33847045898438,16865600,0.0,0.0
2023-05-10 00:00:00-04:00,234.1141385722895,234.6890914879879,228.71158384200328,231.05104064941406,19119000,0.0,0.0
2023-05-11 00:00:00-04:00,231.0212883085138,236.13637381843506,230.27781710507037,233.7374267578125,20449000,0.0,0.0
2023-05-12 00:00:00-04:00,234.67914467629853,234.8972307500688,229.43518652876685,231.77464294433594,16161400,0.0,0.0
2023-05-15 00:00:00-04:00,234.8575861552915,238.16850749476043,233.2814308927608,236.78070068359375,20653200,0.0,0.0
2023-05-16 00:00:00-04:00,233.73742084776137,237.55391231265511,233.46978211198044,236.74105834960938,18163800,0.0,0.0
2023-05-17 00:00:00-04:00,236.37423475744197,241.71731295990375,236.06693579905627,240.3790740966797,21193100,0.0,0.0
2023-05-18 00:00:00-04:00,239.1994369633833,244.93902716872478,239.09039393093843,244.7011260986328,22943300,0.0,0.0
2023-05-19 00:00:00-04:00,245.315734575223,246.52511548669978,241.29107995629087,243.5016632080078,21733600,0.0,0.0
2023-05-22 00:00:00-04:00,243.2736537767836,251.36262275152214,242.9861698221899,246.1583251953125,27738500,0.0,0.0
2023-05-23 00:00:00-04:00,244.66146956317317,249.41968767494956,244.50285876339035,244.5920867919922,17748100,0.0,0.0
2023-05-24 00:00:00-04:00,243.14480689478242,247.41728540634753,242.81767776935007,247.0406036376953,17724300,0.0,0.0
2023-05-25 00:00:00-04:00,251.19412157731733,253.39479746511117,247.00094838612523,250.4903106689453,22371400,0.0,0.0
2023-05-26 00:00:00-04:00,250.7281993124649,260.0265498517954,250.51012836120594,259.7589111328125,25727200,0.0,0.0
2023-05-30 00:00:00-04:00,262.94098733413506,266.31138413742116,259.015467775104,260.2347412109375,23816500,0.0,0.0
2023-05-31 00:00:00-04:00,257.7366452452606,262.6931191922848,256.20015042244955,262.4155578613281,25473700,0.0,0.0
2023-06-01 00:00:00-04:00,263.58532716339073,271.6148224918179,263.57543478497155,270.2369079589844,25609500,0.0,0.0
2023-06-02 00:00:00-04:00,270.28649085876737,272.95307675520934,268.7598881304285,270.2369079589844,19416900,0.0,0.0
2023-06-05 00:00:00-04:00,267.94701923026497,273.17116310172264,267.21347063050644,269.0275573730469,20742900,0.0,0.0
2023-06-06 00:00:00-04:00,267.7884075776989,274.1624262569552,267.3423127906372,268.7598571777344,19419000,0.0,0.0
2023-06-07 00:00:00-04:00,269.30508506477685,271.8626124655505,260.5122743384185,261.3053283691406,26163600,0.0,0.0
2023-06-08 00:00:00-04:00,258.35124499287787,265.32004620136956,256.6264017277857,262.2767639160156,20899400,0.0,0.0
2023-06-09 00:00:00-04:00,260.19511592437004,265.61750064760685,259.4219070539598,262.64361572265625,16949800,0.0,0.0
2023-06-12 00:00:00-04:00,264.8442615526915,269.38437870914413,263.0202523851898,268.6904602050781,15442500,0.0,0.0
2023-06-13 00:00:00-04:00,272.4871371800981,273.3198212360052,266.7475314444002,268.9581298828125,16164000,0.0,0.0
2023-06-14 00:00:00-04:00,269.5231465889594,272.5961361408235,265.9842170382982,270.9704284667969,19175100,0.0,0.0
2023-06-15 00:00:00-04:00,269.9296375853969,281.51787946508557,269.0573233285459,279.3766784667969,25973500,0.0,0.0
2023-06-16 00:00:00-04:00,282.2712193553558,285.3442395585109,277.6914418131458,278.5538635253906,43127700,0.0,0.0
2023-06-20 00:00:00-04:00,276.3036313019316,282.3207681995998,273.81547148594564,281.8548583984375,20701600,0.0,0.0
2023-06-21 00:00:00-04:00,281.0618556973367,281.52776553347246,275.93684749984334,279.1883239746094,20556200,0.0,0.0
2023-06-22 00:00:00-04:00,276.6505570919048,282.77678233751567,275.3718084998464,282.40008544921875,17563100,0.0,0.0
2023-06-23 00:00:00-04:00,279.05946272124834,287.1484334816398,276.52174996331246,286.21661376953125,51092000,0.0,0.0
2023-06-26 00:00:00-04:00,286.18685639120184,287.26736422711815,275.183476694736,276.0458984375,24232700,0.0,0.0
2023-06-27 00:00:00-04:00,279.555073656432,286.8311743118034,278.2068969133884,284.5511779785156,26108300,0.0,0.0
2023-06-28 00:00:00-04:00,282.3406087612761,287.02941407913994,281.5872149884615,282.8065185546875,16722100,0.0,0.0
2023-06-29 00:00:00-04:00,282.0234012362909,284.0753889556589,278.2465700581659,279.0792541503906,15395700,0.0,0.0
2023-06-30 00:00:00-04:00,282.2811357109331,286.53376890451335,281.9440990867374,284.4818115234375,19694900,0.0,0.0
2023-07-03 00:00:00-04:00,284.2042548786633,286.88073290993367,282.3703532958794,283.5301513671875,8629300,0.0,0.0
2023-07-05 00:00:00-04:00,285.14590225423063,295.5247585310525,283.86712367518504,291.8074035644531,33865500,0.0,0.0
2023-07-06 00:00:00-04:00,293.31428629533394,295.5248547405756,288.7741383436563,289.4482116699219,47600500,0.0,0.0
2023-07-07 00:00:00-04:00,289.63651542467915,293.62153999226626,286.1471685227358,288.0008850097656,25586000,0.0,0.0
2023-07-10 00:00:00-04:00,292.97721550858023,295.53477346549835,284.5512082858447,291.53985595703125,37058300,0.0,0.0
2023-07-11 00:00:00-04:00,291.3415903824076,297.5669216854234,289.35900041008506,295.6933898925781,27585900,0.0,0.0
2023-07-12 00:00:00-04:00,299.12320145419704,306.7561834015163,297.48757110889034,306.6471252441406,36677100,0.0,0.0
2023-07-13 00:00:00-04:00,310.88989563213556,313.4870833791565,307.58889699038366,310.6817321777344,30281000,0.0,0.0
2023-07-14 00:00:00-04:00,309.0758690549912,312.13896690077314,304.68440931960316,306.1812744140625,23054100,0.0,0.0
2023-07-17 00:00:00-04:00,304.86278022750025,308.9964621816181,302.05739928801484,307.91595458984375,25323100,0.0,0.0
2023-07-18 00:00:00-04:00,308.1737286500036,311.46483460786504,304.94209795929135,309.3335266113281,20731900,0.0,0.0
2023-07-19 00:00:00-04:00,310.3050247039344,315.90583453833557,307.81686495769065,313.25909423828125,21763700,0.0,0.0
2023-07-20 00:00:00-04:00,310.77096502311366,312.7932151799263,299.5891592620239,299.88653564453125,23836900,0.0,0.0
2023-07-21 00:00:00-04:00,301.9186725328554,302.800909197342,288.66506554438087,291.69842529296875,42139300,0.0,0.0
2023-07-24 00:00:00-04:00,293.2052158926609,294.93005940617286,285.7903188571034,289.0715026855469,24915700,0.0,0.0
2023-07-25 00:00:00-04:00,292.6203191709946,295.7032315280009,289.3192904924628,291.9065856933594,19585600,0.0,0.0
2023-07-26 00:00:00-04:00,298.56810446847095,299.1430421825214,289.358966650914,295.9709167480469,47256900,0.0,0.0
2023-07-27 00:00:00-04:00,322.2898209017809,322.5178296391777,307.14283473077046,308.9965515136719,64229200,0.0,0.0
2023-07-28 00:00:00-04:00,314.12155519848204,323.3604315871249,311.51444458487873,322.6466979980469,39220300,0.0,0.0
2023-07-31 00:00:00-04:00,320.87222512758746,322.82507714780235,314.8253206295678,315.8265380859375,25799600,0.0,0.0
2023-08-01 00:00:00-04:00,314.77580936288706,321.3183621345962,311.92087504418333,319.9007873535156,22817900,0.0,0.0
2023-08-02 00:00:00-04:00,315.2317326112138,315.61835208722226,307.9457100995338,311.5738525390625,20461100,0.0,0.0
2023-08-03 00:00:00-04:00,307.23205269504695,313.1996679680387,307.23205269504695,310.46368408203125,15180200,0.0,0.0
2023-08-04 00:00:00-04:00,312.21821272193796,315.6381920030264,307.4996698792332,308.0250549316406,17612800,0.0,0.0
2023-08-07 00:00:00-04:00,310.5032922794214,314.30986081830895,307.75738622328373,313.8042907714844,16236500,0.0,0.0
2023-08-08 00:00:00-04:00,311.66314620132135,315.1227863698251,307.4104821227682,309.9184875488281,15183500,0.0,0.0
2023-08-09 00:00:00-04:00,310.1563455945085,310.89981675139177,300.21365919986573,302.5531005859375,19955800,0.0,0.0
2023-08-10 00:00:00-04:00,305.2593828156786,309.621074738082,301.22480493038836,303.0785217285156,14358900,0.0,0.0
2023-08-11 00:00:00-04:00,299.93608761646493,302.0673654764671,297.745304234176,299.0141906738281,14046300,0.0,0.0
2023-08-14 00:00:00-04:00,298.3599890492802,303.5444426954563,295.653742726423,303.5246276855469,15641900,0.0,0.0
2023-08-15 00:00:00-04:00,303.4749997336149,304.5555074180836,297.4181728716015,299.32147216796875,11623600,0.0,0.0
2023-08-16 00:00:00-04:00,297.5867363272898,298.4590504137435,291.7182573021849,291.7281799316406,18547700,0.0,0.0
2023-08-17 00:00:00-04:00,290.4989757740898,293.47286065252206,282.4695108038598,282.6082763671875,23950100,0.0,0.0
2023-08-18 00:00:00-04:00,276.60100568899685,283.20303313726754,271.9914906051631,280.7842712402344,35347900,0.0,0.0
2023-08-21 00:00:00-04:00,280.9825992850922,287.9712174176949,279.3965211250056,287.3764343261719,20181500,0.0,0.0
2023-08-22 00:00:00-04:00,290.0033274305193,290.35028671568716,284.2538287834448,285.096435546875,12980200,0.0,0.0
2023-08-23 00:00:00-04:00,285.9885660720524,294.81108424364885,285.1658046520825,291.6785888671875,18287000,0.0,0.0
2023-08-24 00:00:00-04:00,295.90152985922856,296.8531644997961,284.144786778373,284.2538146972656,18360900,0.0,0.0
2023-08-25 00:00:00-04:00,283.639168964376,285.8795047587146,273.6270860340675,283.0146484375,23701400,0.0,0.0
2023-08-28 00:00:00-04:00,285.49294014239996,288.91291975529066,283.3120791933217,287.7332763671875,14239300,0.0,0.0
2023-08-29 00:00:00-04:00,286.0678766841328,296.54587132156684,285.67136476377044,295.3959655761719,20844500,0.0,0.0
2023-08-30 00:00:00-04:00,294.5831156113279,295.69336104721475,290.87565215344677,292.5311279296875,17717000,0.0,0.0
2023-08-31 00:00:00-04:00,293.22505736284154,298.4789391656425,293.086291789836,293.3143005371094,17229900,0.0,0.0
2023-09-01 00:00:00-04:00,296.7639806937551,299.1133450144046,291.90664122148576,293.8000183105469,12842300,0.0,0.0
2023-09-05 00:00:00-04:00,294.43444260469624,298.7664273516259,292.93760766197164,297.5372009277344,14956000,0.0,0.0
2023-09-06 00:00:00-04:00,299.0835407980036,300.6596958742699,293.0862194558126,296.565673828125,15418100,0.0,0.0
2023-09-07 00:00:00-04:00,295.40588744923144,304.3770944136162,289.6762039967024,296.070068359375,33748700,0.0,0.0
2023-09-08 00:00:00-04:00,296.6152840075846,302.5927915043755,294.19652184534834,295.296875,17548000,0.0,0.0
2023-09-11 00:00:00-04:00,298.78617236239313,306.3497566042671,298.6572991967648,304.88262939453125,19489300,0.0,0.0
2023-09-12 00:00:00-04:00,303.6633574024578,305.97309149092956,297.61648263441475,299.0340270996094,13480400,0.0,0.0
2023-09-13 00:00:00-04:00,299.72794086935227,304.5059900169056,298.69701585352163,302.4044494628906,13210900,0.0,0.0
2023-09-14 00:00:00-04:00,304.06974981772856,310.14639163307857,302.3746442218173,309.00640869140625,19343100,0.0,0.0
2023-09-15 00:00:00-04:00,308.89739058049656,309.2840101140606,296.14935263325515,297.6957702636719,28131100,0.0,0.0
2023-09-18 00:00:00-04:00,295.59422852439974,300.9571375613304,295.2076089926441,299.916259765625,14234200,0.0,0.0
2023-09-19 00:00:00-04:00,299.8468567834762,303.5047369520571,297.2000864026327,302.414306640625,15924400,0.0,0.0
2023-09-20 00:00:00-04:00,302.3944501357823,305.3782570015516,296.82337850413523,297.0613098144531,19379500,0.0,0.0
2023-09-21 00:00:00-04:00,293.12587149825106,297.64617316620246,290.71700224931874,293.1556091308594,21319600,0.0,0.0
2023-09-22 00:00:00-04:00,296.69452649941013,302.72161592524503,295.67349404841707,296.4764404296875,25369600,0.0,0.0
2023-09-25 00:00:00-04:00,293.0664197919008,298.33019295011604,291.14330539019653,298.2112121582031,18987000,0.0,0.0
2023-09-26 00:00:00-04:00,295.0688421646148,297.6858449572033,293.4332116377571,296.3575134277344,19417200,0.0,0.0
2023-09-27 00:00:00-04:00,297.8345940661036,298.67717061234566,284.29350077154777,295.1481628417969,36429800,0.0,0.0
2023-09-28 00:00:00-04:00,296.3377357680385,303.66339023654626,294.1172446033363,301.31402587890625,22167100,0.0,0.0
2023-09-29 00:00:00-04:00,304.704216042569,307.93584693640213,296.75401197888146,297.59661865234375,25373700,0.0,0.0
2023-10-02 00:00:00-04:00,300.1046087482149,304.50596053027635,299.0042859286593,304.14910888671875,16265600,0.0,0.0
2023-10-03 00:00:00-04:00,301.61138822655596,304.0995177904984,297.03161074620874,298.3202819824219,17362300,0.0,0.0
2023-10-04 00:00:00-04:00,296.1295452893803,304.2284079253051,295.9015365648199,302.9198913574219,16880500,0.0,0.0
2023-10-05 00:00:00-04:00,301.978199473143,303.54443225598413,296.8928513033326,302.1368103027344,19130000,0.0,0.0
2023-10-06 00:00:00-04:00,298.81593709513936,313.5564874187688,298.2905520081828,312.68414306640625,21803900,0.0,0.0
2023-10-09 00:00:00-04:00,309.7797094905876,317.5415365807369,309.10563610319804,315.58868408203125,22503700,0.0,0.0
2023-10-10 00:00:00-04:00,316.34206740226483,321.8338503783934,315.3904326371778,319.03839111328125,19038000,0.0,0.0
2023-10-11 00:00:00-04:00,320.1981222994289,325.97735729844595,320.1386470354326,324.96624755859375,22036300,0.0,0.0
2023-10-12 00:00:00-04:00,325.1447341503426,327.662631720703,319.8809605389769,321.3381652832031,20530500,0.0,0.0
2023-10-13 00:00:00-04:00,320.71363525767725,322.22039260310345,309.65078063069194,311.9505920410156,21341000,0.0,0.0
2023-10-16 00:00:00-04:00,315.8662100616769,319.0185204694929,312.7733446736432,318.3543395996094,16536100,0.0,0.0
2023-10-17 00:00:00-04:00,315.41016159216974,321.57601625080804,314.53781735721145,321.17950439453125,16387800,0.0,0.0
2023-10-18 00:00:00-04:00,318.5922912851323,323.1026711047013,312.81302491646005,314.21075439453125,16851000,0.0,0.0
2023-10-19 00:00:00-04:00,317.09540654240755,319.08791890346794,309.0361744423842,310.0869445800781,18709200,0.0,0.0
2023-10-20 00:00:00-04:00,311.4053948634876,312.5552703274842,303.80214965849547,305.9631652832031,22312300,0.0,0.0
2023-10-23 00:00:00-04:00,306.8057400373974,314.5973026301898,304.5852493700825,311.2764892578125,17796800,0.0,0.0
2023-10-24 00:00:00-04:00,314.02241214997355,315.5787524774694,307.9259542753489,309.8292236328125,19525500,0.0,0.0
2023-10-25 00:00:00-04:00,307.3013731330997,308.1737173552032,296.23852007007827,296.9225158691406,42192500,0.0,0.0
2023-10-26 00:00:00-04:00,292.4320101500182,292.4320101500182,276.9678028849212,285.83990478515625,66684100,0.0,0.0
2023-10-27 00:00:00-04:00,291.9165286472556,296.70446963131815,290.41966369017985,294.1469421386719,29596300,0.0,0.0
2023-10-30 00:00:00-04:00,296.4863994004334,306.7066477918955,296.4467391323724,300.02532958984375,28435100,0.0,0.0
2023-10-31 00:00:00-04:00,300.6696499436243,301.0364242117363,294.2757858177128,298.64739990234375,19434200,0.0,0.0
2023-11-01 00:00:00-04:00,299.2223365843718,310.0175210505434,299.2223365843718,309.1352844238281,20434600,0.0,0.0
2023-11-02 00:00:00-04:00,314.53783684335446,316.0446243432361,305.64592102556026,308.163818359375,21631800,0.0,0.0
2023-11-03 00:00:00-04:00,309.82918609596044,312.8030705771321,308.31250622063965,311.8613586425781,16764300,0.0,0.0
2023-11-06 00:00:00-05:00,313.22938992076604,315.5589088571514,311.7127098538126,313.0509338378906,12887700,0.0,0.0
2023-11-07 00:00:00-05:00,314.299958512523,318.20566283791453,312.3768439867447,316.0446472167969,14055600,0.0,0.0
2023-11-08 00:00:00-05:00,315.37056897639883,318.53277182519207,312.13893797333276,316.99627685546875,13609700,0.0,0.0
2023-11-09 00:00:00-05:00,316.63941423329265,321.35795714702647,316.0247860148068,317.7595520019531,16103100,0.0,0.0
2023-11-10 00:00:00-05:00,317.1548694871678,326.23513373605715,316.67903707934255,325.9079895019531,19096200,0.0,0.0
2023-11-13 00:00:00-05:00,323.36040926035906,329.43702160039675,322.86476180916407,326.3243713378906,16908900,0.0,0.0
2023-11-14 00:00:00-05:00,331.62780417236013,335.1568115946723,330.4283155624995,333.38238525390625,17179400,0.0,0.0
2023-11-15 00:00:00-05:00,334.9882193454283,335.45412907651445,327.14707443607995,329.81365966796875,14531200,0.0,0.0
2023-11-16 00:00:00-05:00,326.50277439703774,331.66741200788823,323.53881252614497,331.28082275390625,18932600,0.0,0.0
2023-11-17 00:00:00-05:00,327.3850853902392,332.57946133524786,326.48300334029153,332.12347412109375,14494400,0.0,0.0
2023-11-20 00:00:00-05:00,331.97476378028864,338.89398282519466,331.2808452491062,337.0105285644531,16960500,0.0,0.0
2023-11-21 00:00:00-05:00,335.38476311199616,336.94110323972745,332.97592396005564,334.0465393066406,12027900,0.0,0.0
2023-11-22 00:00:00-05:00,336.2571521863876,339.9348782395706,335.6326315263406,338.5173034667969,10702700,0.0,0.0
2023-11-24 00:00:00-05:00,337.16912925300625,338.88405001830046,333.83836275604654,335.2856750488281,5467500,0.0,0.0
2023-11-27 00:00:00-05:00,333.25350452760324,336.9411226805428,331.2907600321463,331.7864074707031,15684500,0.0,0.0
2023-11-28 00:00:00-05:00,330.4976673792026,336.42562094268436,330.4976673792026,336.03900146484375,12637200,0.0,0.0
2023-11-29 00:00:00-05:00,336.7329865734287,336.94115004399055,327.90054487082136,329.3081970214844,16024500,0.0,0.0
2023-11-30 00:00:00-05:00,329.00085151227404,330.59682164758357,319.593443122573,324.3020935058594,23146400,0.0,0.0
2023-12-01 00:00:00-05:00,322.64668993525703,324.01465154921027,317.96777657976315,321.992431640625,15276400,0.0,0.0
2023-12-04 00:00:00-05:00,314.52797610294596,318.0668760036283,310.92957067483053,317.23419189453125,19037100,0.0,0.0
2023-12-05 00:00:00-05:00,316.2032830645465,319.0780324511932,312.6445377227283,315.519287109375,16952100,0.0,0.0
2023-12-06 00:00:00-05:00,319.12756635327975,319.4447879881586,314.2801499252027,314.68658447265625,11294300,0.0,0.0
2023-12-07 00:00:00-05:00,315.0037806878623,325.38263987014375,315.0037806878623,323.74700927734375,15905100,0.0,0.0
2023-12-08 00:00:00-05:00,320.27745110653814,330.26972018709864,320.18823819980867,329.8533630371094,14087400,0.0,0.0
2023-12-11 00:00:00-05:00,326.5325248079935,327.0182798666103,317.2143590609615,322.4483947753906,25802500,0.0,0.0
2023-12-12 00:00:00-05:00,321.77429580813003,331.55837057321145,321.7346355458796,331.310546875,18485500,0.0,0.0
2023-12-13 00:00:00-05:00,331.0231337882988,335.4244860310397,329.74438501312073,331.8260803222656,16353300,0.0,0.0
2023-12-14 00:00:00-05:00,330.9437875845794,331.7863942469266,325.77914995119795,330.26971435546875,19607300,0.0,0.0
2023-12-15 00:00:00-05:00,329.0999994185291,335.7119500187242,328.3367132008549,332.0045166015625,31776900,0.0,0.0
2023-12-18 00:00:00-05:00,334.5421662666255,344.5344041297469,334.08614889595844,341.6199951171875,18993900,0.0,0.0
2023-12-19 00:00:00-05:00,342.57167029164464,350.5218745666176,342.11568311875016,347.31005859375,17729400,0.0,0.0
2023-12-20 00:00:00-05:00,345.61495082632456,351.87001904403724,344.7624517579326,346.2394714355469,16369900,0.0,0.0
2023-12-21 00:00:00-05:00,349.9072152421134,353.30734881378453,346.17001484965505,351.0075378417969,15289600,0.0,0.0
2023-12-22 00:00:00-05:00,352.4846287114761,354.0905518678329,348.1625974502464,350.313720703125,11772800,0.0,0.0
2023-12-26 00:00:00-05:00,351.8997607137992,353.8724581015916,350.3731883758891,351.74114990234375,9898600,0.0,0.0
2023-12-27 00:00:00-05:00,352.9703988386223,355.8748857712245,352.2170049987148,354.7150573730469,13207900,0.0,0.0
2023-12-28 00:00:00-05:00,356.5687975042497,358.7496281934857,354.69523557044886,355.2008056640625,11798800,0.0,0.0
2023-12-29 00:00:00-05:00,355.86490417120007,356.86612158180657,348.757337524102,350.8786926269531,14987100,0.0,0.0
2024-01-02 00:00:00-05:00,348.2616937741124,350.0856725621482,337.05015209068665,343.2754821777344,19042200,0.0,0.0
2024-01-03 00:00:00-05:00,341.97691405684844,344.92106102147176,340.192565145366,341.4713439941406,15451100,0.0,0.0
2024-01-04 00:00:00-05:00,341.501109198634,345.11932970434566,340.41067870668667,344.0982971191406,12099900,0.0,0.0
2024-01-05 00:00:00-05:00,343.96941637649724,350.4227560194501,343.2457904424102,348.8862609863281,13920700,0.0,0.0
2024-01-08 00:00:00-05:00,351.61229217973874,355.8550328888557,348.98533664973183,355.5378112792969,13890200,0.0,0.0
2024-01-09 00:00:00-05:00,353.2974794746207,357.50059022164334,352.2665243572093,354.3185119628906,13463900,0.0,0.0
2024-01-10 00:00:00-05:00,357.0346705179699,369.69349454560995,355.9541325367698,367.2449951171875,22117200,0.0,0.0
2024-01-11 00:00:00-05:00,368.8906035328076,369.53493921555446,359.77067767079683,366.4520263671875,17205400,0.0,0.0
2024-01-12 00:00:00-05:00,366.9376872898426,373.7776153686232,366.32308935332577,371.22998046875,19310000,0.0,0.0
2024-01-16 00:00:00-05:00,370.39728650901986,372.3402157968574,364.03319099664327,364.26116943359375,15306900,0.0,0.0
2024-01-17 00:00:00-05:00,363.1113118453537,365.33183300535507,355.48825160061466,365.1632995605469,12724800,0.0,0.0
2024-01-18 00:00:00-05:00,368.25606041918786,373.5694157709935,367.72078305966306,372.8556823730469,16354300,0.0,0.0
2024-01-19 00:00:00-05:00,375.7007255933001,381.0140511493726,374.67969316917856,380.11199951171875,21670800,0.0,0.0
2024-01-22 00:00:00-05:00,384.5728454450382,386.9519470116833,377.8419450079911,378.45654296875,17680500,0.0,0.0
2024-01-23 00:00:00-05:00,381.2717423686272,384.999019922739,378.75384549418493,381.8467102050781,15506100,0.0,0.0
2024-01-24 00:00:00-05:00,386.60500116462015,392.70145859414,384.4340629686961,387.2989196777344,15698500,0.0,0.0
2024-01-25 00:00:00-05:00,386.7735471204069,392.047213033443,382.302797409854,389.75732421875,15091100,0.0,0.0
2024-01-26 00:00:00-05:00,390.9170867647052,393.3358483504294,388.18110360172517,390.70892333984375,13163700,0.0,0.0
2024-01-29 00:00:00-05:00,391.55154595567524,399.422429541813,389.6780144066085,397.529052734375,18742400,0.0,0.0
2024-01-30 00:00:00-05:00,400.0766619883151,402.8225376750017,396.0916678100326,396.577392578125,18614700,0.0,0.0
2024-01-31 00:00:00-05:00,385.6137142301989,394.53536828693876,383.7302599797155,386.7438049316406,20180800,0.0,0.0
2024-02-01 00:00:00-05:00,390.5106692838904,397.0135606410284,389.6284024059907,391.3433532714844,29727100,0.0,0.0
2024-02-02 00:00:00-05:00,455.59912098341835,481.72963881592403,449.0664915252919,470.8551330566406,84707600,0.0,0.0
2024-02-05 00:00:00-05:00,465.7896560115249,467.79206083413476,455.22244866654785,455.4107971191406,40832400,0.0,0.0
2024-02-06 00:00:00-05:00,459.96081170368444,463.05364680414374,449.05656832277816,450.7615966796875,21655200,0.0,0.0
2024-02-07 00:00:00-05:00,454.0130625295491,467.41535863754694,452.20889855772646,465.5021667480469,23066000,0.0,0.0
2024-02-08 00:00:00-05:00,464.2432621017178,466.49349076622264,460.9818932185822,465.90863037109375,18815100,0.0,0.0
2024-02-09 00:00:00-05:00,468.8329280456372,469.4673410411531,463.4006211841716,464.0350341796875,18413100,0.0,0.0
2024-02-12 00:00:00-05:00,464.1143958268208,474.9789802603111,462.51839518929904,464.8182067871094,19382000,0.0,0.0
2024-02-13 00:00:00-05:00,452.89291546087304,463.8170050865518,451.1284116736069,456.1146240234375,20916600,0.0,0.0
2024-02-14 00:00:00-05:00,463.85660058253393,469.982795609744,462.03262165462274,469.1600341796875,16858400,0.0,0.0
2024-02-15 00:00:00-05:00,471.1426369454391,484.3665072274175,468.1092769839316,479.81646728515625,24212300,0.0,0.0
2024-02-16 00:00:00-05:00,473.94795697120554,474.7905636276594,465.1254390286169,469.1996765136719,23324600,0.0,0.0
2024-02-20 00:00:00-05:00,465.63101374806274,472.03476994795795,462.49851842146023,467.6433410644531,18015500,0.0,0.0
2024-02-21 00:00:00-05:00,462.9296784768427,465.4105449209844,458.2557345756037,464.4479675292969,12921800,0.5,0.0
2024-02-22 00:00:00-05:00,476.56457866928184,486.2399591800924,472.41657665178604,482.4095153808594,21625800,0.0,0.0
2024-02-23 00:00:00-05:00,484.31478426826664,490.57648938610384,478.65842637192833,480.3255615234375,18374300,0.0,0.0
2024-02-26 00:00:00-05:00,479.7699019459264,482.4194811901072,476.9218715149137,478.0531311035156,12101400,0.0,0.0
2024-02-27 00:00:00-05:00,476.306520419306,483.54070515337867,476.2469820474711,483.3223876953125,10809600,0.0,0.0
2024-02-28 00:00:00-05:00,481.2880928291256,487.2917775435945,479.0553130170317,480.3155822753906,12715500,0.0,0.0
2024-02-29 00:00:00-05:00,484.70180744595217,487.93686726454155,478.91640943030325,486.3788757324219,17732000,0.0,0.0
2024-03-01 00:00:00-05:00,488.3437040291378,500.39080710945973,488.0857144887077,498.4557189941406,16273600,0.0,0.0
2024-03-04 00:00:00-05:00,499.1503823962354,500.5595280134549,492.62075453598,494.377197265625,12324100,0.0,0.0
2024-03-05 00:00:00-05:00,491.2115858850194,491.7871336101802,484.15601582408954,486.4681701660156,15325300,0.0,0.0
2024-03-06 00:00:00-05:00,493.8214963331061,499.12062411100493,490.5070619679342,492.29327392578125,11757900,0.0,0.0
2024-03-07 00:00:00-05:00,499.428267454864,515.871429965554,497.5428147005372,508.27008056640625,18586400,0.0,0.0
2024-03-08 00:00:00-05:00,510.2547468573878,519.5629636532714,495.52832561465306,502.07781982421875,18597100,0.0,0.0
2024-03-11 00:00:00-04:00,493.2062528362001,493.51387789657764,472.3570385649575,479.8889465332031,20428300,0.0,0.0
2024-03-12 00:00:00-04:00,489.48491194914317,498.46563690206807,481.0201963453091,495.92523193359375,15448200,0.0,0.0
2024-03-13 00:00:00-04:00,491.5986065562737,497.14582052729384,487.27195954593,491.7772216796875,12090700,0.0,0.0
2024-03-14 00:00:00-04:00,496.4313625069967,497.5130167599525,484.4239615573876,488.06585693359375,12620000,0.0,0.0
2024-03-15 00:00:00-04:00,485.2674452189563,488.0658397573239,477.61643073962875,480.39501953125,29153600,0.0,0.0
2024-03-18 00:00:00-04:00,488.1452478161507,493.6130875886428,483.0842738072249,493.17645263671875,11755300,0.0,0.0
2024-03-19 00:00:00-04:00,484.4338634191074,492.82910735533255,477.59658066238825,492.44207763671875,10903100,0.0,0.0
2024-03-20 00:00:00-04:00,495.67720645589986,504.3106353786496,491.38035831149114,501.651123046875,11711100,0.0,0.0
2024-03-21 00:00:00-04:00,510.7707530405325,511.09818381772453,502.13732529141583,503.8739318847656,9712500,0.0,0.0
2024-03-22 00:00:00-04:00,503.11975164327384,506.06702240568086,500.4801059197025,505.67999267578125,8120600,0.0,0.0
2024-03-25 00:00:00-04:00,501.9190467966136,503.3380953120619,496.41150443106284,499.17022705078125,8380600,0.0,0.0
2024-03-26 00:00:00-04:00,501.26406081847875,506.09678408775653,491.4199688696871,492.09478759765625,11205400,0.0,0.0
2024-03-27 00:00:00-04:00,495.47865983348026,496.0641709946274,484.3346265696149,490.0802917480469,9989700,0.0,0.0
2024-03-28 00:00:00-04:00,489.06815539695725,489.11779090352536,481.4370066733091,481.86370849609375,15212800,0.0,0.0
2024-04-01 00:00:00-04:00,483.4713059825083,493.62299295598973,478.0927737479156,487.58953857421875,9247000,0.0,0.0
2024-04-02 00:00:00-04:00,481.3873636113719,493.7222251422253,480.94079550745505,493.5634460449219,11081000,0.0,0.0
2024-04-03 00:00:00-04:00,495.11150004572073,503.3578981717305,494.9328849193272,502.8617248535156,12099200,0.0,0.0
2024-04-04 00:00:00-04:00,512.4676419362434,525.9437264523161,506.672341112813,507.009765625,26476300,0.0,0.0
2024-04-05 00:00:00-04:00,512.9043035265651,526.638408576823,510.47304198515513,523.3041381835938,19263300,0.0,0.0
2024-04-08 00:00:00-04:00,525.2292670059732,527.4223143515474,514.9187707168354,515.2760009765625,13260600,0.0,0.0
2024-04-09 00:00:00-04:00,518.2331333714253,521.845289446962,502.86169458913326,512.9439697265625,10863800,0.0,0.0
2024-04-10 00:00:00-04:00,505.3922206037786,518.5606494016819,501.928910292975,515.8515625,11418500,0.0,0.0
2024-04-11 00:00:00-04:00,517.1218290927488,519.8507828068974,513.3310570289301,519.1561279296875,10369500,0.0,0.0
2024-04-12 00:00:00-04:00,513.787472668167,516.2088008915841,505.43190063751956,507.98223876953125,11984500,0.0,0.0
2024-04-15 00:00:00-04:00,512.7653372648631,514.5615428654139,493.4741460488993,496.4015808105469,13512900,0.0,0.0
2024-04-16 00:00:00-04:00,494.29784526771664,500.9068785263699,493.3054984772405,495.93524169921875,9847900,0.0,0.0
2024-04-17 00:00:00-04:00,499.2496185150052,499.30915689281545,483.41177405310106,490.3879699707031,12193700,0.0,0.0
2024-04-18 00:00:00-04:00,495.9947675129914,508.28995847169983,495.2207382473986,497.9595947265625,14808700,0.0,0.0
2024-04-19 00:00:00-04:00,498.95188761147057,498.95188761147057,472.08908659081203,477.3882141113281,25215400,0.0,0.0
2024-04-22 00:00:00-04:00,485.97202274350616,488.24450514549414,469.7769174777012,478.0431823730469,17271100,0.0,0.0
2024-04-23 00:00:00-04:00,487.4903047021122,494.94283793154807,485.22775549164936,492.3031921386719,15079200,0.0,0.0
2024-04-24 00:00:00-04:00,504.17161722523144,506.0967720750617,480.8713078752949,489.7230529785156,37772700,0.0,0.0
2024-04-25 00:00:00-04:00,418.1748277483047,442.3583081895984,411.3276426488301,438.0019226074219,82890700,0.0,0.0
2024-04-26 00:00:00-04:00,438.0813579966591,443.023255377978,428.6540645124844,439.8973693847656,32691400,0.0,0.0
2024-04-29 00:00:00-04:00,436.1959404676039,436.3944219336963,425.2801260809591,429.3090515136719,21502600,0.0,0.0
2024-04-30 00:00:00-04:00,427.7510167239678,436.2554348890997,426.43120898791216,426.8777770996094,18429500,0.0,0.0
2024-05-01 00:00:00-04:00,425.31972821266555,446.51623552713096,423.84111129193025,435.82867431640625,20344900,0.0,0.0
2024-05-02 00:00:00-04:00,435.4814519482894,440.5622625539941,428.9716595742278,438.2997131347656,15221300,0.0,0.0
2024-05-03 00:00:00-04:00,442.5171275663126,450.694084429791,440.4530598909977,448.5009765625,16489100,0.0,0.0
2024-05-06 00:00:00-04:00,452.093259876696,462.592304076786,449.8704131384758,462.115966796875,15094600,0.0,0.0
2024-05-07 00:00:00-04:00,462.7213143300044,467.9212009325345,457.7794172557727,464.6563720703125,13406800,0.0,0.0
2024-05-08 00:00:00-04:00,459.9526716667021,471.9402058578811,459.4564983423583,468.9830322265625,11683900,0.0,0.0
2024-05-09 00:00:00-04:00,466.4029313871889,472.4363857703792,464.05107464244514,471.7814636230469,9437700,0.0,0.0
2024-05-10 00:00:00-04:00,473.4386842914545,473.8455500732435,466.00601718642696,472.5555114746094,10750000,0.0,0.0
2024-05-13 00:00:00-04:00,469.13187501336745,469.7272890553807,459.30764931420595,464.42816162109375,14668800,0.0,0.0
2024-05-14 00:00:00-04:00,459.82368906593655,468.9235216998096,456.558859918331,468.2388000488281,10478600,0.0,0.0
2024-05-15 00:00:00-04:00,471.3447925555496,478.80722798374535,467.5937236699598,477.8545837402344,13100500,0.0,0.0
2024-05-16 00:00:00-04:00,471.36468862920213,474.0341037096342,469.1319085251691,469.6082458496094,16608200,0.0,0.0
2024-05-17 00:00:00-04:00,467.22655798949256,469.18148209338233,464.8350292226781,468.2983093261719,10807300,0.0,0.0
2024-05-20 00:00:00-04:00,466.3533210681569,469.5784476860999,463.4655886777014,465.2518005371094,11745100,0.0,0.0
2024-05-21 00:00:00-04:00,463.54499982976347,467.09761808342193,458.7321121308233,461.0740661621094,11742200,0.0,0.0
2024-05-22 00:00:00-04:00,464.28922821985554,470.09446225330197,462.0862174173585,464.1999206542969,10078600,0.0,0.0
2024-05-23 00:00:00-04:00,469.26087705798136,470.72953068178265,458.0076699601858,462.2152099609375,11747900,0.0,0.0
2024-05-24 00:00:00-04:00,464.04111742441904,476.1775273800848,462.7312126296393,474.55999755859375,12024300,0.0,0.0
2024-05-28 00:00:00-04:00,472.93254487428226,477.17978725076165,471.2058714243165,476.24700927734375,10175800,0.0,0.0
2024-05-29 00:00:00-04:00,471.0272753949379,476.17755705003367,470.07463106847433,470.72955322265625,9226200,0.0,0.0
2024-05-30 00:00:00-04:00,468.06019220156327,468.11973058222674,461.1534372044116,463.47552490234375,10719600,0.0,0.0
2024-05-31 00:00:00-04:00,462.23508624663583,465.52968459800337,450.98187816881347,463.2572021484375,16919800,0.0,0.0
2024-06-03 00:00:00-04:00,467.2563385385533,475.92946902820285,464.65639510838076,473.8356018066406,11279400,0.0,0.0
2024-06-04 00:00:00-04:00,473.3493496612414,475.22489935660434,469.60821371186694,473.33941650390625,7088700,0.0,0.0
2024-06-05 00:00:00-04:00,480.7423648637953,492.84897628065335,480.2064891730306,491.2711486816406,15690500,0.0,0.0
2024-06-06 00:00:00-04:00,489.20704994565904,498.97173709860135,487.133049134123,489.9810791015625,10667300,0.0,0.0
2024-06-07 00:00:00-04:00,492.1146295476639,495.0916694898727,486.4185694824564,489.18719482421875,9380700,0.0,0.0
2024-06-10 00:00:00-04:00,490.0802879046476,498.8129563433123,489.6337500954303,498.75341796875,11220900,0.0,0.0
2024-06-11 00:00:00-04:00,496.33212967798784,503.71519155721654,494.4565798764981,503.586181640625,9673700,0.0,0.0
2024-06-12 00:00:00-04:00,510.0562580327931,510.07612434807345,500.60912858458613,504.9456787109375,11983200,0.0,0.0
2024-06-13 00:00:00-04:00,501.8395762858785,505.4616352157157,497.52286264225813,500.2419128417969,9954600,0.0,0.0
2024-06-14 00:00:00-04:00,499.29833774600206,503.7683318714167,497.41101295586674,500.79827880859375,10243300,0.5,0.0
2024-06-17 00:00:00-04:00,498.3248520419291,507.3442927979167,492.70258957460356,503.25177001953125,11266600,0.0,0.0
2024-06-18 00:00:00-04:00,501.195563022246,502.62596344611273,491.7191677926502,496.15936279296875,13060400,0.0,0.0
2024-06-20 00:00:00-04:00,498.65257115911925,500.3114486284619,493.4574348532966,498.3545837402344,11801200,0.0,0.0
2024-06-21 00:00:00-04:00,500.09294409403304,500.09294409403304,489.1066959926516,491.4807434082031,22359200,0.0,0.0
2024-06-24 00:00:00-04:00,495.8712961742398,504.4139262555408,490.9940329117928,495.5832214355469,13525300,0.0,0.0
2024-06-25 00:00:00-04:00,493.73561634252076,507.3045339423374,492.1959639995384,507.1952819824219,12063200,0.0,0.0
2024-06-26 00:00:00-04:00,503.2715671209678,510.38382668285755,501.3147021974166,509.69842529296875,8882300,0.0,0.0
2024-06-27 00:00:00-04:00,510.8208696393797,519.3933277808096,510.47322776643625,516.095458984375,10121200,0.0,0.0
2024-06-28 00:00:00-04:00,513.7016545830614,518.4000954188623,500.48037812073636,500.85784912109375,15855100,0.0,0.0
2024-07-01 00:00:00-04:00,501.58294679281164,503.2020522993896,489.8814984155555,501.3147277832031,10328200,0.0,0.0
2024-07-02 00:00:00-04:00,497.4209190368857,507.0959625693369,496.11965660213826,506.1026306152344,7739500,0.0,0.0
2024-07-03 00:00:00-04:00,502.9934818232005,507.87074521081,502.6458095867641,506.5595397949219,6005600,0.0,0.0
2024-07-05 00:00:00-04:00,508.18856248198745,537.2633737862543,508.18856248198745,536.3097534179688,21354100,0.0,0.0
2024-07-08 00:00:00-04:00,538.7334248000303,539.1903792094863,523.1381655675032,525.7903442382812,14917500,0.0,0.0
2024-07-09 00:00:00-04:00,530.1908757911539,533.8959841966067,524.667953121388,526.4658813476562,8753200,0.0,0.0
2024-07-10 00:00:00-04:00,527.2505545542191,535.2866353441332,524.8367656001964,531.1245727539062,10983300,0.0,0.0
2024-07-11 00:00:00-04:00,527.3500219197413,531.8895562792189,504.9801666469837,509.28131103515625,16458300,0.0,0.0
2024-07-12 00:00:00-04:00,494.4409341236974,504.70204009860527,490.9344734606303,495.54351806640625,19750500,0.0,0.0
2024-07-15 00:00:00-04:00,495.3050935222818,503.30140324613546,490.0801579921721,492.8515625,12539200,0.0,0.0
2024-07-16 00:00:00-04:00,498.1559561053816,500.58963142634576,482.55072018571695,486.5240478515625,14075800,0.0,0.0
2024-07-17 00:00:00-04:00,475.9748583365877,475.9748583365877,456.0585356169319,458.9093933105469,28076600,0.0,0.0
2024-07-18 00:00:00-04:00,471.8326942182321,476.04441214611455,461.442450113497,472.6770324707031,19267200,0.0,0.0
2024-07-19 00:00:00-04:00,472.88560505542085,483.46458424586564,472.5379328105717,473.6107482910156,15149400,0.0,0.0
2024-07-22 00:00:00-04:00,483.3354544094365,488.77892449316187,480.6733320174168,484.1499938964844,12023100,0.0,0.0
2024-07-23 00:00:00-04:00,486.5736915826986,491.9178220255653,484.4678328165319,485.4313659667969,9455500,0.0,0.0
2024-07-24 00:00:00-04:00,469.1606069922724,473.12399173942754,457.5088124022394,458.1942138671875,17649700,0.0,0.0
2024-07-25 00:00:00-04:00,460.1710149834866,460.45905945171774,439.69842567855943,450.3866882324219,18240500,0.0,0.0
2024-07-26 00:00:00-04:00,461.1046372980924,466.6374724287372,456.35651246945713,462.5946350097656,14222400,0.0,0.0
2024-07-29 00:00:00-04:00,466.7467910394615,470.7995717926328,461.91918231436165,462.6045837402344,11339600,0.0,0.0
2024-07-30 00:00:00-04:00,463.88600206485654,469.57780482339075,453.6546955153981,460.1014099121094,11390400,0.0,0.0
2024-07-31 00:00:00-04:00,467.87919560673834,473.3226655061121,463.6376791709923,471.6637878417969,24285800,0.0,0.0
2024-08-01 00:00:00-04:00,517.5259306837595,523.6547716585801,488.8186442383986,494.4210205078125,43083100,0.0,0.0
2024-08-02 00:00:00-04:00,485.73926058112306,497.8082361462427,472.9749406155104,484.885009765625,24044700,0.0,0.0
2024-08-05 00:00:00-04:00,448.34036348534045,480.2561225927905,447.79401274658,472.55780029296875,21396200,0.0,0.0
2024-08-06 00:00:00-04:00,475.8059745622405,499.2088714287347,475.4583023384702,490.79534912109375,20955000,0.0,0.0
2024-08-07 00:00:00-04:00,499.77508903606014,506.7482681354804,483.61355944940226,485.65985107421875,20105300,0.0,0.0
2024-08-08 00:00:00-04:00,494.18262946631637,506.55953668319745,491.4211679453795,506.23175048828125,16156800,0.0,0.0
2024-08-09 00:00:00-04:00,504.3245575432351,514.8837113715979,502.3279809305961,514.3175048828125,13696600,0.0,0.0
2024-08-12 00:00:00-04:00,513.4135489736507,514.5658480140165,505.7053134773553,512.5096435546875,9767400,0.0,0.0
2024-08-13 00:00:00-04:00,516.5425353486345,527.9559092747828,514.6949525499102,525.015625,13743800,0.0,0.0
2024-08-14 00:00:00-04:00,524.5388780300436,530.4392723612109,519.6417586898049,523.24755859375,11444200,0.0,0.0
2024-08-15 00:00:00-04:00,528.2439121362164,536.1707413680679,523.1878870724586,533.7470092773438,13482100,0.0,0.0
2024-08-16 00:00:00-04:00,528.3532441619528,530.1014573197285,521.1614705192093,523.903076171875,14776700,0.0,0.0
2024-08-19 00:00:00-04:00,523.3568293697928,528.1148678543794,519.2742493741875,525.7507934570312,9879700,0.0,0.0
2024-08-20 00:00:00-04:00,524.8269665148338,527.5487472706451,522.3734654428142,523.2177734375,7944400,0.0,0.0
2024-08-21 00:00:00-04:00,523.6349538269176,535.8032700316064,523.4163892745524,531.5914916992188,13423300,0.0,0.0
2024-08-22 00:00:00-04:00,533.4191952832433,540.6009650477762,525.0653012290355,528.3829956054688,15708300,0.0,0.0
2024-08-23 00:00:00-04:00,533.3397517008707,536.2700929585844,521.55884980876,524.479248046875,11323900,0.0,0.0
2024-08-26 00:00:00-04:00,524.0819750389632,524.4793321175962,511.51636075055256,517.6452026367188,9584000,0.0,0.0
2024-08-27 00:00:00-04:00,515.5193548304624,520.5158432413665,511.87384384105246,515.6385498046875,6282700,0.0,0.0
2024-08-28 00:00:00-04:00,514.2181869302751,517.6154262040186,509.03302271484114,513.3341674804688,9106100,0.0,0.0
2024-08-29 00:00:00-04:00,515.5888867116108,523.684565573268,512.2413632137636,514.764404296875,8317400,0.0,0.0
2024-08-30 00:00:00-04:00,517.8735737554629,520.0489730917525,511.7646188064961,517.8338623046875,9157500,0.0,0.0
2024-09-03 00:00:00-04:00,516.1749942685213,521.9859615332059,505.22845751609213,508.3475341796875,12459100,0.0,0.0
2024-09-04 00:00:00-04:00,502.69544703170084,513.1453172957093,500.7087833695343,509.3209533691406,8335200,0.0,0.0
2024-09-05 00:00:00-04:00,508.307802962019,518.1517257651456,507.74159650154314,513.4135131835938,8640900,0.0,0.0
2024-09-06 00:00:00-04:00,518.4000932131843,521.0821016570909,494.92765391819984,496.9341735839844,14744500,0.0,0.0
2024-09-09 00:00:00-04:00,502.7848710640587,507.92037993887993,498.7320599932226,501.42401123046875,11047800,0.0,0.0
2024-09-10 00:00:00-04:00,504.7715348360927,510.7513818768451,496.6957417525211,501.42401123046875,9899000,0.0,0.0
2024-09-11 00:00:00-04:00,503.6291862714389,509.698429267569,492.29526633096543,508.4170227050781,10782500,0.0,0.0
2024-09-12 00:00:00-04:00,513.6022393471186,523.1978593142228,511.7844250205015,522.09521484375,11970500,0.0,0.0
2024-09-13 00:00:00-04:00,516.8704572987319,524.0621720816487,513.6619533531348,521.1218872070312,10321400,0.0,0.0
2024-09-16 00:00:00-04:00,521.5393768501115,531.0446869851908,514.4402669362904,530.2294311523438,9527600,0.5,0.0
2024-09-17 00:00:00-04:00,534.5247216049645,538.9989800805172,527.5349671432173,533.2520751953125,11690800,0.0,0.0
2024-09-18 00:00:00-04:00,533.9978317009908,541.0870511612405,530.8459818909702,534.872802734375,10323500,0.0,0.0
2024-09-19 00:00:00-04:00,546.8536926871561,558.8546528253562,543.3936196511286,555.901611328125,15647000,0.0,0.0
2024-09-20 00:00:00-04:00,556.7966017328396,561.2708601396214,553.1177549056164,558.1388549804688,22066800,0.0,0.0
2024-09-23 00:00:00-04:00,566.2421838477487,570.6965366558616,559.1927153838685,561.1812744140625,12830700,0.0,0.0
2024-09-24 00:00:00-04:00,563.438417728342,564.5023042983775,551.0198738833946,560.1076049804688,12993000,0.0,0.0
2024-09-25 00:00:00-04:00,560.8233197330189,573.5799422527921,560.4951905177006,565.0589599609375,16543400,0.0,0.0
2024-09-26 00:00:00-04:00,572.4364936162849,574.0969840070431,559.1330295975274,564.5916748046875,14400800,0.0,0.0
2024-09-27 00:00:00-04:00,566.8387572234752,567.5745750797583,561.2807684246667,564.1144409179688,9398400,0.0,0.0
2024-09-30 00:00:00-04:00,564.4525297734127,571.392581823153,561.5690947166503,569.1654052734375,12792300,0.0,0.0
2024-10-01 00:00:00-04:00,574.6736740742251,579.7047261626475,566.8387463764593,573.1723022460938,15259300,0.0,0.0
2024-10-02 00:00:00-04:00,571.5715250916941,572.705018338464,566.0831432657689,569.5332641601562,6524700,0.0,0.0
2024-10-03 00:00:00-04:00,566.8884769556879,580.0228702133212,565.4765563823341,579.436279296875,11581000,0.0,0.0
2024-10-04 00:00:00-04:00,580.3907699305325,593.4357124935896,578.1039391514795,592.5309448242188,14169500,0.0,0.0
2024-10-07 00:00:00-04:00,594.7979979942911,599.5009824393716,580.699118538269,581.4349365234375,12014200,0.0,0.0
2024-10-08 00:00:00-04:00,586.3167064096679,590.1645633879729,582.6179549512773,589.4984130859375,7857400,0.0,0.0
2024-10-09 00:00:00-04:00,590.5920924118491,590.9898285010107,578.2829068901802,587.1320190429688,9529700,0.0,0.0
2024-10-10 00:00:00-04:00,584.2088301034865,586.8535869486327,579.1877306195246,580.490234375,7740400,0.0,0.0
2024-10-11 00:00:00-04:00,581.4846102064073,587.8281195065246,579.376742110834,586.5753173828125,8587100,0.0,0.0
2024-10-14 00:00:00-04:00,590.8207918278077,596.6671607014488,586.5852117292404,587.0425415039062,8252000,0.0,0.0
2024-10-15 00:00:00-04:00,586.7839608852024,587.2313987957768,576.8213215978997,582.916259765625,9564200,0.0,0.0
2024-10-16 00:00:00-04:00,578.074153352245,578.7502561624128,570.7463179400054,573.490478515625,11268400,0.0,0.0
2024-10-17 00:00:00-04:00,579.9931131702996,581.6236855285798,571.9096154864388,573.6296997070312,8701200,0.0,0.0
2024-10-18 00:00:00-04:00,577.7758214109436,580.6293988605148,571.9593103260983,573.1723022460938,7694300,0.0,0.0
2024-10-21 00:00:00-04:00,572.7348910706112,573.937930513858,565.8544327374575,571.8698120117188,8171900,0.0,0.0
2024-10-22 00:00:00-04:00,571.0047339757137,580.1919272386083,568.8471645216868,578.6806030273438,8544500,0.0,0.0
2024-10-23 00:00:00-04:00,576.6522939692993,581.6535493433651,559.2822589840049,560.4654541015625,14248400,0.0,0.0
2024-10-24 00:00:00-04:00,563.885676542558,565.625665478875,558.3077837170615,564.531982421875,7184700,0.0,0.0
2024-10-25 00:00:00-04:00,570.6469280937719,577.9648119564067,568.4495481592674,569.9708251953125,11337900,0.0,0.0
2024-10-28 00:00:00-04:00,578.67072146079,580.410710743533,570.8357934356153,574.8526611328125,10925100,0.0,0.0
2024-10-29 00:00:00-04:00,576.8313344603039,590.2739533915471,572.1085063582906,589.88623046875,13019100,0.0,0.0
2024-10-30 00:00:00-04:00,597.5420905900066,597.7608636426235,586.0084723536592,588.4146118164062,26864900,0.0,0.0
2024-10-31 00:00:00-04:00,581.6535232859577,586.5255172425846,559.7893261973286,564.3331909179688,26838400,0.0,0.0
2024-11-01 00:00:00-04:00,564.3630263338429,570.3883582518947,559.3419265164682,563.9155883789062,15303200,0.0,0.0
2024-11-04 00:00:00-05:00,560.87307535209,565.4368452329544,554.6986381254013,557.47265625,12064600,0.0,0.0
2024-11-05 00:00:00-05:00,564.0547369200507,570.1993768247104,563.4283359927113,569.1553955078125,9775400,0.0,0.0
2024-11-06 00:00:00-05:00,559.5308004818795,569.7221655728422,551.9941447200907,568.777587890625,18305400,0.0,0.0
2024-11-07 00:00:00-05:00,573.5899682554951,591.3974890420855,571.9195858236583,588.3152465820312,14653700,0.0,0.0
2024-11-08 00:00:00-05:00,588.1561165108458,589.707190216614,581.1763151778936,585.96875,9415700,0.0,0.0
2024-11-11 00:00:00-05:00,583.0056771770936,583.6420305825735,573.212048979197,579.8339233398438,10209100,0.0,0.0
2024-11-12 00:00:00-05:00,585.1731775517687,596.2295596498808,577.0598843312688,581.4744873046875,16287700,0.0,0.0
2024-11-13 00:00:00-05:00,579.2771226118736,582.2898184060665,571.8796812448458,576.6820678710938,10757600,0.0,0.0
2024-11-14 00:00:00-05:00,573.6993404002395,577.4378414789874,569.7321744285508,573.8583984375,11053700,0.0,0.0
2024-11-15 00:00:00-05:00,567.9522419153632,569.2945554984724,548.3450815467248,550.9103393554688,17712900,0.0,0.0
2024-11-18 00:00:00-05:00,553.8534284072965,556.6971138862053,546.9432344613651,551.2285766601562,14327300,0.0,0.0
2024-11-19 00:00:00-05:00,548.7030690284671,558.2183311036446,547.4502671516217,557.8803100585938,9522400,0.0,0.0
2024-11-20 00:00:00-05:00,559.7097624878369,563.1101814515828,551.0297217043255,562.2849731445312,9797300,0.0,0.0
2024-11-21 00:00:00-05:00,566.2621066854078,566.7393414481576,545.9091728138703,559.868896484375,11154700,0.0,0.0
2024-11-22 00:00:00-05:00,560.3262747981044,560.6047022245103,551.4175681293176,555.9415283203125,9164000,0.0,0.0
2024-11-25 00:00:00-05:00,558.8844673779386,569.3145100236936,553.2071704273792,561.8772583007812,13599800,0.0,0.0
2024-11-26 00:00:00-05:00,562.7621877433986,574.1964018053228,561.9667762936829,570.259033203125,10356600,0.0,0.0
2024-11-27 00:00:00-05:00,571.601423170664,571.6908743519631,560.8731072719025,565.9439697265625,7200200,0.0,0.0
2024-11-29 00:00:00-05:00,565.7450327371056,575.1509386081322,563.6570700717043,571.0346069335938,7130500,0.0,0.0
2024-12-02 00:00:00-05:00,574.196458750282,591.0992116485587,572.2775064388576,589.4387817382812,12522400,0.0,0.0
2024-12-03 00:00:00-05:00,591.5963112149323,610.6864900333547,587.8677630350062,610.1396484375,14907200,0.0,0.0
2024-12-04 00:00:00-05:00,609.4534824918237,614.2459161646224,601.6384008042504,610.268798828125,14697000,0.0,0.0
2024-12-05 00:00:00-05:00,613.550119948881,616.3539959197653,603.5774656613376,605.4467163085938,8081200,0.0,0.0
2024-12-06 00:00:00-05:00,606.609996608488,626.1873655515558,605.0490309451652,620.2018432617188,16935500,0.0,0.0
2024-12-09 00:00:00-05:00,620.3508267816162,622.8166811211822,602.7023662786942,610.06005859375,11426000,0.0,0.0
2024-12-10 00:00:00-05:00,614.0272799520044,622.0113739130567,609.234845211511,615.7772216796875,10938900,0.0,0.0
2024-12-11 00:00:00-05:00,619.8039905100828,634.7480401253283,617.9745502630952,629.0607299804688,10837200,0.0,0.0
2024-12-12 00:00:00-05:00,627.8876010257708,633.0180573346814,623.6221631603041,627.181640625,7474700,0.0,0.0
2024-12-13 00:00:00-05:00,623.632088329768,627.4700541179118,613.3612226564097,616.8013916015625,8453300,0.0,0.0
2024-12-16 00:00:00-05:00,626.8814975325155,628.0457867533739,615.5376035416824,621.1697387695312,10885600,0.5,0.0
2024-12-17 00:00:00-05:00,623.0901281665253,629.2596452404018,613.5074890422593,616.3932495117188,12897800,0.0,0.0
2024-12-18 00:00:00-05:00,617.9455721226966,624.274275483024,593.3869695558374,594.252685546875,17075500,0.0,0.0
2024-12-19 00:00:00-05:00,607.3879260072148,608.5123731732531,592.0736042552132,592.6408081054688,14958100,0.0,0.0
2024-12-20 00:00:00-05:00,587.675323062813,600.1436642411298,577.1473424651591,582.3715209960938,48989400,0.0,0.0
2024-12-23 00:00:00-05:00,586.7000720639313,598.1336103729398,583.3665730831542,596.899658203125,10205800,0.0,0.0
2024-12-24 00:00:00-05:00,599.7555139461255,604.9996130735921,596.3324917694366,604.7608032226562,4726100,0.0,0.0
2024-12-26 00:00:00-05:00,602.5019749107529,603.3179490935831,595.994163249834,600.3824462890625,6081400,0.0,0.0
2024-12-27 00:00:00-05:00,596.4618063664631,598.8898077827639,586.8990872280444,596.85986328125,8084200,0.0,0.0
2024-12-30 00:00:00-05:00,585.8541662451341,594.0038852291777,582.6997752560201,588.3319091796875,7025900,0.0,0.0
2024-12-31 00:00:00-05:00,589.3570104919964,591.0486006579675,580.9783795227164,582.6302490234375,6019500,0.0,0.0
2025-01-02 00:00:00-05:00,586.8195277648132,601.9348206194616,584.9289090505599,596.292724609375,12682300,0.0,0.0
2025-01-03 00:00:00-05:00,601.7855544308446,606.5022314682295,593.4765866809927,601.6561889648438,11436800,0.0,0.0
2025-01-06 00:00:00-05:00,608.8207596792694,627.8864953892827,602.641281410124,627.1004028320312,14560800,0.0,0.0
2025-01-07 00:00:00-05:00,628.5930258941997,628.9910220723464,605.2384303850833,614.8509521484375,12071500,0.0,0.0
2025-01-08 00:00:00-05:00,610.382997271492,613.4080230721381,599.82513672869,607.7161254882812,10085800,0.0,0.0
2025-01-10 00:00:00-05:00,607.0295902270824,626.8117543633127,594.4020036952091,612.8308715820312,19256600,0.0,0.0
2025-01-13 00:00:00-05:00,604.1140210154849,605.9748187670136,595.5066015316934,605.3380126953125,10785000,0.0,0.0
2025-01-14 00:00:00-05:00,602.093936955974,602.5118541569082,585.6551720564437,591.3271484375,13598000,0.0,0.0
2025-01-15 00:00:00-05:00,607.2087904116609,619.3985405217896,603.5170156565779,614.0847778320312,15524300,0.0,0.0
2025-01-16 00:00:00-05:00,608.4924244716136,613.2190622741323,606.7112501958828,608.2933959960938,8355300,0.0,0.0
2025-01-17 00:00:00-05:00,620.9806532892833,621.8961113451103,600.7008856525179,609.7561645507812,17280600,0.0,0.0
2025-01-21 00:00:00-05:00,614.7912965163201,618.443229069153,606.0146693079478,613.4280395507812,11674000,0.0,0.0
2025-01-22 00:00:00-05:00,620.2343211513619,630.5831936184607,616.3833603918935,620.433349609375,12274000,0.0,0.0
2025-01-23 00:00:00-05:00,624.2743234364817,633.468866899262,618.0949061109532,633.3196411132812,9910200,0.0,0.0
2025-01-24 00:00:00-05:00,633.2699982280365,648.7932479651176,631.0808064099955,644.305419921875,19065300,0.0,0.0
2025-01-27 00:00:00-05:00,623.5280177511174,660.6047649681485,622.0254349357211,656.6343994140625,28399200,0.0,0.0
2025-01-28 00:00:00-05:00,662.7244408444689,679.2229131493614,656.22652790983,671.0134887695312,20950100,0.0,0.0
2025-01-29 00:00:00-05:00,671.6799970081955,677.7002277973523,662.3958698215398,673.1626586914062,21377800,0.0,0.0
2025-01-30 00:00:00-05:00,693.3927409364592,707.294001197109,672.774619401076,683.6210327148438,29322900,0.0,0.0
2025-01-31 00:00:00-05:00,687.6014000766061,701.8310551092019,682.2080746968453,685.7903442382812,19303900,0.0,0.0
2025-02-03 00:00:00-05:00,672.5854868392348,700.5373519375069,671.9287597951726,694.029541015625,21415700,0.0,0.0
2025-02-04 00:00:00-05:00,699.0448111623289,704.2292080677055,688.2083581609453,700.7265014648438,13826300,0.0,0.0
2025-02-05 00:00:00-05:00,700.0896222542642,714.6078889974233,695.5719738179728,701.4031372070312,17778200,0.0,0.0
2025-02-06 00:00:00-05:00,702.4081644926629,715.3641456188349,700.0398655613205,708.4880981445312,13080700,0.0,0.0
2025-02-07 00:00:00-05:00,713.2743693522815,721.4440099000519,708.249220189881,711.005615234375,16427100,0.0,0.0
2025-02-10 00:00:00-05:00,715.0257888589608,717.652818700605,707.8313687608933,713.8715209960938,12904300,0.0,0.0
2025-02-11 00:00:00-05:00,709.8115349418778,720.1006435254067,706.5476385055467,716.2596435546875,12998000,0.0,0.0
2025-02-12 00:00:00-05:00,711.7818168815365,723.523766963731,709.0950845634602,721.812255859375,12016500,0.0,0.0
2025-02-13 00:00:00-05:00,717.9713316181679,725.4145229257568,714.5084061760308,724.9766845703125,12569100,0.0,0.0
2025-02-14 00:00:00-05:00,722.5685149916063,737.2658278537506,722.0510531620941,733.0466918945312,16901200,0.0,0.0
2025-02-18 00:00:00-05:00,732.3800130970368,733.3750946365709,702.9654052178096,712.8465576171875,21938700,0.0,0.0
2025-02-19 00:00:00-05:00,700.6368658835008,703.5226265523086,691.9697448143099,700.3085327148438,17535500,0.0,0.0
2025-02-20 00:00:00-05:00,693.8504254939003,702.1593313419692,690.2283144244507,691.4224243164062,12587400,0.0,0.0
2025-02-21 00:00:00-05:00,693.1539301625503,700.4080528713276,679.0038387952945,680.18798828125,15660400,0.0,0.0
2025-02-24 00:00:00-05:00,682.9045646514273,683.8896856241412,659.1917553729045,664.8438110351562,15677000,0.0,0.0
2025-02-25 00:00:00-05:00,662.6944247816905,664.7144694629277,638.703023401866,654.26611328125,20579700,0.0,0.0
2025-02-26 00:00:00-05:00,656.4055905153153,679.6506817176414,654.763681609393,670.386474609375,14488700,0.0,0.0
2025-02-27 00:00:00-05:00,679.0934498337167,685.2629678985895,654.3358147754243,655.0025024414062,12500000,0.0,0.0
2025-02-28 00:00:00-05:00,654.8034504822056,666.3364725318584,639.4393887052988,664.9135131835938,17534200,0.0,0.0
2025-03-03 00:00:00-05:00,670.3665609910959,677.8993359462462,647.6389313945824,651.8281860351562,10843800,0.0,0.0
2025-03-04 00:00:00-05:00,642.3350817447994,646.554217672348,620.5826142922276,636.8521728515625,21495200,0.0,0.0
2025-03-05 00:00:00-05:00,637.847267619745,656.256276123591,634.523668550264,653.2411499023438,13770000,0.0,0.0
2025-03-06 00:00:00-05:00,644.812846805576,647.3602531536812,621.040333910999,624.841552734375,13446500,0.0,0.0
2025-03-07 00:00:00-05:00,622.294150848658,631.6678021460568,597.6559216844704,622.5827026367188,21375700,0.0,0.0
2025-03-10 00:00:00-04:00,605.0792675215534,607.109212093194,583.9835257431913,595.048828125,21999900,0.0,0.0
2025-03-11 00:00:00-04:00,592.1232321992892,611.9054572036264,590.4117211785095,602.7308349609375,17401500,0.0,0.0
2025-03-12 00:00:00-04:00,626.8019889135747,630.2151118661235,606.3530113322171,616.5128173828125,15747000,0.0,0.0
2025-03-13 00:00:00-04:00,617.1993356753703,617.4481060645986,583.6252936627146,587.7349853515625,16480300,0.0,0.0
2025-03-14 00:00:00-04:00,600.3687854957838,606.4043419789234,592.381172955088,605.1494140625,12364500,0.525,0.0
2025-03-17 00:00:00-04:00,605.01006095703,610.6272679434014,595.5881924170304,602.4603881835938,15473900,0.0,0.0
2025-03-18 00:00:00-04:00,597.6298861819188,597.8290917063831,572.34227369431,580.01123046875,20297700,0.0,0.0
2025-03-19 00:00:00-04:00,581.9235510596104,589.9311027976759,572.4518964146898,581.7044067382812,20537500,0.0,0.0
2025-03-20 00:00:00-04:00,580.4096129893901,607.7389439842362,577.172720940167,583.6365356445312,24336500,0.0,0.0
2025-03-21 00:00:00-04:00,581.0669435562578,595.1299901540924,578.6069346961235,593.84521484375,25015900,0.0,0.0
2025-03-24 00:00:00-04:00,612.4897086743648,620.0291850741187,609.7309218178737,616.3540649414062,15741300,0.0,0.0
2025-03-25 00:00:00-04:00,624.2322549021957,631.3235347184631,618.6747423038911,623.7840576171875,15312500,0.0,0.0
2025-03-26 00:00:00-04:00,622.3697410659778,624.2222248223229,604.163437823038,608.5158081054688,12609800,0.0,0.0
2025-03-27 00:00:00-04:00,599.5720414465346,611.7726353131792,597.67968012305,600.1497192382812,10436500,0.0,0.0
2025-03-28 00:00:00-04:00,597.8888240380612,599.3230186538527,571.605245739065,574.4138793945312,17602800,0.0,0.0
2025-03-31 00:00:00-04:00,561.2273418254761,576.3660506926756,551.0684674021583,574.0354614257812,21124700,0.0,0.0
2025-04-01 00:00:00-04:00,568.537705940541,587.5307390242879,567.70106709451,583.6365356445312,12836600,0.0,0.0
2025-04-02 00:00:00-04:00,572.5912500878843,590.2696609066593,571.0475136953103,581.5748901367188,13470800,0.0,0.0
2025-04-03 00:00:00-04:00,544.016982785148,550.3314393515183,528.1612075786397,529.4758911132812,34777500,0.0,0.0
2025-04-04 00:00:00-04:00,504.5767280238223,515.9108358048159,492.2068365877987,502.6943664550781,38589800,0.0,0.0
2025-04-07 00:00:00-04:00,483.14348777248983,537.1945936136326,479.9563819403582,514.1678466796875,36606100,0.0,0.0
2025-04-08 00:00:00-04:00,541.0589647931961,545.2220987278512,500.83185110030036,508.3912658691406,28034200,0.0,0.0
2025-04-09 00:00:00-04:00,507.21603593950647,585.5189766353849,500.0849095170737,583.4075317382812,39216600,0.0,0.0
2025-04-10 00:00:00-04:00,573.1690406272908,578.9556064811119,533.1411243593333,544.0867919921875,28173500,0.0,0.0
2025-04-11 00:00:00-04:00,533.3502556297472,545.1923169106578,526.4581815568449,541.3777465820312,17642300,0.0,0.0
2025-04-14 00:00:00-04:00,553.926912857093,555.5204964254532,526.1494412576809,529.3364868164062,14130900,0.0,0.0
2025-04-15 00:00:00-04:00,529.9638803667925,535.7703838427552,515.4128199804695,519.4166259765625,15558700,0.0,0.0
2025-04-16 00:00:00-04:00,506.4591254364096,511.2995098605443,493.6310672206579,500.28411865234375,18735100,0.0,0.0
2025-04-17 00:00:00-04:00,503.21224251554713,505.25396236597624,496.0014523688267,499.45745849609375,14593500,0.0,0.0
2025-04-21 00:00:00-04:00,489.34840447960073,491.50966603004946,477.8649073178194,482.705322265625,16166000,0.0,0.0
2025-04-22 00:00:00-04:00,489.8862436640875,504.8357168469179,484.3984562132767,498.2623291015625,17399400,0.0,0.0
2025-04-23 00:00:00-04:00,526.3983257879518,533.1808567980303,514.4367556161823,518.171630859375,18173900,0.0,0.0
2025-04-24 00:00:00-04:00,516.6378699664548,531.7467310045646,515.4128501808216,530.999755859375,13910000,0.0,0.0
2025-04-25 00:00:00-04:00,544.5946691393716,547.6423253119987,534.0872308807745,545.0628051757812,17098900,0.0,0.0
2025-04-28 00:00:00-04:00,553.3990561017924,556.2375374162976,538.409766598872,547.5228271484375,15179000,0.0,0.0
2025-04-29 00:00:00-04:00,543.7979549633997,554.3253329246786,541.9255322333729,552.2039184570312,11835000,0.0,0.0
2025-04-30 00:00:00-04:00,536.2286028212618,546.8854000110363,527.3644731031741,546.7858276367188,29244000,0.0,0.0
2025-05-01 00:00:00-04:00,589.6920784232152,590.5585647326062,568.1990964565776,569.9022216796875,31159000,0.0,0.0
2025-05-02 00:00:00-04:00,581.1069334308099,601.9027294588711,575.9976178073379,594.6122436523438,24739300,0.0,0.0
2025-05-05 00:00:00-04:00,588.8355666226496,600.7772617327329,585.6783683283057,596.8531494140625,13887700,0.0,0.0
2025-05-06 00:00:00-04:00,590.1403242884969,593.6262086030198,584.2143087960085,584.9413452148438,10600700,0.0,0.0
2025-05-07 00:00:00-04:00,587.9789559689339,600.6476855016655,584.3038359796805,594.4029541015625,13139100,0.0,0.0
2025-05-08 00:00:00-04:00,603.8447184228645,608.8345220578558,594.2137360230962,595.59814453125,14622800,0.0,0.0
2025-05-09 00:00:00-04:00,601.2851535548689,604.5220462267766,589.3236412362096,590.1004638671875,10427300,0.0,0.0
2025-05-12 00:00:00-04:00,628.3753263945498,637.8071631499196,618.5252614130806,636.8510131835938,21965100,0.0,0.0
2025-05-13 00:00:00-04:00,642.9364120582926,658.254386921773,640.2373808266427,653.3841552734375,18570800,0.0,0.0
2025-05-14 00:00:00-04:00,658.5432587283299,659.9973314154452,651.671063189936,656.70068359375,12348200,0.0,0.0
2025-05-15 00:00:00-04:00,651.6412216753015,654.6589696292252,636.0045299274248,641.2831420898438,14341800,0.0,0.0
2025-05-16 00:00:00-04:00,635.3869794893193,637.8569576148437,623.6246144224174,637.7573852539062,18519000,0.0,0.0
2025-05-19 00:00:00-04:00,625.7161768945482,640.4066880114517,625.2679796518272,637.8470458984375,9592400,0.0,0.0
2025-05-20 00:00:00-04:00,633.4449476478025,636.7714432087338,629.7100715967877,634.530517578125,6743500,0.0,0.0
2025-05-21 00:00:00-04:00,629.2418916838421,644.0021281038256,627.6284302053292,632.9369506835938,11464600,0.0,0.0
2025-05-22 00:00:00-04:00,631.492768599171,640.6556757699244,628.1662733645643,634.0026245117188,8228400,0.0,0.0
2025-05-23 00:00:00-04:00,621.4833495575277,629.8992820739184,620.1388185495641,624.531005859375,8454100,0.0,0.0
2025-05-27 00:00:00-04:00,632.8472662118028,640.4863756807556,630.1980211513535,639.7294311523438,9508400,0.0,0.0
2025-05-28 00:00:00-04:00,640.0082251890005,648.254859263292,639.9584390080566,640.9843139648438,9042900,0.0,0.0
2025-05-29 00:00:00-04:00,649.0218431897822,650.6850908623647,636.9208212538034,642.4484252929688,8858800,0.0,0.0
2025-05-30 00:00:00-04:00,639.9087359485001,646.790840509364,630.227966818394,644.8786010742188,16241000,0.0,0.0
2025-06-02 00:00:00-04:00,641.791121766507,670.5446811489596,641.6616412070963,668.1942138671875,15766300,0.0,0.0
2025-06-03 00:00:00-04:00,668.7419453527419,672.8552932556931,662.3478552754221,664.1604614257812,11585000,0.0,0.0
2025-06-04 00:00:00-04:00,666.6204881500277,686.2211069583093,665.8735130698844,685.1753540039062,14031900,0.0,0.0
2025-06-05 00:00:00-04:00,688.8704104821669,691.5794719470881,679.4983890924821,681.8588256835938,13083100,0.0,0.0
2025-06-06 00:00:00-04:00,693.3621683649559,699.9754022986715,689.0795234172199,694.89599609375,11728000,0.0,0.0
2025-06-09 00:00:00-04:00,695.6430205968694,702.3458579741853,691.1412310298801,691.2607421875,12773200,0.0,0.0
2025-06-10 00:00:00-04:00,698.5213248498013,700.3937473880201,688.7708312874433,699.567138671875,10850100,0.0,0.0
2025-06-11 00:00:00-04:00,700.871802415462,706.0109642368116,689.199040180601,691.3403930664062,9582500,0.0,0.0
2025-06-12 00:00:00-04:00,690.5037820202001,692.575410020333,684.2292032313352,690.5635375976562,7322700,0.0,0.0
2025-06-13 00:00:00-04:00,685.1754345871889,691.768730540237,678.2634219344503,680.1159057617188,9274400,0.0,0.0
2025-06-16 00:00:00-04:00,697.0454302800655,704.839891030923,691.2444358848513,699.8262939453125,13720300,0.525,0.0
2025-06-17 00:00:00-04:00,699.7067687984049,703.6637707541142,693.7861706289875,694.9523315429688,10066100,0.0,0.0
2025-06-18 00:00:00-04:00,695.8991705300261,699.2980647722242,692.6299173050131,693.4970703125,10068300,0.0,0.0
2025-06-20 00:00:00-04:00,698.4607641474819,699.5272759324512,676.4528788689065,680.120849609375,22538600,0.0,0.0
2025-06-23 00:00:00-04:00,681.4564999402276,696.7663067524254,676.5326356722177,696.248046875,11080100,0.0,0.0
2025-06-24 00:00:00-04:00,702.5872956643889,710.860169242287,699.8163481052391,709.8734130859375,13823200,0.0,0.0
2025-06-25 00:00:00-04:00,710.9897247556078,714.2390846812559,703.0756608117819,706.3648681640625,9320400,0.0,0.0
2025-06-26 00:00:00-04:00,712.0262960706955,725.84100327131,708.7271116959034,723.718017578125,13964800,0.0,0.0
2025-06-27 00:00:00-04:00,724.1466398304902,733.0275060697373,723.4887618360168,731.2333984375,18775700,0.0,0.0
2025-06-30 00:00:00-04:00,742.1177521024767,745.4568450948445,731.8514114766995,735.6788940429688,15402100,0.0,0.0
2025-07-01 00:00:00-04:00,734.4727647300622,735.3399177465482,713.0330238804761,716.8704223632812,13431200,0.0,0.0
2025-07-02 00:00:00-04:00,712.9931517050737,717.946886332231,710.4713875973353,711.2388916015625,9336700,0.0,0.0
2025-07-03 00:00:00-04:00,724.23628063908,726.6484187341657,712.0861007528597,716.6611328125,8601700,0.0,0.0
2025-07-07 00:00:00-04:00,715.2556849998467,724.6250009558648,711.1790804792781,716.0032348632812,9457100,0.0,0.0
2025-07-08 00:00:00-04:00,719.2128191233631,720.5484076114845,712.4748926138262,718.3157348632812,7770700,0.0,0.0
2025-07-09 00:00:00-04:00,720.3589752323313,735.1206520424314,720.3589752323313,730.3861694335938,11418000,0.0,0.0
2025-07-10 00:00:00-04:00,729.1601755610233,733.3962917497249,717.2492014044612,724.8642578125,9913600,0.0,0.0
2025-07-11 00:00:00-04:00,720.1397657932962,722.791049443565,707.3815924903404,715.1660766601562,10873900,0.0,0.0
2025-07-14 00:00:00-04:00,715.2556580979717,725.6217068153527,714.2091004956787,718.5648193359375,8939400,0.0,0.0
2025-07-15 00:00:00-04:00,721.5351494521201,722.1032338104419,707.5011297082585,708.0692749023438,11529500,0.0,0.0
2025-07-16 00:00:00-04:00,711.0394977501286,711.6375132851348,696.985585155631,700.6136474609375,13067600,0.0,0.0
2025-07-17 00:00:00-04:00,702.0888975460598,703.5939743779064,694.8326508122145,699.1185913085938,11803300,0.0,0.0
2025-07-18 00:00:00-04:00,699.896109861645,702.4078970710398,689.3905635084973,701.9793090820312,12779800,0.0,0.0
2025-07-21 00:00:00-04:00,704.4909815749821,714.6576719200774,703.4544009949688,710.6408081054688,9404400,0.0,0.0
2025-07-22 00:00:00-04:00,713.8503357336546,714.258969568067,699.1185901916039,702.5075073242188,8921100,0.0,0.0
2025-07-23 00:00:00-04:00,704.062433018762,712.2954590710364,702.6271347622425,711.2489013671875,8771600,0.0,0.0
2025-07-24 00:00:00-04:00,714.7075545657141,721.256099225235,711.6675303636672,712.4649047851562,10920800,0.0,0.0
2025-07-25 00:00:00-04:00,714.5778842585692,718.2957401275581,709.5743254141869,710.3517456054688,8271700,0.0,0.0
2025-07-28 00:00:00-04:00,712.8635901780652,722.3724029167645,710.3518030699777,715.28564453125,8715700,0.0,0.0
2025-07-29 00:00:00-04:00,717.6479213169642,722.1032896273051,697.6235240780348,697.7132568359375,13267000,0.0,0.0
2025-07-30 00:00:00-04:00,705.7768321791035,706.1854660197899,688.9419939778502,692.9389038085938,27077300,0.0,0.0
2025-07-31 00:00:00-04:00,772.667590247117,782.1863801577031,763.0092430876867,770.913330078125,38831100,0.0,0.0
2025-08-01 00:00:00-04:00,758.2448261685668,763.497629588928,742.8752172910131,747.5598754882812,19028700,0.0,0.0
2025-08-04 00:00:00-04:00,757.5172825632864,774.3122137700193,755.9324499017634,773.8338012695312,15801700,0.0,0.0
2025-08-05 00:00:00-04:00,773.913496774336,780.571667176634,760.507423214992,760.9659423828125,11640300,0.0,0.0
2025-08-06 00:00:00-04:00,767.4845283360178,771.1126516160077,757.9757159507556,769.468017578125,9733900,0.0,0.0
2025-08-07 00:00:00-04:00,770.9631295472946,772.4682063669705,757.0686667309535,759.3412475585938,9019700,0.0,0.0
2025-08-08 00:00:00-04:00,760.2582747146965,767.3849416766147,756.101914160301,766.786865234375,7320800,0.0,0.0
2025-08-11 00:00:00-04:00,767.5643719861222,770.9333352985195,762.1720109386977,763.3681030273438,7612000,0.0,0.0
2025-08-12 00:00:00-04:00,770.4747258826147,791.077183084039,769.9065806861354,787.419189453125,14563100,0.0,0.0
2025-08-13 00:00:00-04:00,788.5654595317508,792.8613769942957,775.6876233736197,777.5316162109375,8811800,0.0,0.0
2025-08-14 00:00:00-04:00,775.3387743217048,785.2363270315518,769.986322264654,779.5748901367188,8116200,0.0,0.0
2025-08-15 00:00:00-04:00,781.5883668624648,793.6488143059948,778.269228256533,782.664794921875,13375400,0.0,0.0
2025-08-18 00:00:00-04:00,772.5579712024165,773.2755899130946,754.0884756033142,764.8631591796875,16513700,0.0,0.0
2025-08-19 00:00:00-04:00,764.613945820292,764.6637703117248,746.9119549568848,749.0250244140625,12286700,0.0,0.0
2025-08-20 00:00:00-04:00,745.1278092436016,747.7492222984731,728.6119336256934,745.2772827148438,11898200,0.0,0.0
2025-08-21 00:00:00-04:00,742.2772053426181,743.0646026719377,730.7150636889187,736.6854858398438,8876300,0.0,0.0
2025-08-22 00:00:00-04:00,736.81505282597,754.4273720053774,731.9908982789533,752.32421875,10612700,0.0,0.0
2025-08-25 00:00:00-04:00,752.3541041091971,756.40083816002,747.679423323267,750.8390502929688,6861200,0.0,0.0
2025-08-26 00:00:00-04:00,748.3472672479323,752.4039786334924,745.4966249237331,751.636474609375,7601800,0.0,0.0
2025-08-27 00:00:00-04:00,749.8423869559551,751.6863799088018,740.4133296583533,744.9384765625,8315400,0.0,0.0
2025-08-28 00:00:00-04:00,741.5695520935569,750.5899760103364,738.3799934657852,748.6563110351562,7468000,0.0,0.0
2025-08-29 00:00:00-04:00,742.8453254860702,744.6992345800578,732.9477115811937,736.2868041992188,9070500,0.0,0.0
2025-09-02 00:00:00-04:00,723.6680587816751,733.5955420945892,719.3721416683287,732.7084350585938,9350900,0.0,0.0
2025-09-03 00:00:00-04:00,733.5955932459119,737.8317091036498,731.5921498947655,734.6421508789062,7699300,0.0,0.0
2025-09-04 00:00:00-04:00,746.1245900119145,758.6734271200463,743.3835736708148,746.204345703125,11439100,0.0,0.0
2025-09-05 00:00:00-04:00,750.1613099282893,755.4739147328357,742.596139272426,749.9918823242188,9663400,0.0,0.0
2025-09-08 00:00:00-04:00,753.5302710608411,764.0059463353695,749.5632925404257,749.8423461914062,13087800,0.0,0.0
2025-09-09 00:00:00-04:00,755.0153467057662,763.7965628893893,750.9686127504068,763.1985473632812,10999000,0.0,0.0
2025-09-10 00:00:00-04:00,762.6304417530438,763.1985869501963,748.5465974429485,749.5233764648438,12478300,0.0,0.0
2025-09-11 00:00:00-04:00,752.184771170502,754.6267189634892,745.9252571616319,748.447021484375,7923300,0.0,0.0
2025-09-12 00:00:00-04:00,746.2840072815898,755.095155276553,741.330272625368,753.1216430664062,8248600,0.0,0.0
2025-09-15 00:00:00-04:00,754.9954213012545,771.5412279036273,749.5333431691193,762.2018432617188,10533800,0.0,0.0
2025-09-16 00:00:00-04:00,764.494341124313,778.8074148399552,762.6005237676653,776.4551391601562,11782500,0.0,0.0
2025-09-17 00:00:00-04:00,777.4419223006557,780.7311297077449,763.8066193659058,773.1858520507812,9400900,0.0,0.0
2025-09-18 00:00:00-04:00,778.1994774600552,786.203274581819,770.8336042127465,777.7011108398438,10955000,0.0,0.0
2025-09-19 00:00:00-04:00,783.8508708699721,788.2165669565625,766.6771780735046,775.837158203125,23696800,0.0,0.0
2025-09-22 00:00:00-04:00,779.8218176027002,783.6917575585782,762.4868973227559,763.1751098632812,11706900,0.525,0.0
2025-09-23 00:00:00-04:00,767.254476840496,768.6009504341728,749.1216451610411,753.4404296875,10872600,0.0,0.0
2025-09-24 00:00:00-04:00,755.5349916265823,759.1356124217834,750.5779133776451,758.686767578125,8828200,0.0,0.0
2025-09-25 00:00:00-04:00,751.4954858581857,754.8068807440363,742.6185490172081,746.9672241210938,10591100,0.0,0.0
2025-09-26 00:00:00-04:00,748.0544659269957,749.9794521140951,735.4372562509625,741.8206787109375,9696300,0.0,0.0
2025-09-29 00:00:00-04:00,746.777703342028,748.8324179023273,737.2325826153279,741.4715576171875,9246800,0.0,0.0
2025-09-30 00:00:00-04:00,740.3245554260684,741.0426584785586,724.4159185837501,732.4749755859375,16226800,0.0,0.0
2025-10-01 00:00:00-04:00,719.6183236513255,719.9773751402398,708.357633728991,715.4791259765625,20419600,0.0,0.0
2025-10-02 00:00:00-04:00,720.7055653205383,725.8821043267139,716.2770807321521,725.1639404296875,11415300,0.0,0.0
2025-10-03 00:00:00-04:00,727.7372737109582,729.1037149276121,708.3377167266436,708.7167358398438,16154300,0.0,0.0
2025-10-06 00:00:00-04:00,703.3607165744016,715.0203947681905,688.718804278428,713.8035278320312,21654700,0.0,0.0
2025-10-07 00:00:00-04:00,715.8581417735932,716.636147605649,703.9192222306009,711.230224609375,12062900,0.0,0.0
2025-10-08 00:00:00-04:00,711.599278595462,717.7832075860277,705.9738944950672,715.9779052734375,10790600,0.0,0.0
2025-10-09 00:00:00-04:00,716.4167658258609,731.6072387695312,710.5918883665408,731.6072387695312,12717200,0.0,0.0
2025-10-10 00:00:00-04:00,729.0239332852144,733.3626856542741,702.6824691715568,703.4703979492188,16980100,0.0,0.0
2025-10-13 00:00:00-04:00,711.1603595995662,718.072374881022,705.8042950194317,713.8433837890625,9251800,0.0,0.0
2025-10-14 00:00:00-04:00,705.9439682909708,713.6937706407739,697.5158763660478,706.8117065429688,8829800,0.0,0.0
2025-10-15 00:00:00-04:00,715.1998794771447,722.0221626881838,707.6694770310874,715.6885986328125,10246800,0.0,0.0
2025-10-16 00:00:00-04:00,715.6886043056783,723.6080097298942,702.0540824517458,710.2228393554688,9017000,0.0,0.0
2025-10-17 00:00:00-04:00,705.2458014471516,716.6760344343375,704.2882698394852,715.0602416992188,12232400,0.0,0.0
2025-10-20 00:00:00-04:00,719.3191931642514,731.8665769499745,718.3118034233538,730.2706909179688,8900200,0.0,0.0
2025-10-21 00:00:00-04:00,734.110725168398,736.5842723709278,726.8595646449745,731.3678588867188,7647300,0.0,0.0
2025-10-22 00:00:00-04:00,731.9264006052239,738.6787972623451,722.1518348008319,731.5074462890625,8734500,0.0,0.0
2025-10-23 00:00:00-04:00,732.7941435868839,740.4841042897723,731.1982575844598,732.095947265625,9856000,0.0,0.0
2025-10-24 00:00:00-04:00,734.8786455644157,739.2872233202683,729.2533227506186,736.444580078125,9151300,0.0,0.0
2025-10-27 00:00:00-04:00,747.7851152228061,753.7895182960361,746.069606274355,748.872314453125,11321100,0.0,0.0
2025-10-28 00:00:00-04:00,750.6776381609803,756.4326899204912,743.5860965317024,749.49072265625,12193800,0.0,0.0
2025-10-29 00:00:00-04:00,752.7921200604676,757.1906533932021,740.5838813084906,749.7200927734375,26818600,0.0,0.0
2025-10-30 00:00:00-04:00,667.414190282622,679.1935516668058,648.4833846789722,664.7410888671875,88440100,0.0,0.0
2025-10-31 00:00:00-04:00,672.7602632515434,673.1392823636344,643.8953340746643,646.6680908203125,56953200,0.0,0.0
2025-11-03 00:00:00-05:00,654.298256711345,657.619635334369,634.5296648817072,636.0557250976562,33003600,0.0,0.0
2025-11-04 00:00:00-05:00,626.410791028598,640.0752642850032,624.3860886703497,625.6926879882812,27356600,0.0,0.0
2025-11-05 00:00:00-05:00,630.6697208898194,640.5639703518489,624.9146693781357,634.30029296875,20219900,0.0,0.0
2025-11-06 00:00:00-05:00,634.2005186436334,634.3501538797125,616.3968476378337,617.3344116210938,23628800,0.0,0.0
2025-11-07 00:00:00-05:00,614.8907386759073,620.5161224262619,599.640424749484,620.0972290039062,29946800,0.0,0.0
2025-11-10 00:00:00-05:00,629.4529708548182,633.3528014765299,616.5065997528014,630.1212158203125,19245000,0.0,0.0
2025-11-11 00:00:00-05:00,626.3709044869131,627.9268552540688,617.7832543081277,625.4533081054688,13302200,0.0,0.0
2025-11-12 00:00:00-05:00,626.5005716840028,627.3583261459861,606.1934022078184,607.43017578125,24493300,0.0,0.0
2025-11-13 00:00:00-05:00,611.4796659420805,616.0478021853295,601.4357808374693,608.3079223632812,20973800,0.0,0.0
2025-11-14 00:00:00-05:00,600.2288811530552,612.088052043071,593.6560102918138,607.8790283203125,20724100,0.0,0.0
2025-11-17 00:00:00-05:00,607.4600964135232,610.1032465254069,593.855525554584,600.4483642578125,16501300,0.0,0.0
2025-11-18 00:00:00-05:00,590.065358149623,602.0940719298206,582.2656968950795,596.1395874023438,25500600,0.0,0.0
2025-11-19 00:00:00-05:00,592.1797786556917,593.7856483585136,579.7421567881397,588.7886352539062,24744700,0.0,0.0
2025-11-20 00:00:00-05:00,601.9344542639864,605.1460720070379,581.8367012414765,587.6217041015625,20603000,0.0,0.0
2025-11-21 00:00:00-05:00,586.9734117815261,596.5684523172222,580.3506215479276,592.70849609375,21052600,0.0,0.0
2025-11-24 00:00:00-05:00,597.1668126146857,615.1002115339802,596.0796743085915,611.4596557617188,23554900,0.0,0.0
2025-11-25 00:00:00-05:00,622.3813086708644,635.3974440566444,616.696082618217,634.569580078125,25213000,0.0,0.0
2025-11-26 00:00:00-05:00,636.0358029520913,636.7040478933542,629.9915253276793,631.9663696289062,15209500,0.0,0.0
2025-11-28 00:00:00-05:00,634.4299618769652,646.3688812783262,633.8514494094911,646.2691650390625,11033200,0.0,0.0
2025-12-01 00:00:00-05:00,637.8909364271796,643.6459879981971,636.1056017671217,639.20751953125,13029900,0.0,0.0
2025-12-02 00:00:00-05:00,640.6737853801045,646.1894088056151,636.414842355605,645.42138671875,11640900,0.0,0.0
2025-12-03 00:00:00-05:00,642.7383773862279,647.1668624868771,635.8961867971512,637.9408569335938,11134300,0.0,0.0
2025-12-04 00:00:00-05:00,674.2463992276428,674.3461154685141,658.3377626918029,659.81396484375,29874600,0.0,0.0
2025-12-05 00:00:00-05:00,662.2775487290173,672.9398207362489,660.6717397649775,671.673095703125,21207900,0.0,0.0
2025-12-08 00:00:00-05:00,667.603701448277,674.9545781663558,663.344758713728,665.0702514648438,13161000,0.0,0.0
2025-12-09 00:00:00-05:00,662.0481300460407,662.7562492699393,651.6451938720459,655.2557983398438,12997100,0.0,0.0
2025-12-10 00:00:00-05:00,648.2639556943986,652.8121240146866,641.730959438269,648.4434814453125,16910900,0.0,0.0
2025-12-11 00:00:00-05:00,641.6212380225077,653.5801862453618,639.1377070000864,651.016845703125,13056700,0.0,0.0
2025-12-12 00:00:00-05:00,648.1143349664432,709.1555875928369,636.9533606253732,642.5587768554688,14016900,0.0,0.0
2025-12-15 00:00:00-05:00,644.5502809809109,651.8372704406642,637.5627451568915,646.3570556640625,15549100,0.525,0.0
2025-12-16 00:00:00-05:00,642.3541401459643,661.3602142938313,642.054686531657,655.9798583984375,14309100,0.0,0.0
2025-12-17 00:00:00-05:00,654.4426118233187,660.0526000253047,648.0440522221027,648.343505859375,15598500,0.0,0.0
2025-12-18 00:00:00-05:00,655.8601356908653,669.366012780715,655.2911433094866,663.2669067382812,20260300,0.0,0.0
2025-12-19 00:00:00-05:00,665.2333263832898,669.8051880946751,657.0080086354003,657.5969848632812,49977100,0.0,0.0
2025-12-22 00:00:00-05:00,660.4718397886508,672.380589007267,655.4807431709672,660.3220825195312,15659400,0.0,0.0
2025-12-23 00:00:00-05:00,658.8746741689592,664.8140915262984,657.0778915122911,663.7559814453125,8486800,0.0,0.0
2025-12-24 00:00:00-05:00,661.3503688947783,666.9902722948509,661.0209394131572,666.3613891601562,5627500,0.0,0.0
2025-12-26 00:00:00-05:00,666.8704124858896,667.7588423243637,660.1424238558649,662.10888671875,7133800,0.0,0.0
2025-12-29 00:00:00-05:00,656.8383689858442,659.0743707339258,653.2248195668056,657.5171508789062,8506500,0.0,0.0
2025-12-30 00:00:00-05:00,657.5171386037911,671.0230153954109,656.6686764849229,664.7642211914062,9187500,0.0,0.0
2025-12-31 00:00:00-05:00,663.5663484641349,663.8159033150052,658.2658058687088,658.9146728515625,7940400,0.0,0.0
2026-01-02 00:00:00-05:00,661.5499631466852,663.2070415689074,642.3542224297569,649.2518920898438,13726500,0.0,0.0
2026-01-05 00:00:00-05:00,649.8508280292294,663.3567049684374,646.5966230035071,657.616943359375,12213700,0.0,0.0
2026-01-06 00:00:00-05:00,658.3956073528642,664.3350252422523,650.7392812609531,659.4437255859375,11074400,0.0,0.0
2026-01-07 00:00:00-05:00,654.4726104611178,657.9763704555172,643.6618768302103,647.5349731445312,12846300,0.0,0.0
2026-01-08 00:00:00-05:00,644.7299347572825,645.9477331499952,634.5879917891143,644.9096069335938,11921700,0.0,0.0
2026-01-09 00:00:00-05:00,644.2906685217797,653.7837438291153,641.7052537227476,651.8970947265625,11634900,0.0,0.0
2026-01-12 00:00:00-05:00,651.3681600668523,652.8055375702352,640.0882316599212,640.826904296875,14797200,0.0,0.0
2026-01-13 00:00:00-05:00,641.1263941859123,641.1263941859123,622.9887038024194,629.96630859375,18030400,0.0,0.0
2026-01-14 00:00:00-05:00,625.3844405077801,627.3309804807691,613.7252454803604,614.4240112304688,15527900,0.0,0.0
2026-01-15 00:00:00-05:00,617.378703801015,623.0585745209008,613.1362714280776,619.694580078125,13076100,0.0,0.0
2026-01-16 00:00:00-05:00,623.0685636897582,627.9598630097294,618.9758886129073,619.1455688476562,17012500,0.0,0.0
2026-01-20 00:00:00-05:00,606.7976262932837,610.3113781504126,598.9316523845154,603.0443115234375,15169600,0.0,0.0
2026-01-21 00:00:00-05:00,605.659634898437,617.169133937088,599.0115204374271,611.8685913085938,14494700,0.0,0.0
2026-01-22 00:00:00-05:00,628.2293275614567,659.3937675491238,625.4343255489129,646.476806640625,21394700,0.0,0.0
2026-01-23 00:00:00-05:00,643.6219561683764,665.3032527677875,643.3025186421843,657.5870361328125,22797700,0.0,0.0
2026-01-26 00:00:00-05:00,663.9456740004919,674.0776252750454,660.1124846991261,671.1627807617188,16327400,0.0,0.0
2026-01-27 00:00:00-05:00,673.3888389297905,675.6148486525956,663.4764668627315,671.7716674804688,13297400,0.0,0.0
2026-01-28 00:00:00-05:00,673.2989910894674,676.4733214975852,664.9139236867763,667.5392456054688,25709600,0.0,0.0
2026-01-29 00:00:00-05:00,736.1169233837337,742.6752321400184,711.2812198864386,736.995361328125,59852900,0.0,0.0
2026-01-30 00:00:00-05:00,726.2045952530067,730.8662626744616,712.3193905555435,715.2241821289062,23744600,0.0,0.0
2026-02-02 00:00:00-05:00,713.3275184694113,720.0156002559207,702.2672920108814,705.152099609375,14365200,0.0,0.0
2026-02-03 00:00:00-05:00,706.1104025957663,715.7232596178901,685.1877035052055,690.4683227539062,13760700,0.0,0.0
2026-02-04 00:00:00-05:00,686.5053883494637,687.603466213174,666.2715231343633,667.7987670898438,16882800,0.0,0.0
2026-02-05 00:00:00-05:00,662.3984025060512,680.2864759062725,652.3363345630947,669.0166015625,17131800,0.0,0.0
2026-02-06 00:00:00-05:00,664.3050190645899,670.7934451675868,645.3488423980709,660.2822265625,18159300,0.0,0.0
2026-02-09 00:00:00-05:00,661.9991209626965,682.0932819515241,657.6069922476072,676.0140991210938,14837500,0.0,0.0
2026-02-10 00:00:00-05:00,676.3934502400131,679.4380681924739,668.597359057372,669.5256958007812,10455800,0.0,0.0
2026-02-11 00:00:00-05:00,672.7998711552045,678.0605068549233,655.9299390360635,667.4993286132812,14323800,0.0,0.0
2026-02-12 00:00:00-05:00,668.7770306530766,674.7963229561075,644.1310518439949,648.6529541015625,14960100,0.0,0.0
2026-02-13 00:00:00-05:00,643.9513250294082,650.2700710327099,633.4401061931457,638.630859375,12336400,0.0,0.0
2026-02-17 00:00:00-05:00,638.3612593202278,641.4557148619026,627.6803003409905,638.151611328125,12674700,0.0,0.0
2026-02-18 00:00:00-05:00,632.67143641335,643.8515057528024,627.0315334227189,642.0746459960938,14649200,0.0,0.0
2026-02-19 00:00:00-05:00,637.432932921519,646.0375787806976,635.5861905818066,643.6318969726562,10035700,0.0,0.0
2026-02-20 00:00:00-05:00,638.5509584025834,662.1688021543367,637.6426055733327,654.4924926757812,14183500,0.0,0.0
2026-02-23 00:00:00-05:00,651.3780476889771,656.5288937722072,634.8675211939732,636.1152954101562,8605900,0.0,0.0
2026-02-24 00:00:00-05:00,631.9527259539814,639.9683956881865,627.8599900449855,638.16162109375,10135600,0.0,0.0
2026-02-25 00:00:00-05:00,641.3859599741169,652.7157261405878,640.9966397738364,652.5260620117188,11330700,0.0,0.0
2026-02-26 00:00:00-05:00,649.3916295582877,659.823034651462,646.3470725216666,655.8401489257812,10637700,0.0,0.0
2026-02-27 00:00:00-05:00,642.3043203814821,648.2836451675449,636.983793627941,647.02587890625,15703000,0.0,0.0
2026-03-02 00:00:00-05:00,636.0254184162494,658.764884603327,633.3701817354564,652.396240234375,9816100,0.0,0.0
2026-03-03 00:00:00-05:00,647.1356255764312,657.866484005116,637.7025010942567,653.91357421875,12263800,0.0,0.0
2026-03-04 00:00:00-05:00,656.788453587829,671.5720803574089,656.4989309709863,666.541015625,10810100,0.0,0.0
2026-03-05 00:00:00-05:00,660.751362594833,669.5057662619517,649.1520579976961,659.393798828125,13341400,0.0,0.0
2026-03-06 00:00:00-05:00,646.7463568472266,648.3135076492586,634.9773114336934,643.7117309570312,13159400,0.0,0.0
2026-03-09 00:00:00-04:00,633.6497720389343,646.596649067328,625.6640164348609,646.2373046875,13489700,0.0,0.0
2026-03-10 00:00:00-04:00,652.3962328583322,659.1242214972237,647.8443550809549,652.9053344726562,9859300,0.0,0.0
2026-03-11 00:00:00-04:00,653.5941111270305,657.9463328691638,647.2054829186618,653.6939086914062,8977200,0.0,0.0
2026-03-12 00:00:00-04:00,647.5948263527883,652.336368433984,635.7659510050273,637.0436401367188,11617500,0.0,0.0
2026-03-13 00:00:00-04:00,622.7790526456299,628.0496188589474,608.4645611002024,612.6171875,18957600,0.0,0.0
2026-03-16 00:00:00-04:00,631.4147932406764,634.1622468505053,622.5230098937741,626.8690185546875,15134900,0.525,0.0
2026-03-17 00:00:00-04:00,627.4085169382369,635.9605885584036,621.1243629754691,622.0834350585938,10348800,0.0,0.0
2026-03-18 00:00:00-04:00,615.769347359454,622.0735023862151,614.04090772979,615.1099243164062,11726300,0.0,0.0
2026-03-19 00:00:00-04:00,611.5832104537112,612.4323990135786,601.7023533616688,606.1382446289062,13247700,0.0,0.0
2026-03-20 00:00:00-04:00,602.9712077810872,603.400802317344,586.7062525156723,593.1102905273438,21214900,0.0,0.0
2026-03-23 00:00:00-04:00,605.2290499891692,608.0764476338709,598.4553596033379,603.5006713867188,13638000,0.0,0.0
2026-03-24 00:00:00-04:00,598.5452420228083,600.443507118967,590.4527665679026,592.3709716796875,10739700,0.0,0.0
2026-03-25 00:00:00-04:00,598.1855830392399,603.1110107561809,592.850561795072,594.3391723632812,12585000,0.0,0.0
2026-03-26 00:00:00-04:00,581.9506076701073,582.460145169462,542.8468364624507,547.032958984375,35780100,0.0,0.0
2026-03-27 00:00:00-04:00,539.599843303006,543.0966023049141,519.7782492802263,525.233154296875,30133000,0.0,0.0
2026-03-30 00:00:00-04:00,535.8833618164062,539.0504095872608,528.0505941707193,535.8833618164062,22795200,0.0,0.0
2026-03-31 00:00:00-04:00,549.4707059552647,573.1587727471259,546.2637174010383,571.6002197265625,32898300,0.0,0.0
2026-04-01 00:00:00-04:00,579.5928556215499,592.0013387220274,573.2887005646345,578.6936645507812,23608100,0.0,0.0
2026-04-02 00:00:00-04:00,565.5158531822124,577.9643377947169,559.1817578546791,573.9281005859375,13518500,0.0,0.0
2026-04-06 00:00:00-04:00,577.1550997330287,582.2503530791108,571.4703658572956,572.4894409179688,9515700,0.0,0.0
2026-04-07 00:00:00-04:00,571.9498894780604,574.6973431004155,564.2370671243236,574.5175170898438,9580800,0.0,0.0
2026-04-08 00:00:00-04:00,605.4388670235439,629.3667024291958,591.2820049792073,611.8529052734375,32036600,0.0,0.0
2026-04-09 00:00:00-04:00,626.3894374266143,636.9097166035551,622.4231426572783,627.8081665039062,19012900,0.0,0.0
2026-04-10 00:00:00-04:00,633.882449891805,637.9886903650855,623.7518859014353,629.2767333984375,13294800,0.0,0.0
2026-04-13 00:00:00-04:00,628.9171329935918,634.4120404303904,623.8218795800174,633.9425048828125,9538900,0.0,0.0
2026-04-14 00:00:00-04:00,642.624350345733,665.6430543798978,638.7779398291946,661.8765258789062,17818000,0.0,0.0
2026-04-15 00:00:00-04:00,666.3824145357423,677.8717665104965,663.6049593103575,670.9581909179688,14952600,0.0,0.0
2026-04-16 00:00:00-04:00,675.3640350842893,676.9525896021297,667.131674939706,676.2432250976562,9544800,0.0,0.0
2026-04-17 00:00:00-04:00,677.9716157075654,690.8796961433965,674.5048580761284,687.9124145507812,16283500,0.0,0.0
2026-04-20 00:00:00-04:00,680.7290935491282,682.7472426832454,667.381478611767,670.2887573242188,12534000,0.0,0.0
2026-04-21 00:00:00-04:00,670.3786762058809,675.5738733736962,666.7120915784461,668.220703125,8660100,0.0,0.0
2026-04-22 00:00:00-04:00,673.7355628200382,677.7518600207422,669.1298460769134,674.09521484375,9215600,0.0,0.0
2026-04-23 00:00:00-04:00,663.0854475032797,668.9400066983026,652.4452846667049,658.5396728515625,11667000,0.0,0.0
2026-04-24 00:00:00-04:00,659.7085674039201,680.0396994180859,653.2345872360809,674.4049682617188,13348300,0.0,0.0
2026-04-27 00:00:00-04:00,670.3786986745525,681.8680504402118,670.2188736545023,677.9916381835938,12805200,0.0,0.0
2026-04-28 00:00:00-04:00,673.6156618787633,677.5520159823654,665.0136491453696,670.7183837890625,10606800,0.0,0.0
2026-04-29 00:00:00-04:00,668.290599742094,673.6256820299297,663.1953464496755,668.5004272460938,18947500,0.0,0.0
2026-04-30 00:00:00-04:00,618.7465567527638,620.2751083620838,599.4444385151393,611.3433837890625,52765000,0.0,0.0
2026-05-01 00:00:00-04:00,614.120842749119,618.3069655430758,605.548770151405,608.1863403320312,21404000,0.0,0.0
2026-05-04 00:00:00-04:00,607.3771038685389,613.4314904063681,602.1919069095087,609.8447875976562,16203900,0.0,0.0
2026-05-05 00:00:00-04:00,612.7420849871345,613.7811000159977,599.8040642277598,604.3998413085938,17171300,0.0,0.0
2026-05-06 00:00:00-04:00,600.4934370812971,619.3759607512419,597.5461564796674,612.3125,19915500,0.0,0.0
2026-05-07 00:00:00-04:00,614.150739078972,624.4012480600104,612.9718390781961,616.2388305664062,12307400,0.0,0.0
2026-05-08 00:00:00-04:00,614.6303402495529,616.1988937552933,605.4987892063378,609.0654907226562,13557000,0.0,0.0
2026-05-11 00:00:00-04:00,604.010215830275,604.3498668649182,597.5262348938886,598.3054809570312,15940600,0.0,0.0
2026-05-12 00:00:00-04:00,594.2692320029287,603.1909559259367,592.0512559095129,602.441650390625,11351600,0.0,0.0
2026-05-13 00:00:00-04:00,598.275515544453,619.3260125714435,596.1074810052941,616.0590209960938,14634400,0.0,0.0
2026-05-14 00:00:00-04:00,615.429618202359,623.152441138389,614.4305441468357,617.8573608398438,10651200,0.0,0.0
2026-05-15 00:00:00-04:00,613.421486859321,620.6248329546977,608.7458274653094,613.6612548828125,13272600,0.0,0.0
2026-05-18 00:00:00-04:00,608.5459509764945,615.0199919776213,603.1309869574205,610.64404296875,13772400,0.0,0.0
2026-05-19 00:00:00-04:00,608.3561568042173,613.361527578881,599.9939118379299,602.052001953125,11749900,0.0,0.0
2026-05-20 00:00:00-04:00,600.2037495434126,607.4370360716302,597.2564688338498,604.499755859375,11329700,0.0,0.0
2026-05-21 00:00:00-04:00,599.4443949814065,609.0354809096541,594.2591985256718,606.8175659179688,13476100,0.0,0.0
2026-05-22 00:00:00-04:00,607.3171451453314,614.2407210713809,606.3880135859368,609.6949462890625,11688600,0.0,0.0
2026-05-26 00:00:00-04:00,608.3261927003538,613.9009818092591,604.7394901495815,611.7730102539062,12234200,0.0,0.0
2026-05-27 00:00:00-04:00,608.8357727220844,637.908804248614,608.4361186960156,634.6718139648438,23143600,0.0,0.0
2026-05-28 00:00:00-04:00,638.9078448274123,642.4046039468743,628.7272779804616,634.7017211914062,16772400,0.0,0.0
2026-05-29 00:00:00-04:00,632.9133899267435,633.9124639439917,622.7727642602187,631.92431640625,19806500,0.0,0.0
2026-06-01 00:00:00-04:00,629.8162791560948,635.1613007084701,598.974869401479,599.9139404296875,29138800,0.0,0.0
2026-06-02 00:00:00-04:00,602.68138962268,608.3161816139932,596.1274666259658,597.0765991210938,18252000,0.0,0.0
2026-06-03 00:00:00-04:00,602.4416570391962,623.5720977596394,599.7142043737263,622.4031372070312,23020100,0.0,0.0
2026-06-04 00:00:00-04:00,623.0924785224576,641.8051764288737,621.8536364911718,626.9888916015625,21469200,0.0,0.0
2026-06-05 00:00:00-04:00,622.8827460758752,628.567480013855,582.3702434655938,592.450927734375,30091600,0.0,0.0
2026-06-08 00:00:00-04:00,591.4518261333767,591.4518261333767,578.6836307521693,584.8479614257812,19512400,0.0,0.0
2026-06-09 00:00:00-04:00,590.4527436689563,597.0766092757164,580.4720040020986,584.0487060546875,16977400,0.0,0.0
2026-06-10 00:00:00-04:00,580.192266144374,590.7724873942649,570.0716409197756,570.4512939453125,17064000,0.0,0.0
2026-06-11 00:00:00-04:00,565.3060574843756,571.6401524850257,556.4942175026772,567.9036254882812,17628000,0.0,0.0
2026-06-12 00:00:00-04:00,572.4194595335534,575.5365655300229,560.3806300495169,566.4549560546875,14326400,0.0,0.0
2026-06-15 00:00:00-04:00,579.9000244140625,601.27001953125,579.2999877929688,593.47998046875,17653300,0.525,0.0
2026-06-16 00:00:00-04:00,593.6500244140625,605.8099975585938,592.0,600.2100219726562,11344400,0.0,0.0
2026-06-17 00:00:00-04:00,592.0,593.8099975585938,566.1900024414062,567.5800170898438,20478300,0.0,0.0
2026-06-18 00:00:00-04:00,572.8200073242188,580.219970703125,563.0999755859375,577.219970703125,28824600,0.0,0.0
2026-06-22 00:00:00-04:00,572.02001953125,575.8099975585938,559.8099975585938,563.8499755859375,15405500,0.0,0.0
2026-06-23 00:00:00-04:00,562.25,572.2000122070312,561.02001953125,562.2000122070312,13103300,0.0,0.0
2026-06-24 00:00:00-04:00,561.8900146484375,569.0399780273438,555.5499877929688,557.6699829101562,13963600,0.0,0.0
2026-06-25 00:00:00-04:00,555.5499877929688,556.3400268554688,540.1799926757812,542.8699951171875,16968600,0.0,0.0
2026-06-26 00:00:00-04:00,543.3400268554688,556.8499755859375,540.4000244140625,550.25,18867700,0.0,0.0
2026-06-29 00:00:00-04:00,560.0,570.9000244140625,558.0,562.5999755859375,15011400,0.0,0.0
2026-06-30 00:00:00-04:00,560.9400024414062,565.5399780273438,551.4299926757812,563.2899780273438,18111100,0.0,0.0
2026-07-01 00:00:00-04:00,607.9099731445312,628.280029296875,595.0999755859375,612.9099731445312,45536300,0.0,0.0
2026-07-02 00:00:00-04:00,607.9000244140625,610.0,580.4199829101562,582.9000244140625,21705900,0.0,0.0
2026-07-06 00:00:00-04:00,594.8400268554688,603.5800170898438,581.760009765625,600.2899780273438,17674100,0.0,0.0
2026-07-07 00:00:00-04:00,607.5900268554688,625.3699951171875,603.6599731445312,615.5800170898438,18560800,0.0,0.0
2026-07-08 00:00:00-04:00,614.3900146484375,616.0,598.010009765625,603.1199951171875,13606500,0.0,0.0
2026-07-09 00:00:00-04:00,583.989990234375,633.27001953125,577.0700073242188,631.47998046875,26579700,0.0,0.0
2026-07-10 00:00:00-04:00,660.3400268554688,677.8599853515625,658.010009765625,669.2100219726562,40608900,0.0,0.0
2026-07-13 00:00:00-04:00,661.3800048828125,676.6199951171875,654.2000122070312,656.72998046875,19840700,0.0,0.0
2026-07-14 00:00:00-04:00,652.0,666.5,649.0499877929688,661.0399780273438,16748200,0.0,0.0
2026-07-15 00:00:00-04:00,663.5999755859375,686.0800170898438,656.6599731445312,681.3099975585938,19003400,0.0,0.0
2026-07-16 00:00:00-04:00,677.280029296875,681.9000244140625,660.1599731445312,664.5399780273438,15816000,0.0,0.0
2026-07-17 00:00:00-04:00,647.7000122070312,652.2000122070312,626.0,646.010009765625,22267900,0.0,0.0
2026-07-20 00:00:00-04:00,646.7000122070312,653.2999877929688,636.010009765625,645.8499755859375,10225200,0.0,0.0
2026-07-21 00:00:00-04:00,654.1799926757812,655.8800048828125,643.2000122070312,643.8099975585938,9140500,0.0,0.0
2026-07-22 00:00:00-04:00,647.7000122070312,649.0,624.0,627.1699829101562,11019600,0.0,0.0
2026-07-23 00:00:00-04:00,608.4099731445312,614.6500244140625,597.219970703125,606.0999755859375,15494800,0.0,0.0
2026-07-24 00:00:00-04:00,605.2999877929688,609.97998046875,594.4500122070312,595.1900024414062,11503500,0.0,0.0
2026-07-27 00:00:00-04:00,607.219970703125,611.260009765625,593.1300048828125,593.8699951171875,11195300,0.0,0.0
2026-07-28 00:00:00-04:00,596.8200073242188,601.0,587.0,593.4099731445312,12009300,0.0,0.0
2026-07-29 00:00:00-04:00,593.25,599.969970703125,582.219970703125,585.6099853515625,22371100,0.0,0.0
2026-07-30 00:00:00-04:00,526.0,539.8800048828125,524.489990234375,539.030029296875,42271500,0.0,0.0
2026-07-31 00:00:00-04:00,543.5999755859375,558.3300170898438,540.219970703125,556.7100219726562,24261500,0.0,0.0
2026-08-03 00:00:00-04:00,562.239990234375,597.52001953125,559.3599853515625,590.239990234375,25938100,0.0,0.0
2026-08-04 00:00:00-04:00,581.5,592.7899780273438,578.25,587.9400024414062,17959200,0.0,0.0
2026-08-05 00:00:00-04:00,600.4600219726562,601.0,580.1199951171875,588.77001953125,14897200,0.0,0.0
2026-08-06 00:00:00-04:00,586.9500122070312,595.3099975585938,586.0,589.9000244140625,11811500,0.0,0.0
2026-08-07 00:00:00-04:00,585.6400146484375,598.739990234375,585.6199951171875,592.0999755859375,11250300,0.0,0.0
2026-08-10 00:00:00-04:00,599.1300048828125,608.2100219726562,592.030029296875,594.9199829101562,14967300,0.0,0.0
2026-08-11 00:00:00-04:00,598.0,612.4299926757812,593.4000244140625,599.1199951171875,13146900,0.0,0.0
2026-08-12 00:00:00-04:00,601.0700073242188,604.5,578.2100219726562,578.8499755859375,16186900,0.0,0.0
2026-08-13 00:00:00-04:00,580.7100219726562,595.8499755859375,579.4299926757812,594.969970703125,10913215,0.0,0.0
